seed,pca_x,reg,k,protocol,eer,auc
1,128,0.01,4,no_gender,22.866666666666667,84.83786666666666
1,128,0.01,4,gender,33.833333333333336,72.58981111111112
1,128,0.01,8,no_gender,25.283333333333335,82.5763
1,128,0.01,8,gender,34.833333333333336,71.57587777777779
1,128,0.01,16,no_gender,29.900000000000006,76.89603333333335
1,128,0.01,16,gender,38.083333333333336,67.32296666666667
1,128,0.01,24,no_gender,29.95,76.80767777777777
1,128,0.01,24,gender,35.266666666666666,69.82893333333332
1,128,0.01,32,no_gender,29.966666666666665,75.30271111111111
1,128,0.01,32,gender,34.31666666666667,70.1869
1,128,0.01,48,no_gender,30.633333333333333,74.79948888888889
1,128,0.01,48,gender,32.53333333333334,72.27983333333331
1,128,0.01,64,no_gender,38.83333333333333,64.93614444444444
1,128,0.01,64,gender,40.96666666666666,62.4457111111111
1,128,0.1,4,no_gender,22.93333333333333,85.21936666666667
1,128,0.1,4,gender,33.06666666666666,73.92430000000002
1,128,0.1,8,no_gender,24.866666666666664,82.65346666666667
1,128,0.1,8,gender,34.43333333333333,72.08688888888888
1,128,0.1,16,no_gender,29.533333333333335,77.03608888888888
1,128,0.1,16,gender,37.916666666666664,67.815
1,128,0.1,24,no_gender,30.033333333333335,76.45701111111111
1,128,0.1,24,gender,36.03333333333333,69.25986666666665
1,128,0.1,32,no_gender,29.800000000000004,76.43681111111111
1,128,0.1,32,gender,33.28333333333333,71.56935555555555
1,128,0.1,48,no_gender,30.566666666666663,75.10882222222223
1,128,0.1,48,gender,32.1,72.84700000000001
1,128,0.1,64,no_gender,37.83333333333333,66.77448888888888
1,128,0.1,64,gender,39.61666666666667,64.354
1,128,1.0,4,no_gender,24.416666666666668,83.59207777777777
1,128,1.0,4,gender,32.4,74.13523333333333
1,128,1.0,8,no_gender,26.85,80.57825555555556
1,128,1.0,8,gender,36.46666666666667,69.55555555555554
1,128,1.0,16,no_gender,30.683333333333334,76.38461111111111
1,128,1.0,16,gender,37.583333333333336,67.33694444444444
1,128,1.0,24,no_gender,30.11666666666667,76.26233333333332
1,128,1.0,24,gender,36.18333333333334,68.63034444444445
1,128,1.0,32,no_gender,29.600000000000005,76.56366666666668
1,128,1.0,32,gender,33.03333333333334,72.048
1,128,1.0,48,no_gender,31.85,73.80222222222223
1,128,1.0,48,gender,33.56666666666667,71.37547777777777
1,128,1.0,64,no_gender,34.9,70.31263333333334
1,128,1.0,64,gender,36.1,68.68838888888888
1,128,10.0,4,no_gender,26.216666666666665,81.03213333333333
1,128,10.0,4,gender,33.43333333333334,71.61252222222222
1,128,10.0,8,no_gender,26.283333333333335,81.51145555555556
1,128,10.0,8,gender,34.8,71.60555555555554
1,128,10.0,16,no_gender,30.733333333333334,76.42326666666668
1,128,10.0,16,gender,37.88333333333333,67.28492222222222
1,128,10.0,24,no_gender,29.633333333333333,76.78594444444444
1,128,10.0,24,gender,36.0,68.8364111111111
1,128,10.0,32,no_gender,29.733333333333334,77.1176111111111
1,128,10.0,32,gender,33.85,71.35514444444446
1,128,10.0,48,no_gender,31.73333333333333,74.62745555555556
1,128,10.0,48,gender,34.483333333333334,70.7937888888889
1,128,10.0,64,no_gender,32.81666666666666,73.00404444444443
1,128,10.0,64,gender,35.03333333333334,70.05763333333334
1,256,0.01,4,no_gender,23.166666666666664,84.80702222222223
1,256,0.01,4,gender,33.58333333333333,72.53755555555554
1,256,0.01,8,no_gender,24.26666666666667,83.30936666666668
1,256,0.01,8,gender,33.43333333333334,72.61745555555557
1,256,0.01,16,no_gender,28.53333333333333,77.75952222222222
1,256,0.01,16,gender,36.83333333333333,68.12427777777778
1,256,0.01,24,no_gender,28.95,77.47514444444445
1,256,0.01,24,gender,34.66666666666667,70.22374444444445
1,256,0.01,32,no_gender,29.549999999999997,76.02547777777777
1,256,0.01,32,gender,34.03333333333334,70.52066666666667
1,256,0.01,48,no_gender,32.13333333333333,73.7926
1,256,0.01,48,gender,35.03333333333334,70.06658888888889
1,256,0.01,64,no_gender,35.333333333333336,69.81212222222223
1,256,0.01,64,gender,37.25000000000001,67.04071111111112
1,256,0.1,4,no_gender,23.03333333333333,84.85556666666668
1,256,0.1,4,gender,32.51666666666667,73.88047777777777
1,256,0.1,8,no_gender,23.950000000000003,83.69705555555554
1,256,0.1,8,gender,33.116666666666674,73.43295555555555
1,256,0.1,16,no_gender,27.483333333333338,79.2790111111111
1,256,0.1,16,gender,35.38333333333333,70.63553333333334
1,256,0.1,24,no_gender,29.25,77.48041111111111
1,256,0.1,24,gender,35.266666666666666,70.25536666666667
1,256,0.1,32,no_gender,28.96666666666666,76.89911111111113
1,256,0.1,32,gender,34.0,71.6202111111111
1,256,0.1,48,no_gender,31.35,74.54721111111111
1,256,0.1,48,gender,34.099999999999994,70.99253333333334
1,256,0.1,64,no_gender,35.06666666666667,70.85600000000001
1,256,0.1,64,gender,36.81666666666666,67.93363333333333
1,256,1.0,4,no_gender,25.23333333333333,82.56342222222223
1,256,1.0,4,gender,33.63333333333334,72.82204444444444
1,256,1.0,8,no_gender,24.533333333333328,82.8189111111111
1,256,1.0,8,gender,32.85,72.95164444444444
1,256,1.0,16,no_gender,28.566666666666663,78.10164444444445
1,256,1.0,16,gender,35.983333333333334,69.84694444444443
1,256,1.0,24,no_gender,29.533333333333335,77.09996666666666
1,256,1.0,24,gender,34.416666666666664,70.36061111111111
1,256,1.0,32,no_gender,29.633333333333333,76.82317777777777
1,256,1.0,32,gender,33.599999999999994,72.43148888888888
1,256,1.0,48,no_gender,31.25,74.95731111111111
1,256,1.0,48,gender,33.96666666666667,71.53357777777778
1,256,1.0,64,no_gender,34.18333333333333,71.39012222222223
1,256,1.0,64,gender,37.3,67.78774444444444
1,256,10.0,4,no_gender,26.416666666666664,80.49517777777778
1,256,10.0,4,gender,33.86666666666667,70.65175555555555
1,256,10.0,8,no_gender,25.283333333333335,82.38954444444444
1,256,10.0,8,gender,32.96666666666667,73.20027777777779
1,256,10.0,16,no_gender,29.333333333333332,77.50054444444446
1,256,10.0,16,gender,36.0,69.18445555555556
1,256,10.0,24,no_gender,28.449999999999996,78.32676666666666
1,256,10.0,24,gender,34.06666666666667,71.23668888888889
1,256,10.0,32,no_gender,28.51666666666667,78.50728888888888
1,256,10.0,32,gender,32.51666666666667,73.13602222222222
1,256,10.0,48,no_gender,29.266666666666662,77.07456666666667
1,256,10.0,48,gender,32.56666666666666,72.78472222222221
1,256,10.0,64,no_gender,30.98333333333333,74.93256666666667
1,256,10.0,64,gender,34.599999999999994,70.55636666666668
2,128,0.01,4,no_gender,26.283333333333335,81.20085555555553
2,128,0.01,4,gender,41.800000000000004,61.704066666666655
2,128,0.01,8,no_gender,25.8,81.61683333333333
2,128,0.01,8,gender,41.06666666666666,63.41265555555555
2,128,0.01,16,no_gender,31.666666666666664,75.19853333333333
2,128,0.01,16,gender,42.233333333333334,62.644444444444446
2,128,0.01,24,no_gender,31.433333333333337,74.4969
2,128,0.01,24,gender,38.7,65.81015555555555
2,128,0.01,32,no_gender,30.51666666666667,76.03417777777778
2,128,0.01,32,gender,37.1,67.73053333333334
2,128,0.01,48,no_gender,37.1,68.32882222222223
2,128,0.01,48,gender,42.516666666666666,62.32377777777778
2,128,0.01,64,no_gender,42.36666666666666,62.10123333333334
2,128,0.01,64,gender,45.93333333333334,57.48934444444445
2,128,0.1,4,no_gender,25.53333333333333,82.28314444444445
2,128,0.1,4,gender,41.0,63.10234444444445
2,128,0.1,8,no_gender,25.683333333333337,81.78867777777778
2,128,0.1,8,gender,41.166666666666664,63.86172222222223
2,128,0.1,16,no_gender,31.05,76.36908888888888
2,128,0.1,16,gender,41.91666666666667,63.179722222222225
2,128,0.1,24,no_gender,31.466666666666665,74.30858888888888
2,128,0.1,24,gender,38.9,65.27596666666666
2,128,0.1,32,no_gender,30.600000000000005,75.90407777777779
2,128,0.1,32,gender,39.2,66.53201111111112
2,128,0.1,48,no_gender,37.016666666666666,68.0429
2,128,0.1,48,gender,42.300000000000004,61.994211111111106
2,128,0.1,64,no_gender,40.38333333333333,63.748777777777775
2,128,0.1,64,gender,43.93333333333334,59.866544444444436
2,128,1.0,4,no_gender,24.433333333333334,83.75115555555554
2,128,1.0,4,gender,39.06666666666667,66.29823333333333
2,128,1.0,8,no_gender,27.616666666666667,80.33966666666666
2,128,1.0,8,gender,41.91666666666667,63.30435555555556
2,128,1.0,16,no_gender,29.533333333333335,78.62982222222222
2,128,1.0,16,gender,40.21666666666667,65.3454111111111
2,128,1.0,24,no_gender,30.883333333333336,75.6656
2,128,1.0,24,gender,38.4,66.28873333333334
2,128,1.0,32,no_gender,30.333333333333336,76.96093333333334
2,128,1.0,32,gender,38.11666666666667,67.47697777777778
2,128,1.0,48,no_gender,36.633333333333326,69.06294444444444
2,128,1.0,48,gender,41.733333333333334,62.822744444444446
2,128,1.0,64,no_gender,39.349999999999994,65.54116666666667
2,128,1.0,64,gender,42.733333333333334,61.34704444444444
2,128,10.0,4,no_gender,27.800000000000004,80.49676666666666
2,128,10.0,4,gender,41.1,63.579744444444444
2,128,10.0,8,no_gender,28.349999999999998,80.06482222222222
2,128,10.0,8,gender,40.05,64.86217777777777
2,128,10.0,16,no_gender,29.349999999999998,79.70132222222223
2,128,10.0,16,gender,39.76666666666666,66.53508888888888
2,128,10.0,24,no_gender,30.01666666666667,77.66104444444444
2,128,10.0,24,gender,37.75,67.42322222222222
2,128,10.0,32,no_gender,28.933333333333334,78.4443
2,128,10.0,32,gender,36.96666666666667,68.625
2,128,10.0,48,no_gender,33.46666666666667,73.02637777777778
2,128,10.0,48,gender,39.24999999999999,65.42006666666667
2,128,10.0,64,no_gender,35.8,69.6086111111111
2,128,10.0,64,gender,41.38333333333334,63.216688888888896
2,256,0.01,4,no_gender,26.1,81.20620000000001
2,256,0.01,4,gender,41.833333333333336,62.17104444444445
2,256,0.01,8,no_gender,24.65,82.5440888888889
2,256,0.01,8,gender,39.666666666666664,64.86695555555555
2,256,0.01,16,no_gender,33.050000000000004,74.53516666666667
2,256,0.01,16,gender,41.63333333333333,63.09652222222222
2,256,0.01,24,no_gender,32.199999999999996,74.09448888888889
2,256,0.01,24,gender,38.13333333333333,66.44565555555555
2,256,0.01,32,no_gender,31.433333333333337,74.95375555555555
2,256,0.01,32,gender,39.6,65.91916666666667
2,256,0.01,48,no_gender,35.66666666666667,70.85390000000001
2,256,0.01,48,gender,40.63333333333333,64.91956666666667
2,256,0.01,64,no_gender,40.28333333333333,65.26444444444445
2,256,0.01,64,gender,42.800000000000004,61.433388888888885
2,256,0.1,4,no_gender,25.06666666666667,82.64904444444444
2,256,0.1,4,gender,40.53333333333333,64.39876666666667
2,256,0.1,8,no_gender,25.466666666666672,82.58105555555557
2,256,0.1,8,gender,39.800000000000004,65.24385555555556
2,256,0.1,16,no_gender,31.533333333333335,75.8771
2,256,0.1,16,gender,41.733333333333334,63.90614444444444
2,256,0.1,24,no_gender,31.58333333333333,74.98886666666667
2,256,0.1,24,gender,39.016666666666666,66.62101111111112
2,256,0.1,32,no_gender,31.68333333333333,74.82346666666666
2,256,0.1,32,gender,40.416666666666664,65.6326
2,256,0.1,48,no_gender,34.766666666666666,71.43588888888888
2,256,0.1,48,gender,40.33333333333333,65.38088888888889
2,256,0.1,64,no_gender,40.766666666666666,64.07942222222222
2,256,0.1,64,gender,43.91666666666667,60.195455555555554
2,256,1.0,4,no_gender,24.099999999999998,84.13836666666667
2,256,1.0,4,gender,38.6,67.67894444444444
2,256,1.0,8,no_gender,27.3,80.69355555555555
2,256,1.0,8,gender,40.1,65.46962222222223
2,256,1.0,16,no_gender,28.616666666666667,78.92627777777777
2,256,1.0,16,gender,39.666666666666664,66.85365555555555
2,256,1.0,24,no_gender,30.15,77.17657777777778
2,256,1.0,24,gender,37.73333333333333,67.88136666666666
2,256,1.0,32,no_gender,31.35,75.86104444444445
2,256,1.0,32,gender,39.16666666666667,66.22095555555556
2,256,1.0,48,no_gender,34.599999999999994,71.47931111111112
2,256,1.0,48,gender,40.449999999999996,65.1660888888889
2,256,1.0,64,no_gender,38.96666666666667,66.05076666666666
2,256,1.0,64,gender,43.05,61.13261111111111
2,256,10.0,4,no_gender,28.049999999999997,80.14587777777777
2,256,10.0,4,gender,40.78333333333334,63.33862222222222
2,256,10.0,8,no_gender,28.65,79.79082222222222
2,256,10.0,8,gender,40.03333333333333,65.11422222222222
2,256,10.0,16,no_gender,27.349999999999998,81.53314444444445
2,256,10.0,16,gender,37.38333333333333,68.83078888888889
2,256,10.0,24,no_gender,28.749999999999996,78.80552222222222
2,256,10.0,24,gender,37.21666666666666,68.37505555555556
2,256,10.0,32,no_gender,29.900000000000006,77.40591111111111
2,256,10.0,32,gender,38.2,67.18593333333334
2,256,10.0,48,no_gender,32.099999999999994,74.66816666666666
2,256,10.0,48,gender,38.916666666666664,66.78707777777778
2,256,10.0,64,no_gender,35.83333333333333,69.45420000000001
2,256,10.0,64,gender,41.5,62.55468888888889
3,128,0.01,4,no_gender,26.833333333333332,80.68282222222221
3,128,0.01,4,gender,38.3,65.58436666666667
3,128,0.01,8,no_gender,26.833333333333332,79.74095555555556
3,128,0.01,8,gender,36.8,67.38504444444445
3,128,0.01,16,no_gender,25.16666666666667,81.9151111111111
3,128,0.01,16,gender,32.45,74.00892222222222
3,128,0.01,24,no_gender,27.633333333333333,79.73528888888889
3,128,0.01,24,gender,31.966666666666665,74.57263333333333
3,128,0.01,32,no_gender,29.95,77.04632222222223
3,128,0.01,32,gender,33.9,72.79993333333333
3,128,0.01,48,no_gender,33.766666666666666,72.07317777777777
3,128,0.01,48,gender,37.35000000000001,67.84037777777779
3,128,0.01,64,no_gender,37.68333333333334,66.18214444444443
3,128,0.01,64,gender,40.949999999999996,62.31803333333333
3,128,0.1,4,no_gender,25.916666666666664,81.39464444444445
3,128,0.1,4,gender,36.916666666666664,66.7546888888889
3,128,0.1,8,no_gender,26.316666666666666,80.42041111111111
3,128,0.1,8,gender,36.150000000000006,67.89992222222223
3,128,0.1,16,no_gender,26.200000000000003,80.87788888888889
3,128,0.1,16,gender,32.63333333333334,73.15321111111112
3,128,0.1,24,no_gender,27.700000000000003,78.84913333333333
3,128,0.1,24,gender,32.65,73.60753333333334
3,128,0.1,32,no_gender,30.55,75.28941111111112
3,128,0.1,32,gender,35.099999999999994,70.36529999999999
3,128,0.1,48,no_gender,33.4,72.02733333333333
3,128,0.1,48,gender,36.74999999999999,67.56195555555556
3,128,0.1,64,no_gender,38.88333333333334,65.07564444444445
3,128,0.1,64,gender,42.233333333333334,60.86694444444445
3,128,1.0,4,no_gender,24.18333333333333,82.61053333333332
3,128,1.0,4,gender,35.099999999999994,69.18459999999999
3,128,1.0,8,no_gender,27.116666666666667,81.0595888888889
3,128,1.0,8,gender,36.849999999999994,67.93941111111111
3,128,1.0,16,no_gender,26.266666666666673,80.21827777777779
3,128,1.0,16,gender,32.733333333333334,72.60356666666667
3,128,1.0,24,no_gender,28.53333333333333,76.70044444444444
3,128,1.0,24,gender,33.699999999999996,70.81762222222223
3,128,1.0,32,no_gender,31.333333333333336,74.41916666666667
3,128,1.0,32,gender,35.53333333333333,68.92819999999999
3,128,1.0,48,no_gender,32.233333333333334,73.3612888888889
3,128,1.0,48,gender,35.86666666666667,68.23922222222222
3,128,1.0,64,no_gender,35.81666666666666,68.57407777777777
3,128,1.0,64,gender,39.7,63.31621111111112
3,128,10.0,4,no_gender,26.03333333333333,81.6496222222222
3,128,10.0,4,gender,37.73333333333333,67.12213333333334
3,128,10.0,8,no_gender,28.51666666666667,79.372
3,128,10.0,8,gender,39.31666666666666,65.24787777777779
3,128,10.0,16,no_gender,28.300000000000004,78.38681111111111
3,128,10.0,16,gender,36.46666666666667,69.02374444444443
3,128,10.0,24,no_gender,28.03333333333333,77.09787777777777
3,128,10.0,24,gender,33.78333333333333,70.25485555555555
3,128,10.0,32,no_gender,29.866666666666664,75.70823333333333
3,128,10.0,32,gender,34.61666666666667,69.51255555555555
3,128,10.0,48,no_gender,29.300000000000004,75.92685555555555
3,128,10.0,48,gender,34.56666666666667,69.82783333333333
3,128,10.0,64,no_gender,32.550000000000004,72.33306666666667
3,128,10.0,64,gender,37.68333333333334,66.081
3,256,0.01,4,no_gender,26.200000000000003,80.7252888888889
3,256,0.01,4,gender,37.35000000000001,66.1969111111111
3,256,0.01,8,no_gender,26.266666666666673,81.73717777777779
3,256,0.01,8,gender,36.016666666666666,69.32462222222222
3,256,0.01,16,no_gender,27.516666666666666,78.6884111111111
3,256,0.01,16,gender,34.36666666666667,71.06645555555555
3,256,0.01,24,no_gender,28.71666666666667,77.14162222222221
3,256,0.01,24,gender,34.03333333333333,71.33156666666667
3,256,0.01,32,no_gender,30.25,75.61135555555556
3,256,0.01,32,gender,34.650000000000006,71.08095555555555
3,256,0.01,48,no_gender,32.833333333333336,73.07902222222222
3,256,0.01,48,gender,37.28333333333333,68.25963333333334
3,256,0.01,64,no_gender,37.25000000000001,67.8009888888889
3,256,0.01,64,gender,40.93333333333333,63.083644444444445
3,256,0.1,4,no_gender,24.8,81.82504444444444
3,256,0.1,4,gender,35.583333333333336,67.72698888888888
3,256,0.1,8,no_gender,25.26666666666667,82.70169999999999
3,256,0.1,8,gender,34.900000000000006,70.50567777777778
3,256,0.1,16,no_gender,27.566666666666663,78.57574444444444
3,256,0.1,16,gender,34.78333333333333,70.73884444444445
3,256,0.1,24,no_gender,29.200000000000003,77.08916666666667
3,256,0.1,24,gender,33.53333333333334,71.43407777777777
3,256,0.1,32,no_gender,30.466666666666665,75.18626666666668
3,256,0.1,32,gender,35.61666666666666,70.08926666666667
3,256,0.1,48,no_gender,33.5,72.38300000000001
3,256,0.1,48,gender,37.96666666666667,67.24232222222221
3,256,0.1,64,no_gender,37.03333333333333,68.26729999999999
3,256,0.1,64,gender,40.05,63.63632222222222
3,256,1.0,4,no_gender,24.46666666666667,83.20944444444444
3,256,1.0,4,gender,35.23333333333334,69.72281111111111
3,256,1.0,8,no_gender,26.383333333333336,81.93814444444443
3,256,1.0,8,gender,36.8,69.30686666666666
3,256,1.0,16,no_gender,28.51666666666667,77.47475555555556
3,256,1.0,16,gender,36.083333333333336,68.73714444444445
3,256,1.0,24,no_gender,28.483333333333338,76.93386666666666
3,256,1.0,24,gender,33.41666666666667,70.97313333333332
3,256,1.0,32,no_gender,30.11666666666667,75.63515555555556
3,256,1.0,32,gender,35.53333333333333,69.82564444444445
3,256,1.0,48,no_gender,31.55,74.86824444444444
3,256,1.0,48,gender,36.6,69.26131111111111
3,256,1.0,64,no_gender,35.78333333333333,68.65082222222223
3,256,1.0,64,gender,39.900000000000006,63.73974444444445
3,256,10.0,4,no_gender,26.116666666666667,82.14806666666667
3,256,10.0,4,gender,38.3,67.57818888888889
3,256,10.0,8,no_gender,27.349999999999998,80.40322222222223
3,256,10.0,8,gender,38.733333333333334,67.17205555555554
3,256,10.0,16,no_gender,28.95,77.8218888888889
3,256,10.0,16,gender,37.133333333333326,68.80343333333333
3,256,10.0,24,no_gender,28.1,77.19975555555556
3,256,10.0,24,gender,33.71666666666666,70.42163333333333
3,256,10.0,32,no_gender,28.783333333333328,76.83161111111112
3,256,10.0,32,gender,34.03333333333334,70.51964444444445
3,256,10.0,48,no_gender,29.71666666666667,76.37867777777778
3,256,10.0,48,gender,35.56666666666667,69.92907777777776
3,256,10.0,64,no_gender,34.4,71.05804444444445
3,256,10.0,64,gender,39.03333333333333,64.83977777777777
