seed,cfg,split,protocol,eer,auc,pos_d,neg_d,margin,cohen_d
1,cca_k32,val,no_gender,28.933333333333334,76.95558888888888,1.5964915896965892,2.000020115410761,0.40352852571417186,1.0330488003510814
1,cca_k32,val,gender,33.93333333333334,71.6673111111111,1.5964915896965892,1.9197599681854498,0.3232683784888606,0.8081318087939637
1,cca_k32,train,no_gender,0.8166666666666669,99.93735555555556,0.30948581547455006,2.0448022948327784,1.7353164793582283,7.3353561001127945
1,cca_k32,train,gender,1.0333333333333319,99.91069999999999,0.30948581547455006,2.0172732719842865,1.7077874565097364,6.7197716380564305
1,cca_k64,val,no_gender,34.93333333333334,70.90842222222223,1.7936956636112713,2.0235688189932333,0.22987315538196196,0.7819262390353282
1,cca_k64,val,gender,37.06666666666667,67.94863333333333,1.7936956636112713,1.9928578161726642,0.1991621525613929,0.6635039036062332
1,cca_k64,train,no_gender,1.8333333333333324,99.62163333333335,0.7504625468129834,2.0319277951884596,1.281465248375476,4.624542615808062
1,cca_k64,train,gender,2.100000000000001,99.58085555555557,0.7504625468129834,2.026007951443396,1.2755454046304124,4.5368793691279174
1,cca_k128,val,no_gender,44.599999999999994,57.6951,1.9459620086479084,1.9987712628514152,0.052809254203506795,0.2769419041432204
1,cca_k128,val,gender,45.93333333333334,55.79822222222223,1.9459620086479084,1.9864828535086927,0.04052084486078433,0.2104962932032241
1,cca_k128,train,no_gender,7.383333333333335,96.95453333333333,1.2974721786995354,2.01607652589265,0.7186043471931145,2.6345589389597874
1,cca_k128,train,gender,7.85,96.77510000000001,1.2974721786995354,2.012010463787074,0.7145382850875388,2.603844511499933
1,cca_k64_pca512,val,no_gender,36.3,69.22325555555555,1.8131052012614146,2.0258137848639306,0.212708583602516,0.7246345337186755
1,cca_k64_pca512,val,gender,38.23333333333333,66.5745,1.8131052012614146,1.9968557089666366,0.18375050770522194,0.6152454504023225
1,cca_k64_pca512,train,no_gender,1.850000000000001,99.69425555555556,0.7375100458974675,2.032372371926723,1.2948623260292553,4.775865553118013
1,cca_k64_pca512,train,gender,1.8833333333333362,99.66216666666666,0.7375100458974675,2.025229656515132,1.2877196106176645,4.6995743813359505
2,cca_k32,val,no_gender,31.53333333333333,74.95542222222223,1.584491503997515,2.012333523508598,0.42784201951108325,0.9636820562154575
2,cca_k32,val,gender,40.2,65.7074111111111,1.584491503997515,1.8725312191437025,0.28803971514618754,0.6239483478062132
2,cca_k32,train,no_gender,1.4166666666666654,99.57896666666666,0.32636258178657673,2.0413797894763275,1.7150172076897507,6.47261241257455
2,cca_k32,train,gender,1.7333333333333323,99.53564444444444,0.32636258178657673,2.0076124075280872,1.6812498257415105,6.028634854639857
2,cca_k64,val,no_gender,40.733333333333334,64.13315555555556,1.8307402639943908,2.010680401657343,0.17994013766295236,0.5636683474320168
2,cca_k64,val,gender,43.833333333333336,60.18717777777778,1.8307402639943908,1.9697799467687116,0.13903968277432077,0.41782290056446186
2,cca_k64,train,no_gender,2.2833333333333345,99.42994444444444,0.7567225823464065,2.0301304318834594,1.2734078495370529,4.485638275787503
2,cca_k64,train,gender,2.6333333333333306,99.362,0.7567225823464065,2.0150814797491723,1.2583588974027657,4.3849994096687
2,cca_k128,val,no_gender,43.55,59.75985555555556,1.9395778498604335,2.011552619733445,0.07197476987301155,0.36630726532552116
2,cca_k128,val,gender,44.56666666666666,58.026888888888884,1.9395778498604335,2.000150824549496,0.06057297468906242,0.301131374210105
2,cca_k128,train,no_gender,7.766666666666666,96.76703333333334,1.2936615304019996,2.0125119335815853,0.7188504031795857,2.6404522822594614
2,cca_k128,train,gender,8.266666666666666,96.58664444444445,1.2936615304019996,2.0067311282699136,0.713069597867914,2.606509042596769
2,cca_k64_pca512,val,no_gender,44.099999999999994,59.500988888888884,1.8767748971381175,2.0038569123477066,0.12708201520958906,0.3951390588498002
2,cca_k64_pca512,val,gender,45.13333333333334,58.14937777777778,1.8767748971381175,1.989946534366454,0.11317163722833645,0.34230804912930174
2,cca_k64_pca512,train,no_gender,2.2166666666666677,99.49386666666665,0.7451252711150691,2.0256649347816134,1.2805396636665443,4.610606804779046
2,cca_k64_pca512,train,gender,2.316666666666666,99.45315555555555,0.7451252711150691,2.0163791234075896,1.2712538522925205,4.5309676488127035
3,cca_k32,val,no_gender,30.45,75.32256666666667,1.600437641485037,1.9924689961841038,0.3920313546990668,0.9670538000172366
3,cca_k32,val,gender,35.53333333333333,70.21136666666666,1.600437641485037,1.9165626080705267,0.3161249665854897,0.7535129236608065
3,cca_k32,train,no_gender,0.9499999999999986,99.90030000000002,0.31050839994679647,2.0374439937937985,1.726935593847002,7.231776508838297
3,cca_k32,train,gender,1.233333333333332,99.86533333333334,0.31050839994679647,2.008728312236253,1.6982199122894563,6.569059466589185
3,cca_k64,val,no_gender,37.03333333333333,68.45804444444443,1.8075089078148188,1.9977025444693617,0.19019363665454292,0.6924573174839089
3,cca_k64,val,gender,39.78333333333333,63.8186888888889,1.8075089078148188,1.9529047484440434,0.14539584062922462,0.513820750073128
3,cca_k64,train,no_gender,1.8833333333333362,99.6891,0.7391052897587095,2.023753284343263,1.2846479945845535,4.628420181733672
3,cca_k64,train,gender,2.1499999999999972,99.64102222222223,0.7391052897587095,2.0163242919360154,1.277219002177306,4.522628370562259
3,cca_k128,val,no_gender,45.550000000000004,55.896411111111114,1.967382202758222,2.0081809334468876,0.040798730688665685,0.21034074281003512
3,cca_k128,val,gender,47.75,52.95574444444444,1.967382202758222,1.9911232565088486,0.02374105375062663,0.11834347372649345
3,cca_k128,train,no_gender,7.299999999999998,97.26722222222223,1.2838981136675622,2.01414131104144,0.7302431973738779,2.6819551584571735
3,cca_k128,train,gender,7.699999999999998,97.06836666666668,1.2838981136675622,2.0084740236447787,0.7245759099772164,2.644602862712381
3,cca_k64_pca512,val,no_gender,39.71666666666667,64.36187777777779,1.8600172025636914,2.0130215886243827,0.15300438606069133,0.5381643683469898
3,cca_k64_pca512,val,gender,43.05,60.28368888888889,1.8600172025636914,1.9734912269909695,0.11347402442727805,0.38850911100339025
3,cca_k64_pca512,train,no_gender,1.566666666666669,99.67886666666666,0.7273660124228024,2.025170328368151,1.2978043159453487,4.839707661362404
3,cca_k64_pca512,train,gender,1.8333333333333324,99.64204444444445,0.7273660124228024,2.0173225619400004,1.289956549517198,4.734617234615505
