split,system,target,protocol,level,eer
1,P0,v4_en,ng,cluster,17.266666666666666
1,P0,v4_en,ng,sample,25.266666666666666
1,P0,v4_en,g,cluster,27.366666666666667
1,P0,v4_en,g,sample,34.06666666666667
1,F1,v4_en,ng,cluster,19.066666666666666
1,F1,v4_en,ng,sample,26.6
1,F1,v4_en,g,cluster,29.333333333333332
1,F1,v4_en,g,sample,34.13333333333333
1,F2,v4_en,ng,cluster,19.066666666666666
1,F2,v4_en,ng,sample,26.86666666666667
1,F2,v4_en,g,cluster,29.000000000000004
1,F2,v4_en,g,sample,34.0
1,F3,v4_en,ng,cluster,16.066666666666663
1,F3,v4_en,ng,sample,25.1
1,F3,v4_en,g,cluster,27.400000000000002
1,F3,v4_en,g,sample,33.099999999999994
1,F4,v4_en,ng,cluster,19.033333333333335
1,F4,v4_en,ng,sample,25.366666666666664
1,F4,v4_en,g,cluster,29.633333333333333
1,F4,v4_en,g,sample,33.53333333333334
1,C16,v4_en,ng,cluster,21.46666666666667
1,C16,v4_en,ng,sample,29.700000000000003
1,C16,v4_en,g,cluster,30.233333333333334
1,C16,v4_en,g,sample,35.53333333333333
1,C8,v4_en,ng,cluster,19.666666666666664
1,C8,v4_en,ng,sample,26.466666666666672
1,C8,v4_en,g,cluster,28.16666666666666
1,C8,v4_en,g,sample,34.4
1,P0,urdu,ng,person,19.26666666666667
1,P0,urdu,ng,sample,28.333333333333332
1,P0,urdu,g,person,32.2
1,P0,urdu,g,sample,40.03333333333333
1,F1,urdu,ng,person,21.2
1,F1,urdu,ng,sample,30.033333333333335
1,F1,urdu,g,person,35.16666666666667
1,F1,urdu,g,sample,40.86666666666667
1,F2,urdu,ng,person,20.866666666666667
1,F2,urdu,ng,sample,29.333333333333332
1,F2,urdu,g,person,28.233333333333334
1,F2,urdu,g,sample,40.6
1,F3,urdu,ng,person,15.333333333333332
1,F3,urdu,ng,sample,27.16666666666666
1,F3,urdu,g,person,30.8
1,F3,urdu,g,sample,38.800000000000004
1,F4,urdu,ng,person,17.5
1,F4,urdu,ng,sample,27.500000000000004
1,F4,urdu,g,person,29.533333333333335
1,F4,urdu,g,sample,38.16666666666667
1,C16,urdu,ng,person,16.166666666666664
1,C16,urdu,ng,sample,28.799999999999997
1,C16,urdu,g,person,29.5
1,C16,urdu,g,sample,39.0
1,C8,urdu,ng,person,20.5
1,C8,urdu,ng,sample,27.333333333333332
1,C8,urdu,g,person,34.766666666666666
1,C8,urdu,g,sample,36.8
1,P0,hindi,ng,person,28.46666666666667
1,P0,hindi,ng,sample,30.966666666666665
1,F1,hindi,ng,person,28.76666666666667
1,F1,hindi,ng,sample,34.03333333333333
1,F2,hindi,ng,person,29.56666666666667
1,F2,hindi,ng,sample,34.96666666666667
1,F3,hindi,ng,person,25.6
1,F3,hindi,ng,sample,31.1
1,F4,hindi,ng,person,25.73333333333333
1,F4,hindi,ng,sample,31.333333333333336
1,C16,hindi,ng,person,30.533333333333335
1,C16,hindi,ng,sample,38.3
1,C8,hindi,ng,person,30.200000000000003
1,C8,hindi,ng,sample,32.63333333333334
2,P0,v4_en,ng,cluster,25.266666666666666
2,P0,v4_en,ng,sample,29.533333333333335
2,P0,v4_en,g,cluster,35.5
2,P0,v4_en,g,sample,38.266666666666666
2,F1,v4_en,ng,cluster,26.400000000000002
2,F1,v4_en,ng,sample,30.733333333333334
2,F1,v4_en,g,cluster,36.199999999999996
2,F1,v4_en,g,sample,38.4
2,F2,v4_en,ng,cluster,24.66666666666667
2,F2,v4_en,ng,sample,30.733333333333334
2,F2,v4_en,g,cluster,36.86666666666667
2,F2,v4_en,g,sample,37.53333333333334
2,F3,v4_en,ng,cluster,22.599999999999998
2,F3,v4_en,ng,sample,28.16666666666666
2,F3,v4_en,g,cluster,36.43333333333333
2,F3,v4_en,g,sample,36.56666666666667
2,F4,v4_en,ng,cluster,27.500000000000004
2,F4,v4_en,ng,sample,30.300000000000004
2,F4,v4_en,g,cluster,41.16666666666667
2,F4,v4_en,g,sample,39.46666666666667
2,C16,v4_en,ng,cluster,27.1
2,C16,v4_en,ng,sample,31.633333333333336
2,C16,v4_en,g,cluster,33.13333333333334
2,C16,v4_en,g,sample,37.733333333333334
2,C8,v4_en,ng,cluster,27.73333333333333
2,C8,v4_en,ng,sample,31.566666666666666
2,C8,v4_en,g,cluster,38.7
2,C8,v4_en,g,sample,40.56666666666666
2,P0,urdu,ng,person,29.500000000000004
2,P0,urdu,ng,sample,35.333333333333336
2,P0,urdu,g,person,35.36666666666667
2,P0,urdu,g,sample,40.233333333333334
2,F1,urdu,ng,person,28.96666666666667
2,F1,urdu,ng,sample,36.16666666666667
2,F1,urdu,g,person,35.36666666666667
2,F1,urdu,g,sample,40.9
2,F2,urdu,ng,person,29.666666666666668
2,F2,urdu,ng,sample,35.4
2,F2,urdu,g,person,35.766666666666666
2,F2,urdu,g,sample,39.56666666666667
2,F3,urdu,ng,person,28.03333333333333
2,F3,urdu,ng,sample,33.5
2,F3,urdu,g,person,33.8
2,F3,urdu,g,sample,38.63333333333333
2,F4,urdu,ng,person,28.833333333333332
2,F4,urdu,ng,sample,35.5
2,F4,urdu,g,person,35.13333333333334
2,F4,urdu,g,sample,41.0
2,C16,urdu,ng,person,35.766666666666666
2,C16,urdu,ng,sample,36.5
2,C16,urdu,g,person,35.766666666666666
2,C16,urdu,g,sample,40.46666666666666
2,C8,urdu,ng,person,38.166666666666664
2,C8,urdu,ng,sample,36.133333333333326
2,C8,urdu,g,person,42.733333333333334
2,C8,urdu,g,sample,40.8
2,P0,hindi,ng,person,28.96666666666666
2,P0,hindi,ng,sample,33.83333333333333
2,F1,hindi,ng,person,30.633333333333333
2,F1,hindi,ng,sample,34.166666666666664
2,F2,hindi,ng,person,30.366666666666664
2,F2,hindi,ng,sample,34.43333333333333
2,F3,hindi,ng,person,28.96666666666666
2,F3,hindi,ng,sample,34.03333333333333
2,F4,hindi,ng,person,34.733333333333334
2,F4,hindi,ng,sample,33.666666666666664
2,C16,hindi,ng,person,32.0
2,C16,hindi,ng,sample,36.23333333333333
2,C8,hindi,ng,person,28.433333333333334
2,C8,hindi,ng,sample,35.3
3,P0,v4_en,ng,cluster,27.633333333333333
3,P0,v4_en,ng,sample,31.633333333333336
3,P0,v4_en,g,cluster,36.666666666666664
3,P0,v4_en,g,sample,41.7
3,F1,v4_en,ng,cluster,28.6
3,F1,v4_en,ng,sample,33.800000000000004
3,F1,v4_en,g,cluster,37.03333333333333
3,F1,v4_en,g,sample,42.13333333333333
3,F2,v4_en,ng,cluster,28.633333333333333
3,F2,v4_en,ng,sample,33.8
3,F2,v4_en,g,cluster,41.4
3,F2,v4_en,g,sample,41.6
3,F3,v4_en,ng,cluster,25.233333333333334
3,F3,v4_en,ng,sample,31.1
3,F3,v4_en,g,cluster,37.766666666666666
3,F3,v4_en,g,sample,40.400000000000006
3,F4,v4_en,ng,cluster,27.633333333333333
3,F4,v4_en,ng,sample,31.466666666666665
3,F4,v4_en,g,cluster,32.99999999999999
3,F4,v4_en,g,sample,40.666666666666664
3,C16,v4_en,ng,cluster,28.6
3,C16,v4_en,ng,sample,35.633333333333326
3,C16,v4_en,g,cluster,36.9
3,C16,v4_en,g,sample,41.96666666666667
3,C8,v4_en,ng,cluster,26.3
3,C8,v4_en,ng,sample,30.733333333333334
3,C8,v4_en,g,cluster,33.13333333333333
3,C8,v4_en,g,sample,39.666666666666664
3,P0,urdu,ng,person,27.0
3,P0,urdu,ng,sample,30.966666666666665
3,P0,urdu,g,person,35.333333333333336
3,P0,urdu,g,sample,43.63333333333333
3,F1,urdu,ng,person,19.866666666666667
3,F1,urdu,ng,sample,33.03333333333334
3,F1,urdu,g,person,38.9
3,F1,urdu,g,sample,44.13333333333333
3,F2,urdu,ng,person,22.26666666666667
3,F2,urdu,ng,sample,32.800000000000004
3,F2,urdu,g,person,41.300000000000004
3,F2,urdu,g,sample,44.099999999999994
3,F3,urdu,ng,person,21.46666666666667
3,F3,urdu,ng,sample,30.233333333333334
3,F3,urdu,g,person,40.63333333333333
3,F3,urdu,g,sample,43.96666666666667
3,F4,urdu,ng,person,27.566666666666666
3,F4,urdu,ng,sample,31.266666666666666
3,F4,urdu,g,person,39.83333333333333
3,F4,urdu,g,sample,44.166666666666664
3,C16,urdu,ng,person,30.7
3,C16,urdu,ng,sample,36.43333333333334
3,C16,urdu,g,person,48.96666666666666
3,C16,urdu,g,sample,46.766666666666666
3,C8,urdu,ng,person,27.633333333333333
3,C8,urdu,ng,sample,33.1
3,C8,urdu,g,person,49.56666666666667
3,C8,urdu,g,sample,46.03333333333334
3,P0,hindi,ng,person,24.0
3,P0,hindi,ng,sample,33.266666666666666
3,F1,hindi,ng,person,23.733333333333334
3,F1,hindi,ng,sample,33.199999999999996
3,F2,hindi,ng,person,24.3
3,F2,hindi,ng,sample,33.166666666666664
3,F3,hindi,ng,person,22.066666666666666
3,F3,hindi,ng,sample,32.36666666666667
3,F4,hindi,ng,person,29.233333333333334
3,F4,hindi,ng,sample,33.93333333333333
3,C16,hindi,ng,person,27.833333333333332
3,C16,hindi,ng,sample,35.3
3,C8,hindi,ng,person,30.433333333333334
3,C8,hindi,ng,sample,34.766666666666666
4,P0,v4_en,ng,cluster,23.533333333333335
4,P0,v4_en,ng,sample,29.533333333333335
4,P0,v4_en,g,cluster,38.7
4,P0,v4_en,g,sample,37.666666666666664
4,F1,v4_en,ng,cluster,24.96666666666667
4,F1,v4_en,ng,sample,30.433333333333334
4,F1,v4_en,g,cluster,38.83333333333333
4,F1,v4_en,g,sample,38.33333333333333
4,F2,v4_en,ng,cluster,27.666666666666668
4,F2,v4_en,ng,sample,31.033333333333335
4,F2,v4_en,g,cluster,38.6
4,F2,v4_en,g,sample,38.93333333333333
4,F3,v4_en,ng,cluster,22.933333333333334
4,F3,v4_en,ng,sample,28.866666666666667
4,F3,v4_en,g,cluster,36.36666666666667
4,F3,v4_en,g,sample,38.23333333333333
4,F4,v4_en,ng,cluster,26.1
4,F4,v4_en,ng,sample,29.700000000000003
4,F4,v4_en,g,cluster,35.36666666666667
4,F4,v4_en,g,sample,38.33333333333333
4,C16,v4_en,ng,cluster,30.7
4,C16,v4_en,ng,sample,33.233333333333334
4,C16,v4_en,g,cluster,43.766666666666666
4,C16,v4_en,g,sample,40.400000000000006
4,C8,v4_en,ng,cluster,27.566666666666666
4,C8,v4_en,ng,sample,31.633333333333336
4,C8,v4_en,g,cluster,34.166666666666664
4,C8,v4_en,g,sample,40.666666666666664
4,P0,urdu,ng,person,21.2
4,P0,urdu,ng,sample,30.333333333333336
4,P0,urdu,g,person,32.5
4,P0,urdu,g,sample,41.13333333333333
4,F1,urdu,ng,person,23.033333333333335
4,F1,urdu,ng,sample,32.36666666666667
4,F1,urdu,g,person,32.03333333333334
4,F1,urdu,g,sample,41.833333333333336
4,F2,urdu,ng,person,18.866666666666667
4,F2,urdu,ng,sample,31.166666666666664
4,F2,urdu,g,person,28.6
4,F2,urdu,g,sample,41.266666666666666
4,F3,urdu,ng,person,19.3
4,F3,urdu,ng,sample,28.833333333333332
4,F3,urdu,g,person,29.86666666666667
4,F3,urdu,g,sample,39.93333333333333
4,F4,urdu,ng,person,21.099999999999998
4,F4,urdu,ng,sample,28.733333333333334
4,F4,urdu,g,person,27.366666666666667
4,F4,urdu,g,sample,38.06666666666666
4,C16,urdu,ng,person,25.233333333333334
4,C16,urdu,ng,sample,32.4
4,C16,urdu,g,person,34.266666666666666
4,C16,urdu,g,sample,40.36666666666666
4,C8,urdu,ng,person,21.066666666666666
4,C8,urdu,ng,sample,26.73333333333333
4,C8,urdu,g,person,28.400000000000002
4,C8,urdu,g,sample,36.3
4,P0,hindi,ng,person,17.866666666666664
4,P0,hindi,ng,sample,27.96666666666667
4,F1,hindi,ng,person,18.4
4,F1,hindi,ng,sample,28.199999999999996
4,F2,hindi,ng,person,17.4
4,F2,hindi,ng,sample,27.43333333333333
4,F3,hindi,ng,person,17.266666666666662
4,F3,hindi,ng,sample,26.866666666666667
4,F4,hindi,ng,person,18.9
4,F4,hindi,ng,sample,26.8
4,C16,hindi,ng,person,21.099999999999998
4,C16,hindi,ng,sample,29.700000000000003
4,C8,hindi,ng,person,24.53333333333333
4,C8,hindi,ng,sample,28.500000000000004
5,P0,v4_en,ng,cluster,22.53333333333333
5,P0,v4_en,ng,sample,29.9
5,P0,v4_en,g,cluster,27.933333333333334
5,P0,v4_en,g,sample,37.5
5,F1,v4_en,ng,cluster,23.466666666666665
5,F1,v4_en,ng,sample,31.466666666666665
5,F1,v4_en,g,cluster,31.799999999999994
5,F1,v4_en,g,sample,38.36666666666667
5,F2,v4_en,ng,cluster,23.299999999999997
5,F2,v4_en,ng,sample,31.0
5,F2,v4_en,g,cluster,31.933333333333337
5,F2,v4_en,g,sample,37.36666666666667
5,F3,v4_en,ng,cluster,21.766666666666666
5,F3,v4_en,ng,sample,28.76666666666667
5,F3,v4_en,g,cluster,29.366666666666664
5,F3,v4_en,g,sample,36.9
5,F4,v4_en,ng,cluster,19.299999999999994
5,F4,v4_en,ng,sample,27.3
5,F4,v4_en,g,cluster,25.33333333333333
5,F4,v4_en,g,sample,34.0
5,C16,v4_en,ng,cluster,24.233333333333334
5,C16,v4_en,ng,sample,31.666666666666664
5,C16,v4_en,g,cluster,29.833333333333336
5,C16,v4_en,g,sample,37.233333333333334
5,C8,v4_en,ng,cluster,20.96666666666667
5,C8,v4_en,ng,sample,27.0
5,C8,v4_en,g,cluster,28.000000000000004
5,C8,v4_en,g,sample,33.699999999999996
5,P0,urdu,ng,person,34.833333333333336
5,P0,urdu,ng,sample,40.13333333333333
5,P0,urdu,g,person,46.0
5,P0,urdu,g,sample,50.23333333333333
5,F1,urdu,ng,person,30.599999999999998
5,F1,urdu,ng,sample,40.666666666666664
5,F1,urdu,g,person,45.666666666666664
5,F1,urdu,g,sample,49.33333333333333
5,F2,urdu,ng,person,31.066666666666663
5,F2,urdu,ng,sample,40.233333333333334
5,F2,urdu,g,person,47.56666666666667
5,F2,urdu,g,sample,48.66666666666667
5,F3,urdu,ng,person,29.700000000000003
5,F3,urdu,ng,sample,38.86666666666667
5,F3,urdu,g,person,45.0
5,F3,urdu,g,sample,50.1
5,F4,urdu,ng,person,38.23333333333333
5,F4,urdu,ng,sample,42.233333333333334
5,F4,urdu,g,person,54.86666666666666
5,F4,urdu,g,sample,51.43333333333333
5,C16,urdu,ng,person,32.96666666666667
5,C16,urdu,ng,sample,41.5
5,C16,urdu,g,person,50.866666666666674
5,C16,urdu,g,sample,49.9
5,C8,urdu,ng,person,41.36666666666667
5,C8,urdu,ng,sample,46.53333333333334
5,C8,urdu,g,person,61.4
5,C8,urdu,g,sample,54.400000000000006
5,P0,hindi,ng,person,32.6
5,P0,hindi,ng,sample,37.03333333333333
5,F1,hindi,ng,person,33.53333333333334
5,F1,hindi,ng,sample,37.266666666666666
5,F2,hindi,ng,person,31.733333333333334
5,F2,hindi,ng,sample,36.7
5,F3,hindi,ng,person,30.833333333333336
5,F3,hindi,ng,sample,37.13333333333333
5,F4,hindi,ng,person,34.266666666666666
5,F4,hindi,ng,sample,36.63333333333333
5,C16,hindi,ng,person,34.8
5,C16,hindi,ng,sample,39.233333333333334
5,C8,hindi,ng,person,29.799999999999997
5,C8,hindi,ng,sample,38.13333333333333
