cell,bin,n,003c,r2_mix,fused,007,010B
no_gender/Bangla,0-3s,271,29.15,30.25,28.03,,
no_gender/Bangla,3-5s,437,28.38,27.68,24.95,,
no_gender/Bangla,5-8s,401,27.92,28.42,26.72,,
no_gender/Bangla,8-12s,193,24.35,23.31,23.84,,
no_gender/Bangla,12-999s,77,24.7,23.35,24.66,,
gender/Bangla,0-3s,289,36.7,40.5,41.84,,
gender/Bangla,3-5s,476,42.86,39.5,39.5,,
gender/Bangla,5-8s,402,36.81,35.33,35.82,,
gender/Bangla,8-12s,191,34.03,28.27,25.65,,
gender/Bangla,12-999s,89,31.46,21.11,27.25,,
no_gender/English,0-3s,118,,,25.38,28.06,28.06
no_gender/English,3-5s,252,,,22.65,23.83,21.02
no_gender/English,5-8s,280,,,22.53,25.34,25.34
no_gender/English,8-12s,170,,,20.6,22.36,17.07
no_gender/English,12-999s,152,,,25.0,25.65,28.29
gender/English,0-3s,127,,,36.28,30.63,43.36
gender/English,3-5s,231,,,28.14,32.89,35.49
gender/English,5-8s,243,,,27.98,28.8,26.34
gender/English,8-12s,173,,,31.82,28.29,32.33
gender/English,12-999s,171,,,22.81,26.33,20.45
