system,cell,cb,pseudo
sub_base,no_gender/English,24.8,23.22
sub_base,no_gender/Bangla,31.29,29.01
sub_base,gender/English,32.18,30.01
sub_base,gender/Bangla,39.51,34.83
000c,no_gender/English,36.31,28.64
000c,no_gender/Bangla,38.98,36.36
000c,gender/English,43.38,39.69
000c,gender/Bangla,50.0,47.8
000d,no_gender/English,33.73,27.09
000d,no_gender/Bangla,34.0,31.28
000d,gender/English,34.42,32.19
000d,gender/Bangla,41.01,38.15
000e,no_gender/English,28.97,24.61
000e,no_gender/Bangla,29.02,29.34
000e,gender/English,37.47,35.31
000e,gender/Bangla,42.37,41.16
003b,no_gender/English,25.79,23.99
003b,no_gender/Bangla,28.88,26.75
003b,gender/English,33.81,30.16
003b,gender/Bangla,39.37,37.45
003c,no_gender/English,25.6,24.63
003c,no_gender/Bangla,27.88,26.97
003c,gender/English,34.01,30.62
003c,gender/Bangla,37.87,35.24
004,no_gender/English,37.3,32.5
004,no_gender/Bangla,37.84,36.14
004,gender/English,43.99,43.45
004,gender/Bangla,46.32,45.39
007,no_gender/English,25.6,22.44
007,no_gender/Bangla,29.02,27.94
007,gender/English,30.96,25.94
007,gender/Bangla,38.01,36.25
010B,no_gender/English,23.81,23.22
010B,no_gender/Bangla,30.87,29.78
010B,gender/English,32.38,29.54
010B,gender/Bangla,39.78,36.65
