cell,pair,cb_delta,pseudo_ci,P_A_better,confident,correct
no_gender/English,003b-003c,0.19,"[-1.73, +1.59]",0.5,False,False
no_gender/English,003b-007,0.19,"[-3.08, +3.81]",0.43,False,True
no_gender/English,003b-010B,1.98,"[-4.09, +7.62]",0.32,False,True
no_gender/English,003b-sub_base,0.99,"[-3.58, +6.75]",0.33,False,True
no_gender/English,003c-007,0.0,"[-3.01, +4.26]",0.47,False,False
no_gender/English,003c-010B,1.79,"[-4.19, +7.69]",0.33,False,True
no_gender/English,003c-sub_base,0.8,"[-3.34, +6.77]",0.33,False,True
no_gender/English,007-010B,1.79,"[-4.08, +6.14]",0.32,False,True
no_gender/English,007-sub_base,0.8,"[-3.73, +5.50]",0.34,False,True
no_gender/English,010B-sub_base,-0.99,"[-2.18, +1.70]",0.57,False,True
no_gender/Bangla,003b-003c,1.0,"[-1.01, +2.30]",0.17,False,True
no_gender/Bangla,003b-007,-0.14,"[-2.68, +1.91]",0.68,False,True
no_gender/Bangla,003b-010B,-1.99,"[-5.53, +1.15]",0.92,False,True
no_gender/Bangla,003b-sub_base,-2.41,"[-6.34, +1.10]",0.94,False,True
no_gender/Bangla,003c-007,-1.14,"[-3.89, +1.46]",0.82,False,True
no_gender/Bangla,003c-010B,-2.99,"[-6.55, +0.24]",0.97,False,True
no_gender/Bangla,003c-sub_base,-3.41,"[-7.35, +0.42]",0.97,False,True
no_gender/Bangla,007-010B,-1.85,"[-4.52, +1.20]",0.91,False,True
no_gender/Bangla,007-sub_base,-2.27,"[-4.96, +1.00]",0.94,False,True
no_gender/Bangla,010B-sub_base,-0.42,"[-1.70, +1.08]",0.67,False,True
gender/English,003b-003c,-0.2,"[-2.60, +1.46]",0.7,False,True
gender/English,003b-007,2.85,"[-1.00, +6.45]",0.05,False,True
gender/English,003b-010B,1.43,"[-5.99, +9.30]",0.44,False,True
gender/English,003b-sub_base,1.63,"[-5.48, +9.55]",0.35,False,True
gender/English,003c-007,3.05,"[-0.27, +7.18]",0.04,False,True
gender/English,003c-010B,1.63,"[-5.61, +10.83]",0.4,False,True
gender/English,003c-sub_base,1.83,"[-5.17, +11.15]",0.31,False,True
gender/English,007-010B,-1.42,"[-9.54, +5.99]",0.68,False,True
gender/English,007-sub_base,-1.22,"[-8.89, +6.34]",0.63,False,True
gender/English,010B-sub_base,0.2,"[-1.55, +2.75]",0.26,False,True
gender/Bangla,003b-003c,1.5,"[-0.35, +3.12]",0.08,False,True
gender/Bangla,003b-007,1.36,"[-1.18, +4.70]",0.13,False,True
gender/Bangla,003b-010B,-0.41,"[-4.43, +4.22]",0.46,False,False
gender/Bangla,003b-sub_base,-0.14,"[-3.94, +4.49]",0.48,False,False
gender/Bangla,003c-007,-0.14,"[-2.39, +3.57]",0.36,False,False
gender/Bangla,003c-010B,-1.91,"[-5.54, +2.97]",0.66,False,True
gender/Bangla,003c-sub_base,-1.64,"[-5.29, +3.15]",0.65,False,True
gender/Bangla,007-010B,-1.77,"[-6.80, +3.55]",0.71,False,True
gender/Bangla,007-sub_base,-1.5,"[-6.66, +3.54]",0.7,False,True
gender/Bangla,010B-sub_base,0.27,"[-1.70, +1.68]",0.49,False,False
