cell,a,k,arc,btc
no_gender/English,0.0,5,22.53,21.21
no_gender/English,0.25,5,22.53,21.05
no_gender/English,0.25,20,22.63,21.05
no_gender/English,0.5,5,22.22,21.36
no_gender/English,0.5,20,22.12,21.05
no_gender/English,1.0,5,22.42,21.21
no_gender/English,1.0,20,22.43,21.82
gender/English,0.0,5,28.15,25.78
gender/English,0.25,5,27.94,25.63
gender/English,0.25,20,27.94,25.78
gender/English,0.5,5,27.72,25.63
gender/English,0.5,20,27.09,25.93
gender/English,1.0,5,26.13,25.78
gender/English,1.0,20,26.45,25.47
no_gender/Bangla,0.0,5,28.57,29.12
no_gender/Bangla,0.25,5,28.5,28.05
no_gender/Bangla,0.25,20,28.5,28.16
no_gender/Bangla,0.5,5,28.57,27.93
no_gender/Bangla,0.5,20,28.5,27.4
no_gender/Bangla,1.0,5,27.7,26.75
no_gender/Bangla,1.0,20,28.07,26.76
gender/Bangla,0.0,5,36.83,35.14
gender/Bangla,0.25,5,36.07,34.94
gender/Bangla,0.25,20,36.14,34.74
gender/Bangla,0.5,5,36.01,34.84
gender/Bangla,0.5,20,35.52,34.16
gender/Bangla,1.0,5,35.11,34.04
gender/Bangla,1.0,20,35.24,35.04
