src,fold,arm,cell,lang,role,eer,n,n_held,n_ext_rows
v3_train,0,v4,no_gender,english,heard,47.733,3000,10,0
v3_train,0,v4,no_gender,german,unheard,50.067,3000,10,0
v3_train,0,mix_en,no_gender,english,heard,38.467,3000,10,1222
v3_train,0,mix_en,no_gender,german,unheard,42.667,3000,10,1222
v3_train,0,mix_all,no_gender,english,heard,36.267,3000,10,2483
v3_train,0,mix_all,no_gender,german,unheard,34.933,3000,10,2483
v3_train,0,pt_en>ft,no_gender,english,heard,41.667,3000,10,0
v3_train,0,pt_en>ft,no_gender,german,unheard,49.533,3000,10,0
v3_train,0,pt_all>ft,no_gender,english,heard,39.2,3000,10,0
v3_train,0,pt_all>ft,no_gender,german,unheard,45.133,3000,10,0
v3_train,1,v4,no_gender,english,heard,38.0,3000,10,0
v3_train,1,v4,no_gender,german,unheard,41.2,3000,10,0
v3_train,1,mix_en,no_gender,english,heard,34.533,3000,10,1134
v3_train,1,mix_en,no_gender,german,unheard,38.333,3000,10,1134
v3_train,1,mix_all,no_gender,english,heard,36.2,3000,10,2465
v3_train,1,mix_all,no_gender,german,unheard,35.4,3000,10,2465
v3_train,1,pt_en>ft,no_gender,english,heard,39.067,3000,10,0
v3_train,1,pt_en>ft,no_gender,german,unheard,42.0,3000,10,0
v3_train,1,pt_all>ft,no_gender,english,heard,41.133,3000,10,0
v3_train,1,pt_all>ft,no_gender,german,unheard,38.733,3000,10,0
v3_train,2,v4,no_gender,english,heard,41.2,3000,10,0
v3_train,2,v4,no_gender,german,unheard,43.0,3000,10,0
v3_train,2,mix_en,no_gender,english,heard,26.933,3000,10,1107
v3_train,2,mix_en,no_gender,german,unheard,30.6,3000,10,1107
v3_train,2,mix_all,no_gender,english,heard,25.333,3000,10,2351
v3_train,2,mix_all,no_gender,german,unheard,25.733,3000,10,2351
v3_train,2,pt_en>ft,no_gender,english,heard,30.533,3000,10,0
v3_train,2,pt_en>ft,no_gender,german,unheard,33.733,3000,10,0
v3_train,2,pt_all>ft,no_gender,english,heard,32.267,3000,10,0
v3_train,2,pt_all>ft,no_gender,german,unheard,33.667,3000,10,0
v3_train,3,v4,no_gender,english,heard,46.0,3000,10,0
v3_train,3,v4,no_gender,german,unheard,35.333,3000,10,0
v3_train,3,mix_en,no_gender,english,heard,44.067,3000,10,1125
v3_train,3,mix_en,no_gender,german,unheard,33.933,3000,10,1125
v3_train,3,mix_all,no_gender,english,heard,36.933,3000,10,2405
v3_train,3,mix_all,no_gender,german,unheard,30.267,3000,10,2405
v3_train,3,pt_en>ft,no_gender,english,heard,45.0,3000,10,0
v3_train,3,pt_en>ft,no_gender,german,unheard,37.067,3000,10,0
v3_train,3,pt_all>ft,no_gender,english,heard,47.533,3000,10,0
v3_train,3,pt_all>ft,no_gender,german,unheard,35.8,3000,10,0
v3_train,4,v4,no_gender,english,heard,42.0,3000,10,0
v3_train,4,v4,no_gender,german,unheard,40.933,3000,10,0
v3_train,4,mix_en,no_gender,english,heard,37.667,3000,10,1100
v3_train,4,mix_en,no_gender,german,unheard,31.733,3000,10,1100
v3_train,4,mix_all,no_gender,english,heard,34.2,3000,10,2320
v3_train,4,mix_all,no_gender,german,unheard,25.4,3000,10,2320
v3_train,4,pt_en>ft,no_gender,english,heard,36.133,3000,10,0
v3_train,4,pt_en>ft,no_gender,german,unheard,33.2,3000,10,0
v3_train,4,pt_all>ft,no_gender,english,heard,35.6,3000,10,0
v3_train,4,pt_all>ft,no_gender,german,unheard,33.067,3000,10,0
