scenario,lang,protocol,rep,n,pos_rate,persons,ari_face,ari_voice,thr_voice_adaptive,auto,rows,face_clusters,voice_clusters,voice_face_ratio,face_median_size,voice_median_size,face_singletons,voice_singletons,largest_share,arm,eer
urdu,urdu,ng,0,480,0.5,30,0.992,0.922,0.8,set13,480,33,43,1.303,16.0,16.0,2,7,0.035,L0,25.83333333333333
urdu,urdu,ng,0,480,0.5,30,0.992,0.922,0.8,set13,480,33,43,1.303,16.0,16.0,2,7,0.035,L1,23.33333333333333
urdu,urdu,ng,0,480,0.5,30,0.992,0.922,0.8,set13,480,33,43,1.303,16.0,16.0,2,7,0.035,L2,19.999999999999996
urdu,urdu,ng,0,480,0.5,30,0.992,0.922,0.8,set13,480,33,43,1.303,16.0,16.0,2,7,0.035,L2a,19.166666666666668
urdu,urdu,ng,0,480,0.5,30,0.992,0.922,0.8,set13,480,33,43,1.303,16.0,16.0,2,7,0.035,L2o,17.083333333333332
urdu,urdu,ng,0,480,0.5,30,0.992,0.922,0.8,set13,480,33,43,1.303,16.0,16.0,2,7,0.035,AUTO,19.999999999999996
urdu,urdu,ng,1,480,0.5,30,0.991,0.901,0.8,set13,480,34,47,1.382,16.0,16.0,4,14,0.062,L0,22.083333333333332
urdu,urdu,ng,1,480,0.5,30,0.991,0.901,0.8,set13,480,34,47,1.382,16.0,16.0,4,14,0.062,L1,19.583333333333332
urdu,urdu,ng,1,480,0.5,30,0.991,0.901,0.8,set13,480,34,47,1.382,16.0,16.0,4,14,0.062,L2,21.666666666666668
urdu,urdu,ng,1,480,0.5,30,0.991,0.901,0.8,set13,480,34,47,1.382,16.0,16.0,4,14,0.062,L2a,24.16666666666667
urdu,urdu,ng,1,480,0.5,30,0.991,0.901,0.8,set13,480,34,47,1.382,16.0,16.0,4,14,0.062,L2o,19.999999999999996
urdu,urdu,ng,1,480,0.5,30,0.991,0.901,0.8,set13,480,34,47,1.382,16.0,16.0,4,14,0.062,AUTO,21.666666666666668
urdu,urdu,ng,2,476,0.5,30,0.985,0.905,0.8,set13,476,36,53,1.472,16.0,15.0,5,17,0.042,L0,23.529411764705888
urdu,urdu,ng,2,476,0.5,30,0.985,0.905,0.8,set13,476,36,53,1.472,16.0,15.0,5,17,0.042,L1,22.689075630252102
urdu,urdu,ng,2,476,0.5,30,0.985,0.905,0.8,set13,476,36,53,1.472,16.0,15.0,5,17,0.042,L2,20.168067226890756
urdu,urdu,ng,2,476,0.5,30,0.985,0.905,0.8,set13,476,36,53,1.472,16.0,15.0,5,17,0.042,L2a,20.168067226890752
urdu,urdu,ng,2,476,0.5,30,0.985,0.905,0.8,set13,476,36,53,1.472,16.0,15.0,5,17,0.042,L2o,16.80672268907563
urdu,urdu,ng,2,476,0.5,30,0.985,0.905,0.8,set13,476,36,53,1.472,16.0,15.0,5,17,0.042,AUTO,20.168067226890756
urdu,urdu,ng,3,476,0.5,30,0.98,0.893,0.75,set13,476,36,49,1.361,16.0,16.0,4,14,0.057,L0,28.15126050420168
urdu,urdu,ng,3,476,0.5,30,0.98,0.893,0.75,set13,476,36,49,1.361,16.0,16.0,4,14,0.057,L1,27.310924369747898
urdu,urdu,ng,3,476,0.5,30,0.98,0.893,0.75,set13,476,36,49,1.361,16.0,16.0,4,14,0.057,L2,20.168067226890756
urdu,urdu,ng,3,476,0.5,30,0.98,0.893,0.75,set13,476,36,49,1.361,16.0,16.0,4,14,0.057,L2a,21.00840336134454
urdu,urdu,ng,3,476,0.5,30,0.98,0.893,0.75,set13,476,36,49,1.361,16.0,16.0,4,14,0.057,L2o,18.907563025210084
urdu,urdu,ng,3,476,0.5,30,0.98,0.893,0.75,set13,476,36,49,1.361,16.0,16.0,4,14,0.057,AUTO,20.168067226890756
urdu,urdu,ng,4,476,0.5,30,0.991,0.906,0.8,set13,476,32,50,1.562,16.0,16.0,1,15,0.065,L0,29.831932773109248
urdu,urdu,ng,4,476,0.5,30,0.991,0.906,0.8,set13,476,32,50,1.562,16.0,16.0,1,15,0.065,L1,28.57142857142857
urdu,urdu,ng,4,476,0.5,30,0.991,0.906,0.8,set13,476,32,50,1.562,16.0,16.0,1,15,0.065,L2,22.689075630252102
urdu,urdu,ng,4,476,0.5,30,0.991,0.906,0.8,set13,476,32,50,1.562,16.0,16.0,1,15,0.065,L2a,23.109243697478988
urdu,urdu,ng,4,476,0.5,30,0.991,0.906,0.8,set13,476,32,50,1.562,16.0,16.0,1,15,0.065,L2o,20.168067226890752
urdu,urdu,ng,4,476,0.5,30,0.991,0.906,0.8,set13,476,32,50,1.562,16.0,16.0,1,15,0.065,AUTO,22.689075630252102
urdu,urdu,g,0,480,0.5,30,0.979,0.938,0.75,set13,480,38,46,1.211,16.0,15.0,6,11,0.035,L0,35.833333333333336
urdu,urdu,g,0,480,0.5,30,0.979,0.938,0.75,set13,480,38,46,1.211,16.0,15.0,6,11,0.035,L1,36.66666666666667
urdu,urdu,g,0,480,0.5,30,0.979,0.938,0.75,set13,480,38,46,1.211,16.0,15.0,6,11,0.035,L2,31.25
urdu,urdu,g,0,480,0.5,30,0.979,0.938,0.75,set13,480,38,46,1.211,16.0,15.0,6,11,0.035,L2a,31.666666666666664
urdu,urdu,g,0,480,0.5,30,0.979,0.938,0.75,set13,480,38,46,1.211,16.0,15.0,6,11,0.035,L2o,30.0
urdu,urdu,g,0,480,0.5,30,0.979,0.938,0.75,set13,480,38,46,1.211,16.0,15.0,6,11,0.035,AUTO,31.25
urdu,urdu,g,1,476,0.5,30,0.993,0.932,0.8,set13,476,33,43,1.303,16.0,16.0,3,10,0.061,L0,37.39495798319328
urdu,urdu,g,1,476,0.5,30,0.993,0.932,0.8,set13,476,33,43,1.303,16.0,16.0,3,10,0.061,L1,36.134453781512605
urdu,urdu,g,1,476,0.5,30,0.993,0.932,0.8,set13,476,33,43,1.303,16.0,16.0,3,10,0.061,L2,31.512605042016805
urdu,urdu,g,1,476,0.5,30,0.993,0.932,0.8,set13,476,33,43,1.303,16.0,16.0,3,10,0.061,L2a,33.61344537815126
urdu,urdu,g,1,476,0.5,30,0.993,0.932,0.8,set13,476,33,43,1.303,16.0,16.0,3,10,0.061,L2o,30.252100840336134
urdu,urdu,g,1,476,0.5,30,0.993,0.932,0.8,set13,476,33,43,1.303,16.0,16.0,3,10,0.061,AUTO,31.512605042016805
urdu,urdu,g,2,480,0.5,30,0.975,0.925,0.8,set13,480,35,50,1.429,16.0,15.0,3,13,0.035,L0,34.583333333333336
urdu,urdu,g,2,480,0.5,30,0.975,0.925,0.8,set13,480,35,50,1.429,16.0,15.0,3,13,0.035,L1,34.166666666666664
urdu,urdu,g,2,480,0.5,30,0.975,0.925,0.8,set13,480,35,50,1.429,16.0,15.0,3,13,0.035,L2,25.416666666666664
urdu,urdu,g,2,480,0.5,30,0.975,0.925,0.8,set13,480,35,50,1.429,16.0,15.0,3,13,0.035,L2a,25.0
urdu,urdu,g,2,480,0.5,30,0.975,0.925,0.8,set13,480,35,50,1.429,16.0,15.0,3,13,0.035,L2o,24.16666666666667
urdu,urdu,g,2,480,0.5,30,0.975,0.925,0.8,set13,480,35,50,1.429,16.0,15.0,3,13,0.035,AUTO,25.416666666666664
urdu,urdu,g,3,476,0.5,30,0.996,0.906,0.8,set13,476,32,54,1.688,16.0,15.0,2,13,0.034,L0,39.49579831932773
urdu,urdu,g,3,476,0.5,30,0.996,0.906,0.8,set13,476,32,54,1.688,16.0,15.0,2,13,0.034,L1,39.91596638655462
urdu,urdu,g,3,476,0.5,30,0.996,0.906,0.8,set13,476,32,54,1.688,16.0,15.0,2,13,0.034,L2,33.19327731092437
urdu,urdu,g,3,476,0.5,30,0.996,0.906,0.8,set13,476,32,54,1.688,16.0,15.0,2,13,0.034,L2a,34.03361344537815
urdu,urdu,g,3,476,0.5,30,0.996,0.906,0.8,set13,476,32,54,1.688,16.0,15.0,2,13,0.034,L2o,33.61344537815126
urdu,urdu,g,3,476,0.5,30,0.996,0.906,0.8,set13,476,32,54,1.688,16.0,15.0,2,13,0.034,AUTO,33.19327731092437
urdu,urdu,g,4,480,0.5,30,0.981,0.914,0.8,set13,480,35,52,1.486,16.0,16.0,2,12,0.037,L0,37.5
urdu,urdu,g,4,480,0.5,30,0.981,0.914,0.8,set13,480,35,52,1.486,16.0,16.0,2,12,0.037,L1,37.083333333333336
urdu,urdu,g,4,480,0.5,30,0.981,0.914,0.8,set13,480,35,52,1.486,16.0,16.0,2,12,0.037,L2,35.833333333333336
urdu,urdu,g,4,480,0.5,30,0.981,0.914,0.8,set13,480,35,52,1.486,16.0,16.0,2,12,0.037,L2a,35.833333333333336
urdu,urdu,g,4,480,0.5,30,0.981,0.914,0.8,set13,480,35,52,1.486,16.0,16.0,2,12,0.037,L2o,34.583333333333336
urdu,urdu,g,4,480,0.5,30,0.981,0.914,0.8,set13,480,35,52,1.486,16.0,16.0,2,12,0.037,AUTO,35.833333333333336
hindi,hindi,ng,0,471,0.499,30,0.996,0.927,0.8,set13,471,32,46,1.438,16.0,16.0,2,13,0.051,L0,25.847457627118644
hindi,hindi,ng,0,471,0.499,30,0.996,0.927,0.8,set13,471,32,46,1.438,16.0,16.0,2,13,0.051,L1,23.404255319148938
hindi,hindi,ng,0,471,0.499,30,0.996,0.927,0.8,set13,471,32,46,1.438,16.0,16.0,2,13,0.051,L2,18.297872340425535
hindi,hindi,ng,0,471,0.499,30,0.996,0.927,0.8,set13,471,32,46,1.438,16.0,16.0,2,13,0.051,L2a,17.372881355932204
hindi,hindi,ng,0,471,0.499,30,0.996,0.927,0.8,set13,471,32,46,1.438,16.0,16.0,2,13,0.051,L2o,16.595744680851066
hindi,hindi,ng,0,471,0.499,30,0.996,0.927,0.8,set13,471,32,46,1.438,16.0,16.0,2,13,0.051,AUTO,18.297872340425535
hindi,hindi,ng,1,472,0.5,30,0.998,0.898,0.8,set13,472,31,49,1.581,16.0,15.0,1,13,0.066,L0,27.11864406779661
hindi,hindi,ng,1,472,0.5,30,0.998,0.898,0.8,set13,472,31,49,1.581,16.0,15.0,1,13,0.066,L1,26.27118644067797
hindi,hindi,ng,1,472,0.5,30,0.998,0.898,0.8,set13,472,31,49,1.581,16.0,15.0,1,13,0.066,L2,19.91525423728814
hindi,hindi,ng,1,472,0.5,30,0.998,0.898,0.8,set13,472,31,49,1.581,16.0,15.0,1,13,0.066,L2a,19.915254237288135
hindi,hindi,ng,1,472,0.5,30,0.998,0.898,0.8,set13,472,31,49,1.581,16.0,15.0,1,13,0.066,L2o,19.491525423728813
hindi,hindi,ng,1,472,0.5,30,0.998,0.898,0.8,set13,472,31,49,1.581,16.0,15.0,1,13,0.066,AUTO,19.91525423728814
hindi,hindi,ng,2,468,0.5,30,0.99,0.899,0.8,set13,468,31,45,1.452,16.0,15.0,0,10,0.064,L0,23.931623931623932
hindi,hindi,ng,2,468,0.5,30,0.99,0.899,0.8,set13,468,31,45,1.452,16.0,15.0,0,10,0.064,L1,24.786324786324787
hindi,hindi,ng,2,468,0.5,30,0.99,0.899,0.8,set13,468,31,45,1.452,16.0,15.0,0,10,0.064,L2,21.36752136752137
hindi,hindi,ng,2,468,0.5,30,0.99,0.899,0.8,set13,468,31,45,1.452,16.0,15.0,0,10,0.064,L2a,21.794871794871796
hindi,hindi,ng,2,468,0.5,30,0.99,0.899,0.8,set13,468,31,45,1.452,16.0,15.0,0,10,0.064,L2o,20.51282051282051
hindi,hindi,ng,2,468,0.5,30,0.99,0.899,0.8,set13,468,31,45,1.452,16.0,15.0,0,10,0.064,AUTO,21.36752136752137
hindi,hindi,ng,3,467,0.499,30,0.986,0.934,0.8,set13,467,34,44,1.294,16.0,15.0,3,7,0.041,L0,24.463519313304715
hindi,hindi,ng,3,467,0.499,30,0.986,0.934,0.8,set13,467,34,44,1.294,16.0,15.0,3,7,0.041,L1,26.06837606837607
hindi,hindi,ng,3,467,0.499,30,0.986,0.934,0.8,set13,467,34,44,1.294,16.0,15.0,3,7,0.041,L2,19.742489270386265
hindi,hindi,ng,3,467,0.499,30,0.986,0.934,0.8,set13,467,34,44,1.294,16.0,15.0,3,7,0.041,L2a,20.94017094017094
hindi,hindi,ng,3,467,0.499,30,0.986,0.934,0.8,set13,467,34,44,1.294,16.0,15.0,3,7,0.041,L2o,21.45922746781116
hindi,hindi,ng,3,467,0.499,30,0.986,0.934,0.8,set13,467,34,44,1.294,16.0,15.0,3,7,0.041,AUTO,19.742489270386265
hindi,hindi,ng,4,443,0.497,30,0.99,0.936,0.8,set13,443,33,45,1.364,16.0,15.0,2,8,0.038,L0,23.318385650224215
hindi,hindi,ng,4,443,0.497,30,0.99,0.936,0.8,set13,443,33,45,1.364,16.0,15.0,2,8,0.038,L1,26.45739910313901
hindi,hindi,ng,4,443,0.497,30,0.99,0.936,0.8,set13,443,33,45,1.364,16.0,15.0,2,8,0.038,L2,22.72727272727273
hindi,hindi,ng,4,443,0.497,30,0.99,0.936,0.8,set13,443,33,45,1.364,16.0,15.0,2,8,0.038,L2a,25.454545454545453
hindi,hindi,ng,4,443,0.497,30,0.99,0.936,0.8,set13,443,33,45,1.364,16.0,15.0,2,8,0.038,L2o,23.318385650224215
hindi,hindi,ng,4,443,0.497,30,0.99,0.936,0.8,set13,443,33,45,1.364,16.0,15.0,2,8,0.038,AUTO,22.72727272727273
hindi,hindi,g,0,458,0.5,30,1.0,0.927,0.8,set13,458,30,45,1.5,16.0,16.0,0,9,0.044,L0,40.174672489082965
hindi,hindi,g,0,458,0.5,30,1.0,0.927,0.8,set13,458,30,45,1.5,16.0,16.0,0,9,0.044,L1,39.30131004366812
hindi,hindi,g,0,458,0.5,30,1.0,0.927,0.8,set13,458,30,45,1.5,16.0,16.0,0,9,0.044,L2,34.49781659388647
hindi,hindi,g,0,458,0.5,30,1.0,0.927,0.8,set13,458,30,45,1.5,16.0,16.0,0,9,0.044,L2a,36.24454148471616
hindi,hindi,g,0,458,0.5,30,1.0,0.927,0.8,set13,458,30,45,1.5,16.0,16.0,0,9,0.044,L2o,32.751091703056765
hindi,hindi,g,0,458,0.5,30,1.0,0.927,0.8,set13,458,30,45,1.5,16.0,16.0,0,9,0.044,AUTO,34.49781659388647
hindi,hindi,g,1,448,0.498,30,0.985,0.959,0.8,set13,448,34,38,1.118,16.0,16.0,2,4,0.038,L0,40.0
hindi,hindi,g,1,448,0.498,30,0.985,0.959,0.8,set13,448,34,38,1.118,16.0,16.0,2,4,0.038,L1,43.111111111111114
hindi,hindi,g,1,448,0.498,30,0.985,0.959,0.8,set13,448,34,38,1.118,16.0,16.0,2,4,0.038,L2,40.44444444444444
hindi,hindi,g,1,448,0.498,30,0.985,0.959,0.8,set13,448,34,38,1.118,16.0,16.0,2,4,0.038,L2a,40.88888888888889
hindi,hindi,g,1,448,0.498,30,0.985,0.959,0.8,set13,448,34,38,1.118,16.0,16.0,2,4,0.038,L2o,39.01345291479821
hindi,hindi,g,1,448,0.498,30,0.985,0.959,0.8,set13,448,34,38,1.118,16.0,16.0,2,4,0.038,AUTO,40.44444444444444
hindi,hindi,g,2,468,0.5,30,0.988,0.876,0.75,set13,468,34,41,1.206,16.0,16.0,2,7,0.068,L0,37.17948717948718
hindi,hindi,g,2,468,0.5,30,0.988,0.876,0.75,set13,468,34,41,1.206,16.0,16.0,2,7,0.068,L1,37.60683760683761
hindi,hindi,g,2,468,0.5,30,0.988,0.876,0.75,set13,468,34,41,1.206,16.0,16.0,2,7,0.068,L2,30.76923076923077
hindi,hindi,g,2,468,0.5,30,0.988,0.876,0.75,set13,468,34,41,1.206,16.0,16.0,2,7,0.068,L2a,30.76923076923077
hindi,hindi,g,2,468,0.5,30,0.988,0.876,0.75,set13,468,34,41,1.206,16.0,16.0,2,7,0.068,L2o,28.63247863247863
hindi,hindi,g,2,468,0.5,30,0.988,0.876,0.75,set13,468,34,41,1.206,16.0,16.0,2,7,0.068,AUTO,30.76923076923077
hindi,hindi,g,3,442,0.498,30,0.992,0.953,0.75,set13,442,30,39,1.3,16.0,16.0,0,9,0.05,L0,40.99099099099099
hindi,hindi,g,3,442,0.498,30,0.992,0.953,0.75,set13,442,30,39,1.3,16.0,16.0,0,9,0.05,L1,40.0
hindi,hindi,g,3,442,0.498,30,0.992,0.953,0.75,set13,442,30,39,1.3,16.0,16.0,0,9,0.05,L2,29.27927927927928
hindi,hindi,g,3,442,0.498,30,0.992,0.953,0.75,set13,442,30,39,1.3,16.0,16.0,0,9,0.05,L2a,29.27927927927928
hindi,hindi,g,3,442,0.498,30,0.992,0.953,0.75,set13,442,30,39,1.3,16.0,16.0,0,9,0.05,L2o,27.927927927927925
hindi,hindi,g,3,442,0.498,30,0.992,0.953,0.75,set13,442,30,39,1.3,16.0,16.0,0,9,0.05,AUTO,29.27927927927928
hindi,hindi,g,4,445,0.499,30,0.999,0.951,0.8,set13,445,31,42,1.355,16.0,16.0,1,6,0.038,L0,39.63963963963963
hindi,hindi,g,4,445,0.499,30,0.999,0.951,0.8,set13,445,31,42,1.355,16.0,16.0,1,6,0.038,L1,39.189189189189186
hindi,hindi,g,4,445,0.499,30,0.999,0.951,0.8,set13,445,31,42,1.355,16.0,16.0,1,6,0.038,L2,36.32286995515695
hindi,hindi,g,4,445,0.499,30,0.999,0.951,0.8,set13,445,31,42,1.355,16.0,16.0,1,6,0.038,L2a,36.771300448430495
hindi,hindi,g,4,445,0.499,30,0.999,0.951,0.8,set13,445,31,42,1.355,16.0,16.0,1,6,0.038,L2o,35.13513513513513
hindi,hindi,g,4,445,0.499,30,0.999,0.951,0.8,set13,445,31,42,1.355,16.0,16.0,1,6,0.038,AUTO,36.32286995515695
english,english,ng,0,474,0.5,30,0.968,0.934,0.8,set13,474,38,49,1.289,16.0,16.0,5,13,0.034,L0,25.31645569620253
english,english,ng,0,474,0.5,30,0.968,0.934,0.8,set13,474,38,49,1.289,16.0,16.0,5,13,0.034,L1,23.628691983122362
english,english,ng,0,474,0.5,30,0.968,0.934,0.8,set13,474,38,49,1.289,16.0,16.0,5,13,0.034,L2,17.29957805907173
english,english,ng,0,474,0.5,30,0.968,0.934,0.8,set13,474,38,49,1.289,16.0,16.0,5,13,0.034,L2a,16.455696202531644
english,english,ng,0,474,0.5,30,0.968,0.934,0.8,set13,474,38,49,1.289,16.0,16.0,5,13,0.034,L2o,15.189873417721522
english,english,ng,0,474,0.5,30,0.968,0.934,0.8,set13,474,38,49,1.289,16.0,16.0,5,13,0.034,AUTO,17.29957805907173
english,english,ng,1,480,0.5,30,0.998,0.884,0.8,set13,480,31,45,1.452,16.0,16.0,1,12,0.065,L0,25.0
english,english,ng,1,480,0.5,30,0.998,0.884,0.8,set13,480,31,45,1.452,16.0,16.0,1,12,0.065,L1,26.25
english,english,ng,1,480,0.5,30,0.998,0.884,0.8,set13,480,31,45,1.452,16.0,16.0,1,12,0.065,L2,17.083333333333332
english,english,ng,1,480,0.5,30,0.998,0.884,0.8,set13,480,31,45,1.452,16.0,16.0,1,12,0.065,L2a,17.500000000000004
english,english,ng,1,480,0.5,30,0.998,0.884,0.8,set13,480,31,45,1.452,16.0,16.0,1,12,0.065,L2o,16.666666666666664
english,english,ng,1,480,0.5,30,0.998,0.884,0.8,set13,480,31,45,1.452,16.0,16.0,1,12,0.065,AUTO,17.083333333333332
english,english,ng,2,475,0.499,30,0.983,0.882,0.8,set13,475,32,50,1.562,16.0,15.0,2,14,0.067,L0,23.206751054852326
english,english,ng,2,475,0.499,30,0.983,0.882,0.8,set13,475,32,50,1.562,16.0,15.0,2,14,0.067,L1,21.940928270042193
english,english,ng,2,475,0.499,30,0.983,0.882,0.8,set13,475,32,50,1.562,16.0,15.0,2,14,0.067,L2,19.831223628691987
english,english,ng,2,475,0.499,30,0.983,0.882,0.8,set13,475,32,50,1.562,16.0,15.0,2,14,0.067,L2a,23.52941176470588
english,english,ng,2,475,0.499,30,0.983,0.882,0.8,set13,475,32,50,1.562,16.0,15.0,2,14,0.067,L2o,16.87763713080169
english,english,ng,2,475,0.499,30,0.983,0.882,0.8,set13,475,32,50,1.562,16.0,15.0,2,14,0.067,AUTO,19.831223628691987
english,english,ng,3,480,0.5,30,0.998,0.924,0.8,set13,480,31,40,1.29,16.0,16.0,1,6,0.067,L0,31.25
english,english,ng,3,480,0.5,30,0.998,0.924,0.8,set13,480,31,40,1.29,16.0,16.0,1,6,0.067,L1,29.583333333333332
english,english,ng,3,480,0.5,30,0.998,0.924,0.8,set13,480,31,40,1.29,16.0,16.0,1,6,0.067,L2,23.333333333333332
english,english,ng,3,480,0.5,30,0.998,0.924,0.8,set13,480,31,40,1.29,16.0,16.0,1,6,0.067,L2a,23.750000000000004
english,english,ng,3,480,0.5,30,0.998,0.924,0.8,set13,480,31,40,1.29,16.0,16.0,1,6,0.067,L2o,23.333333333333332
english,english,ng,3,480,0.5,30,0.998,0.924,0.8,set13,480,31,40,1.29,16.0,16.0,1,6,0.067,AUTO,23.333333333333332
english,english,ng,4,473,0.499,30,0.983,0.93,0.8,set13,473,35,53,1.514,16.0,15.0,3,18,0.036,L0,23.628691983122362
english,english,ng,4,473,0.499,30,0.983,0.93,0.8,set13,473,35,53,1.514,16.0,15.0,3,18,0.036,L1,25.738396624472575
english,english,ng,4,473,0.499,30,0.983,0.93,0.8,set13,473,35,53,1.514,16.0,15.0,3,18,0.036,L2,18.220338983050844
english,english,ng,4,473,0.499,30,0.983,0.93,0.8,set13,473,35,53,1.514,16.0,15.0,3,18,0.036,L2a,18.220338983050844
english,english,ng,4,473,0.499,30,0.983,0.93,0.8,set13,473,35,53,1.514,16.0,15.0,3,18,0.036,L2o,21.09704641350211
english,english,ng,4,473,0.499,30,0.983,0.93,0.8,set13,473,35,53,1.514,16.0,15.0,3,18,0.036,AUTO,18.220338983050844
english,english,g,0,480,0.5,30,0.996,0.903,0.85,set13,480,32,48,1.5,16.0,16.0,2,14,0.06,L0,35.0
english,english,g,0,480,0.5,30,0.996,0.903,0.85,set13,480,32,48,1.5,16.0,16.0,2,14,0.06,L1,36.25
english,english,g,0,480,0.5,30,0.996,0.903,0.85,set13,480,32,48,1.5,16.0,16.0,2,14,0.06,L2,33.33333333333333
english,english,g,0,480,0.5,30,0.996,0.903,0.85,set13,480,32,48,1.5,16.0,16.0,2,14,0.06,L2a,33.33333333333333
english,english,g,0,480,0.5,30,0.996,0.903,0.85,set13,480,32,48,1.5,16.0,16.0,2,14,0.06,L2o,31.666666666666664
english,english,g,0,480,0.5,30,0.996,0.903,0.85,set13,480,32,48,1.5,16.0,16.0,2,14,0.06,AUTO,33.33333333333333
english,english,g,1,473,0.499,30,0.988,0.97,0.75,set13,473,34,39,1.147,16.0,16.0,3,6,0.034,L0,36.016949152542374
english,english,g,1,473,0.499,30,0.988,0.97,0.75,set13,473,34,39,1.147,16.0,16.0,3,6,0.034,L1,37.552742616033754
english,english,g,1,473,0.499,30,0.988,0.97,0.75,set13,473,34,39,1.147,16.0,16.0,3,6,0.034,L2,29.66101694915254
english,english,g,1,473,0.499,30,0.988,0.97,0.75,set13,473,34,39,1.147,16.0,16.0,3,6,0.034,L2a,29.957805907172997
english,english,g,1,473,0.499,30,0.988,0.97,0.75,set13,473,34,39,1.147,16.0,16.0,3,6,0.034,L2o,30.508474576271183
english,english,g,1,473,0.499,30,0.988,0.97,0.75,set13,473,34,39,1.147,16.0,16.0,3,6,0.034,AUTO,29.66101694915254
english,english,g,2,480,0.5,30,1.0,0.88,0.85,set13,480,30,53,1.767,16.0,15.0,0,14,0.062,L0,37.916666666666664
english,english,g,2,480,0.5,30,1.0,0.88,0.85,set13,480,30,53,1.767,16.0,15.0,0,14,0.062,L1,35.83333333333333
english,english,g,2,480,0.5,30,1.0,0.88,0.85,set13,480,30,53,1.767,16.0,15.0,0,14,0.062,L2,37.083333333333336
english,english,g,2,480,0.5,30,1.0,0.88,0.85,set13,480,30,53,1.767,16.0,15.0,0,14,0.062,L2a,35.41666666666667
english,english,g,2,480,0.5,30,1.0,0.88,0.85,set13,480,30,53,1.767,16.0,15.0,0,14,0.062,L2o,35.83333333333333
english,english,g,2,480,0.5,30,1.0,0.88,0.85,set13,480,30,53,1.767,16.0,15.0,0,14,0.062,AUTO,37.083333333333336
english,english,g,3,474,0.5,30,0.986,0.91,0.8,set13,474,35,49,1.4,16.0,15.0,4,11,0.036,L0,36.28691983122363
english,english,g,3,474,0.5,30,0.986,0.91,0.8,set13,474,35,49,1.4,16.0,15.0,4,11,0.036,L1,36.28691983122363
english,english,g,3,474,0.5,30,0.986,0.91,0.8,set13,474,35,49,1.4,16.0,15.0,4,11,0.036,L2,33.755274261603375
english,english,g,3,474,0.5,30,0.986,0.91,0.8,set13,474,35,49,1.4,16.0,15.0,4,11,0.036,L2a,33.755274261603375
english,english,g,3,474,0.5,30,0.986,0.91,0.8,set13,474,35,49,1.4,16.0,15.0,4,11,0.036,L2o,33.33333333333333
english,english,g,3,474,0.5,30,0.986,0.91,0.8,set13,474,35,49,1.4,16.0,15.0,4,11,0.036,AUTO,33.755274261603375
english,english,g,4,480,0.5,30,0.99,0.909,0.8,set13,480,34,51,1.5,16.0,16.0,3,17,0.062,L0,35.416666666666664
english,english,g,4,480,0.5,30,0.99,0.909,0.8,set13,480,34,51,1.5,16.0,16.0,3,17,0.062,L1,35.833333333333336
english,english,g,4,480,0.5,30,0.99,0.909,0.8,set13,480,34,51,1.5,16.0,16.0,3,17,0.062,L2,25.0
english,english,g,4,480,0.5,30,0.99,0.909,0.8,set13,480,34,51,1.5,16.0,16.0,3,17,0.062,L2a,33.75
english,english,g,4,480,0.5,30,0.99,0.909,0.8,set13,480,34,51,1.5,16.0,16.0,3,17,0.062,L2o,25.0
english,english,g,4,480,0.5,30,0.99,0.909,0.8,set13,480,34,51,1.5,16.0,16.0,3,17,0.062,AUTO,25.0
many60,english,ng,0,480,0.5,60,0.998,0.864,0.75,set13,480,61,84,1.377,8.0,8.0,1,16,0.033,L0,27.083333333333336
many60,english,ng,0,480,0.5,60,0.998,0.864,0.75,set13,480,61,84,1.377,8.0,8.0,1,16,0.033,L1,27.500000000000004
many60,english,ng,0,480,0.5,60,0.998,0.864,0.75,set13,480,61,84,1.377,8.0,8.0,1,16,0.033,L2,25.416666666666664
many60,english,ng,0,480,0.5,60,0.998,0.864,0.75,set13,480,61,84,1.377,8.0,8.0,1,16,0.033,L2a,25.833333333333336
many60,english,ng,0,480,0.5,60,0.998,0.864,0.75,set13,480,61,84,1.377,8.0,8.0,1,16,0.033,L2o,23.333333333333332
many60,english,ng,0,480,0.5,60,0.998,0.864,0.75,set13,480,61,84,1.377,8.0,8.0,1,16,0.033,AUTO,25.416666666666664
many60,english,ng,1,480,0.5,60,0.988,0.893,0.75,set13,480,64,81,1.266,8.0,8.0,2,12,0.031,L0,24.166666666666668
many60,english,ng,1,480,0.5,60,0.988,0.893,0.75,set13,480,64,81,1.266,8.0,8.0,2,12,0.031,L1,24.16666666666667
many60,english,ng,1,480,0.5,60,0.988,0.893,0.75,set13,480,64,81,1.266,8.0,8.0,2,12,0.031,L2,21.25
many60,english,ng,1,480,0.5,60,0.988,0.893,0.75,set13,480,64,81,1.266,8.0,8.0,2,12,0.031,L2a,20.0
many60,english,ng,1,480,0.5,60,0.988,0.893,0.75,set13,480,64,81,1.266,8.0,8.0,2,12,0.031,L2o,19.583333333333332
many60,english,ng,1,480,0.5,60,0.988,0.893,0.75,set13,480,64,81,1.266,8.0,8.0,2,12,0.031,AUTO,21.25
many60,english,ng,2,480,0.5,60,0.984,0.926,0.75,set13,480,64,73,1.141,8.0,8.0,2,14,0.031,L0,22.916666666666664
many60,english,ng,2,480,0.5,60,0.984,0.926,0.75,set13,480,64,73,1.141,8.0,8.0,2,14,0.031,L1,22.5
many60,english,ng,2,480,0.5,60,0.984,0.926,0.75,set13,480,64,73,1.141,8.0,8.0,2,14,0.031,L2,17.500000000000004
many60,english,ng,2,480,0.5,60,0.984,0.926,0.75,set13,480,64,73,1.141,8.0,8.0,2,14,0.031,L2a,18.75
many60,english,ng,2,480,0.5,60,0.984,0.926,0.75,set13,480,64,73,1.141,8.0,8.0,2,14,0.031,L2o,16.666666666666664
many60,english,ng,2,480,0.5,60,0.984,0.926,0.75,set13,480,64,73,1.141,8.0,8.0,2,14,0.031,AUTO,17.500000000000004
many60,english,ng,3,480,0.5,60,0.989,0.87,0.75,set13,480,64,94,1.469,8.0,8.0,3,29,0.031,L0,23.75
many60,english,ng,3,480,0.5,60,0.989,0.87,0.75,set13,480,64,94,1.469,8.0,8.0,3,29,0.031,L1,22.499999999999996
many60,english,ng,3,480,0.5,60,0.989,0.87,0.75,set13,480,64,94,1.469,8.0,8.0,3,29,0.031,L2,18.75
many60,english,ng,3,480,0.5,60,0.989,0.87,0.75,set13,480,64,94,1.469,8.0,8.0,3,29,0.031,L2a,19.583333333333332
many60,english,ng,3,480,0.5,60,0.989,0.87,0.75,set13,480,64,94,1.469,8.0,8.0,3,29,0.031,L2o,18.333333333333332
many60,english,ng,3,480,0.5,60,0.989,0.87,0.75,set13,480,64,94,1.469,8.0,8.0,3,29,0.031,AUTO,18.75
many60,english,ng,4,480,0.5,60,0.993,0.885,0.8,set13,480,62,83,1.339,8.0,8.0,1,17,0.033,L0,24.166666666666668
many60,english,ng,4,480,0.5,60,0.993,0.885,0.8,set13,480,62,83,1.339,8.0,8.0,1,17,0.033,L1,24.583333333333332
many60,english,ng,4,480,0.5,60,0.993,0.885,0.8,set13,480,62,83,1.339,8.0,8.0,1,17,0.033,L2,22.499999999999996
many60,english,ng,4,480,0.5,60,0.993,0.885,0.8,set13,480,62,83,1.339,8.0,8.0,1,17,0.033,L2a,22.5
many60,english,ng,4,480,0.5,60,0.993,0.885,0.8,set13,480,62,83,1.339,8.0,8.0,1,17,0.033,L2o,19.999999999999996
many60,english,ng,4,480,0.5,60,0.993,0.885,0.8,set13,480,62,83,1.339,8.0,8.0,1,17,0.033,AUTO,22.499999999999996
many60,english,g,0,480,0.5,60,0.986,0.883,0.75,set13,480,66,82,1.242,8.0,8.0,5,14,0.033,L0,43.333333333333336
many60,english,g,0,480,0.5,60,0.986,0.883,0.75,set13,480,66,82,1.242,8.0,8.0,5,14,0.033,L1,42.50000000000001
many60,english,g,0,480,0.5,60,0.986,0.883,0.75,set13,480,66,82,1.242,8.0,8.0,5,14,0.033,L2,37.083333333333336
many60,english,g,0,480,0.5,60,0.986,0.883,0.75,set13,480,66,82,1.242,8.0,8.0,5,14,0.033,L2a,37.5
many60,english,g,0,480,0.5,60,0.986,0.883,0.75,set13,480,66,82,1.242,8.0,8.0,5,14,0.033,L2o,35.0
many60,english,g,0,480,0.5,60,0.986,0.883,0.75,set13,480,66,82,1.242,8.0,8.0,5,14,0.033,AUTO,37.083333333333336
many60,english,g,1,480,0.5,60,0.986,0.888,0.75,set13,480,65,82,1.262,8.0,8.0,3,19,0.031,L0,34.583333333333336
many60,english,g,1,480,0.5,60,0.986,0.888,0.75,set13,480,65,82,1.262,8.0,8.0,3,19,0.031,L1,36.25000000000001
many60,english,g,1,480,0.5,60,0.986,0.888,0.75,set13,480,65,82,1.262,8.0,8.0,3,19,0.031,L2,32.5
many60,english,g,1,480,0.5,60,0.986,0.888,0.75,set13,480,65,82,1.262,8.0,8.0,3,19,0.031,L2a,31.666666666666664
many60,english,g,1,480,0.5,60,0.986,0.888,0.75,set13,480,65,82,1.262,8.0,8.0,3,19,0.031,L2o,31.666666666666664
many60,english,g,1,480,0.5,60,0.986,0.888,0.75,set13,480,65,82,1.262,8.0,8.0,3,19,0.031,AUTO,32.5
many60,english,g,2,480,0.5,60,0.991,0.893,0.75,set13,480,64,79,1.234,8.0,8.0,4,17,0.046,L0,37.083333333333336
many60,english,g,2,480,0.5,60,0.991,0.893,0.75,set13,480,64,79,1.234,8.0,8.0,4,17,0.046,L1,37.083333333333336
many60,english,g,2,480,0.5,60,0.991,0.893,0.75,set13,480,64,79,1.234,8.0,8.0,4,17,0.046,L2,33.333333333333336
many60,english,g,2,480,0.5,60,0.991,0.893,0.75,set13,480,64,79,1.234,8.0,8.0,4,17,0.046,L2a,35.83333333333333
many60,english,g,2,480,0.5,60,0.991,0.893,0.75,set13,480,64,79,1.234,8.0,8.0,4,17,0.046,L2o,32.49999999999999
many60,english,g,2,480,0.5,60,0.991,0.893,0.75,set13,480,64,79,1.234,8.0,8.0,4,17,0.046,AUTO,33.333333333333336
many60,english,g,3,480,0.5,60,0.991,0.874,0.75,set13,480,64,73,1.141,8.0,8.0,3,15,0.033,L0,36.66666666666667
many60,english,g,3,480,0.5,60,0.991,0.874,0.75,set13,480,64,73,1.141,8.0,8.0,3,15,0.033,L1,38.74999999999999
many60,english,g,3,480,0.5,60,0.991,0.874,0.75,set13,480,64,73,1.141,8.0,8.0,3,15,0.033,L2,33.33333333333333
many60,english,g,3,480,0.5,60,0.991,0.874,0.75,set13,480,64,73,1.141,8.0,8.0,3,15,0.033,L2a,34.583333333333336
many60,english,g,3,480,0.5,60,0.991,0.874,0.75,set13,480,64,73,1.141,8.0,8.0,3,15,0.033,L2o,32.5
many60,english,g,3,480,0.5,60,0.991,0.874,0.75,set13,480,64,73,1.141,8.0,8.0,3,15,0.033,AUTO,33.33333333333333
many60,english,g,4,480,0.5,60,0.989,0.903,0.75,set13,480,65,82,1.262,8.0,8.0,5,20,0.033,L0,36.25000000000001
many60,english,g,4,480,0.5,60,0.989,0.903,0.75,set13,480,65,82,1.262,8.0,8.0,5,20,0.033,L1,37.083333333333336
many60,english,g,4,480,0.5,60,0.989,0.903,0.75,set13,480,65,82,1.262,8.0,8.0,5,20,0.033,L2,35.41666666666667
many60,english,g,4,480,0.5,60,0.989,0.903,0.75,set13,480,65,82,1.262,8.0,8.0,5,20,0.033,L2a,35.0
many60,english,g,4,480,0.5,60,0.989,0.903,0.75,set13,480,65,82,1.262,8.0,8.0,5,20,0.033,L2o,34.583333333333336
many60,english,g,4,480,0.5,60,0.989,0.903,0.75,set13,480,65,82,1.262,8.0,8.0,5,20,0.033,AUTO,35.41666666666667
many100,english,ng,0,800,0.5,100,0.995,0.848,0.75,set13,800,104,124,1.192,8.0,8.0,4,24,0.02,L0,25.249999999999993
many100,english,ng,0,800,0.5,100,0.995,0.848,0.75,set13,800,104,124,1.192,8.0,8.0,4,24,0.02,L1,23.75
many100,english,ng,0,800,0.5,100,0.995,0.848,0.75,set13,800,104,124,1.192,8.0,8.0,4,24,0.02,L2,20.5
many100,english,ng,0,800,0.5,100,0.995,0.848,0.75,set13,800,104,124,1.192,8.0,8.0,4,24,0.02,L2a,21.750000000000004
many100,english,ng,0,800,0.5,100,0.995,0.848,0.75,set13,800,104,124,1.192,8.0,8.0,4,24,0.02,L2o,19.5
many100,english,ng,0,800,0.5,100,0.995,0.848,0.75,set13,800,104,124,1.192,8.0,8.0,4,24,0.02,AUTO,20.5
many100,english,ng,1,800,0.5,100,0.98,0.845,0.75,set13,800,108,125,1.157,8.0,8.0,6,20,0.02,L0,27.0
many100,english,ng,1,800,0.5,100,0.98,0.845,0.75,set13,800,108,125,1.157,8.0,8.0,6,20,0.02,L1,25.0
many100,english,ng,1,800,0.5,100,0.98,0.845,0.75,set13,800,108,125,1.157,8.0,8.0,6,20,0.02,L2,22.75
many100,english,ng,1,800,0.5,100,0.98,0.845,0.75,set13,800,108,125,1.157,8.0,8.0,6,20,0.02,L2a,24.0
many100,english,ng,1,800,0.5,100,0.98,0.845,0.75,set13,800,108,125,1.157,8.0,8.0,6,20,0.02,L2o,21.25
many100,english,ng,1,800,0.5,100,0.98,0.845,0.75,set13,800,108,125,1.157,8.0,8.0,6,20,0.02,AUTO,22.75
many100,english,ng,2,800,0.5,100,0.987,0.868,0.75,set13,800,109,122,1.119,8.0,8.0,7,17,0.02,L0,28.000000000000004
many100,english,ng,2,800,0.5,100,0.987,0.868,0.75,set13,800,109,122,1.119,8.0,8.0,7,17,0.02,L1,26.25
many100,english,ng,2,800,0.5,100,0.987,0.868,0.75,set13,800,109,122,1.119,8.0,8.0,7,17,0.02,L2,22.25
many100,english,ng,2,800,0.5,100,0.987,0.868,0.75,set13,800,109,122,1.119,8.0,8.0,7,17,0.02,L2a,21.75
many100,english,ng,2,800,0.5,100,0.987,0.868,0.75,set13,800,109,122,1.119,8.0,8.0,7,17,0.02,L2o,20.75
many100,english,ng,2,800,0.5,100,0.987,0.868,0.75,set13,800,109,122,1.119,8.0,8.0,7,17,0.02,AUTO,22.25
many100,english,ng,3,800,0.5,100,0.989,0.886,0.75,set13,800,107,118,1.103,8.0,8.0,5,17,0.029,L0,27.0
many100,english,ng,3,800,0.5,100,0.989,0.886,0.75,set13,800,107,118,1.103,8.0,8.0,5,17,0.029,L1,27.249999999999996
many100,english,ng,3,800,0.5,100,0.989,0.886,0.75,set13,800,107,118,1.103,8.0,8.0,5,17,0.029,L2,21.75
many100,english,ng,3,800,0.5,100,0.989,0.886,0.75,set13,800,107,118,1.103,8.0,8.0,5,17,0.029,L2a,20.75
many100,english,ng,3,800,0.5,100,0.989,0.886,0.75,set13,800,107,118,1.103,8.0,8.0,5,17,0.029,L2o,20.0
many100,english,ng,3,800,0.5,100,0.989,0.886,0.75,set13,800,107,118,1.103,8.0,8.0,5,17,0.029,AUTO,21.75
many100,english,ng,4,800,0.5,100,0.986,0.859,0.75,set13,800,104,116,1.115,8.0,8.0,4,19,0.02,L0,24.25
many100,english,ng,4,800,0.5,100,0.986,0.859,0.75,set13,800,104,116,1.115,8.0,8.0,4,19,0.02,L1,24.75
many100,english,ng,4,800,0.5,100,0.986,0.859,0.75,set13,800,104,116,1.115,8.0,8.0,4,19,0.02,L2,20.499999999999996
many100,english,ng,4,800,0.5,100,0.986,0.859,0.75,set13,800,104,116,1.115,8.0,8.0,4,19,0.02,L2a,20.25
many100,english,ng,4,800,0.5,100,0.986,0.859,0.75,set13,800,104,116,1.115,8.0,8.0,4,19,0.02,L2o,20.25
many100,english,ng,4,800,0.5,100,0.986,0.859,0.75,set13,800,104,116,1.115,8.0,8.0,4,19,0.02,AUTO,20.499999999999996
many100,english,g,0,800,0.5,100,0.997,0.869,0.75,set13,800,102,117,1.147,8.0,8.0,2,14,0.029,L0,40.5
many100,english,g,0,800,0.5,100,0.997,0.869,0.75,set13,800,102,117,1.147,8.0,8.0,2,14,0.029,L1,39.5
many100,english,g,0,800,0.5,100,0.997,0.869,0.75,set13,800,102,117,1.147,8.0,8.0,2,14,0.029,L2,37.25
many100,english,g,0,800,0.5,100,0.997,0.869,0.75,set13,800,102,117,1.147,8.0,8.0,2,14,0.029,L2a,37.25
many100,english,g,0,800,0.5,100,0.997,0.869,0.75,set13,800,102,117,1.147,8.0,8.0,2,14,0.029,L2o,35.0
many100,english,g,0,800,0.5,100,0.997,0.869,0.75,set13,800,102,117,1.147,8.0,8.0,2,14,0.029,AUTO,37.25
many100,english,g,1,800,0.5,100,0.991,0.823,0.75,set13,800,105,119,1.133,8.0,8.0,5,21,0.037,L0,38.0
many100,english,g,1,800,0.5,100,0.991,0.823,0.75,set13,800,105,119,1.133,8.0,8.0,5,21,0.037,L1,38.24999999999999
many100,english,g,1,800,0.5,100,0.991,0.823,0.75,set13,800,105,119,1.133,8.0,8.0,5,21,0.037,L2,37.25
many100,english,g,1,800,0.5,100,0.991,0.823,0.75,set13,800,105,119,1.133,8.0,8.0,5,21,0.037,L2a,35.75
many100,english,g,1,800,0.5,100,0.991,0.823,0.75,set13,800,105,119,1.133,8.0,8.0,5,21,0.037,L2o,34.75
many100,english,g,1,800,0.5,100,0.991,0.823,0.75,set13,800,105,119,1.133,8.0,8.0,5,21,0.037,AUTO,37.25
many100,english,g,2,800,0.5,100,0.988,0.885,0.75,set13,800,107,119,1.112,8.0,8.0,5,16,0.02,L0,36.25
many100,english,g,2,800,0.5,100,0.988,0.885,0.75,set13,800,107,119,1.112,8.0,8.0,5,16,0.02,L1,37.5
many100,english,g,2,800,0.5,100,0.988,0.885,0.75,set13,800,107,119,1.112,8.0,8.0,5,16,0.02,L2,36.0
many100,english,g,2,800,0.5,100,0.988,0.885,0.75,set13,800,107,119,1.112,8.0,8.0,5,16,0.02,L2a,35.75
many100,english,g,2,800,0.5,100,0.988,0.885,0.75,set13,800,107,119,1.112,8.0,8.0,5,16,0.02,L2o,33.5
many100,english,g,2,800,0.5,100,0.988,0.885,0.75,set13,800,107,119,1.112,8.0,8.0,5,16,0.02,AUTO,36.0
many100,english,g,3,800,0.5,100,0.993,0.87,0.75,set13,800,105,129,1.229,8.0,8.0,4,23,0.02,L0,38.5
many100,english,g,3,800,0.5,100,0.993,0.87,0.75,set13,800,105,129,1.229,8.0,8.0,4,23,0.02,L1,38.25
many100,english,g,3,800,0.5,100,0.993,0.87,0.75,set13,800,105,129,1.229,8.0,8.0,4,23,0.02,L2,34.25
many100,english,g,3,800,0.5,100,0.993,0.87,0.75,set13,800,105,129,1.229,8.0,8.0,4,23,0.02,L2a,35.5
many100,english,g,3,800,0.5,100,0.993,0.87,0.75,set13,800,105,129,1.229,8.0,8.0,4,23,0.02,L2o,33.75
many100,english,g,3,800,0.5,100,0.993,0.87,0.75,set13,800,105,129,1.229,8.0,8.0,4,23,0.02,AUTO,34.25
many100,english,g,4,800,0.5,100,0.974,0.859,0.75,set13,800,108,129,1.194,8.0,8.0,4,19,0.02,L0,42.0
many100,english,g,4,800,0.5,100,0.974,0.859,0.75,set13,800,108,129,1.194,8.0,8.0,4,19,0.02,L1,40.0
many100,english,g,4,800,0.5,100,0.974,0.859,0.75,set13,800,108,129,1.194,8.0,8.0,4,19,0.02,L2,37.25
many100,english,g,4,800,0.5,100,0.974,0.859,0.75,set13,800,108,129,1.194,8.0,8.0,4,19,0.02,L2a,36.0
many100,english,g,4,800,0.5,100,0.974,0.859,0.75,set13,800,108,129,1.194,8.0,8.0,4,19,0.02,L2o,34.75
many100,english,g,4,800,0.5,100,0.974,0.859,0.75,set13,800,108,129,1.194,8.0,8.0,4,19,0.02,AUTO,37.25
many150,english,ng,0,1200,0.5,150,0.984,0.83,0.75,set13,1200,160,179,1.119,8.0,8.0,7,31,0.027,L0,26.833333333333332
many150,english,ng,0,1200,0.5,150,0.984,0.83,0.75,set13,1200,160,179,1.119,8.0,8.0,7,31,0.027,L1,25.333333333333336
many150,english,ng,0,1200,0.5,150,0.984,0.83,0.75,set13,1200,160,179,1.119,8.0,8.0,7,31,0.027,L2,21.666666666666668
many150,english,ng,0,1200,0.5,150,0.984,0.83,0.75,set13,1200,160,179,1.119,8.0,8.0,7,31,0.027,L2a,21.83333333333334
many150,english,ng,0,1200,0.5,150,0.984,0.83,0.75,set13,1200,160,179,1.119,8.0,8.0,7,31,0.027,L2o,21.166666666666668
many150,english,ng,0,1200,0.5,150,0.984,0.83,0.75,set13,1200,160,179,1.119,8.0,8.0,7,31,0.027,AUTO,21.666666666666668
many150,english,ng,1,1200,0.5,150,0.988,0.795,0.7,set13,1200,155,171,1.103,8.0,8.0,2,22,0.027,L0,24.5
many150,english,ng,1,1200,0.5,150,0.988,0.795,0.7,set13,1200,155,171,1.103,8.0,8.0,2,22,0.027,L1,23.333333333333332
many150,english,ng,1,1200,0.5,150,0.988,0.795,0.7,set13,1200,155,171,1.103,8.0,8.0,2,22,0.027,L2,20.666666666666668
many150,english,ng,1,1200,0.5,150,0.988,0.795,0.7,set13,1200,155,171,1.103,8.0,8.0,2,22,0.027,L2a,20.666666666666668
many150,english,ng,1,1200,0.5,150,0.988,0.795,0.7,set13,1200,155,171,1.103,8.0,8.0,2,22,0.027,L2o,18.999999999999993
many150,english,ng,1,1200,0.5,150,0.988,0.795,0.7,set13,1200,155,171,1.103,8.0,8.0,2,22,0.027,AUTO,20.666666666666668
many150,english,ng,2,1200,0.5,150,0.991,0.789,0.75,set13,1200,158,181,1.146,8.0,8.0,7,32,0.026,L0,25.5
many150,english,ng,2,1200,0.5,150,0.991,0.789,0.75,set13,1200,158,181,1.146,8.0,8.0,7,32,0.026,L1,25.333333333333336
many150,english,ng,2,1200,0.5,150,0.991,0.789,0.75,set13,1200,158,181,1.146,8.0,8.0,7,32,0.026,L2,23.5
many150,english,ng,2,1200,0.5,150,0.991,0.789,0.75,set13,1200,158,181,1.146,8.0,8.0,7,32,0.026,L2a,23.166666666666668
many150,english,ng,2,1200,0.5,150,0.991,0.789,0.75,set13,1200,158,181,1.146,8.0,8.0,7,32,0.026,L2o,21.5
many150,english,ng,2,1200,0.5,150,0.991,0.789,0.75,set13,1200,158,181,1.146,8.0,8.0,7,32,0.026,AUTO,23.5
many150,english,ng,3,1200,0.5,150,0.991,0.808,0.75,set13,1200,155,178,1.148,8.0,8.0,4,29,0.026,L0,28.000000000000004
many150,english,ng,3,1200,0.5,150,0.991,0.808,0.75,set13,1200,155,178,1.148,8.0,8.0,4,29,0.026,L1,26.833333333333332
many150,english,ng,3,1200,0.5,150,0.991,0.808,0.75,set13,1200,155,178,1.148,8.0,8.0,4,29,0.026,L2,22.166666666666668
many150,english,ng,3,1200,0.5,150,0.991,0.808,0.75,set13,1200,155,178,1.148,8.0,8.0,4,29,0.026,L2a,23.5
many150,english,ng,3,1200,0.5,150,0.991,0.808,0.75,set13,1200,155,178,1.148,8.0,8.0,4,29,0.026,L2o,20.833333333333336
many150,english,ng,3,1200,0.5,150,0.991,0.808,0.75,set13,1200,155,178,1.148,8.0,8.0,4,29,0.026,AUTO,22.166666666666668
many150,english,ng,4,1200,0.5,150,0.986,0.846,0.7,set13,1200,160,173,1.081,8.0,8.0,7,21,0.02,L0,26.5
many150,english,ng,4,1200,0.5,150,0.986,0.846,0.7,set13,1200,160,173,1.081,8.0,8.0,7,21,0.02,L1,25.166666666666664
many150,english,ng,4,1200,0.5,150,0.986,0.846,0.7,set13,1200,160,173,1.081,8.0,8.0,7,21,0.02,L2,22.166666666666668
many150,english,ng,4,1200,0.5,150,0.986,0.846,0.7,set13,1200,160,173,1.081,8.0,8.0,7,21,0.02,L2a,22.166666666666668
many150,english,ng,4,1200,0.5,150,0.986,0.846,0.7,set13,1200,160,173,1.081,8.0,8.0,7,21,0.02,L2o,20.833333333333336
many150,english,ng,4,1200,0.5,150,0.986,0.846,0.7,set13,1200,160,173,1.081,8.0,8.0,7,21,0.02,AUTO,22.166666666666668
many150,english,g,0,1200,0.5,150,0.985,0.843,0.75,set13,1200,159,182,1.145,8.0,8.0,7,26,0.02,L0,37.833333333333336
many150,english,g,0,1200,0.5,150,0.985,0.843,0.75,set13,1200,159,182,1.145,8.0,8.0,7,26,0.02,L1,38.16666666666667
many150,english,g,0,1200,0.5,150,0.985,0.843,0.75,set13,1200,159,182,1.145,8.0,8.0,7,26,0.02,L2,35.83333333333333
many150,english,g,0,1200,0.5,150,0.985,0.843,0.75,set13,1200,159,182,1.145,8.0,8.0,7,26,0.02,L2a,36.5
many150,english,g,0,1200,0.5,150,0.985,0.843,0.75,set13,1200,159,182,1.145,8.0,8.0,7,26,0.02,L2o,34.66666666666667
many150,english,g,0,1200,0.5,150,0.985,0.843,0.75,set13,1200,159,182,1.145,8.0,8.0,7,26,0.02,AUTO,35.83333333333333
many150,english,g,1,1200,0.5,150,0.985,0.797,0.75,set13,1200,162,181,1.117,8.0,8.0,12,28,0.025,L0,35.833333333333336
many150,english,g,1,1200,0.5,150,0.985,0.797,0.75,set13,1200,162,181,1.117,8.0,8.0,12,28,0.025,L1,36.33333333333333
many150,english,g,1,1200,0.5,150,0.985,0.797,0.75,set13,1200,162,181,1.117,8.0,8.0,12,28,0.025,L2,32.666666666666664
many150,english,g,1,1200,0.5,150,0.985,0.797,0.75,set13,1200,162,181,1.117,8.0,8.0,12,28,0.025,L2a,33.666666666666664
many150,english,g,1,1200,0.5,150,0.985,0.797,0.75,set13,1200,162,181,1.117,8.0,8.0,12,28,0.025,L2o,32.166666666666664
many150,english,g,1,1200,0.5,150,0.985,0.797,0.75,set13,1200,162,181,1.117,8.0,8.0,12,28,0.025,AUTO,32.666666666666664
many150,english,g,2,1200,0.5,150,0.993,0.83,0.75,set13,1200,155,185,1.194,8.0,8.0,2,34,0.02,L0,36.666666666666664
many150,english,g,2,1200,0.5,150,0.993,0.83,0.75,set13,1200,155,185,1.194,8.0,8.0,2,34,0.02,L1,37.166666666666664
many150,english,g,2,1200,0.5,150,0.993,0.83,0.75,set13,1200,155,185,1.194,8.0,8.0,2,34,0.02,L2,34.166666666666664
many150,english,g,2,1200,0.5,150,0.993,0.83,0.75,set13,1200,155,185,1.194,8.0,8.0,2,34,0.02,L2a,35.16666666666667
many150,english,g,2,1200,0.5,150,0.993,0.83,0.75,set13,1200,155,185,1.194,8.0,8.0,2,34,0.02,L2o,34.333333333333336
many150,english,g,2,1200,0.5,150,0.993,0.83,0.75,set13,1200,155,185,1.194,8.0,8.0,2,34,0.02,AUTO,34.166666666666664
many150,english,g,3,1200,0.5,150,0.995,0.802,0.75,set13,1200,153,185,1.209,8.0,8.0,2,31,0.026,L0,38.83333333333333
many150,english,g,3,1200,0.5,150,0.995,0.802,0.75,set13,1200,153,185,1.209,8.0,8.0,2,31,0.026,L1,38.0
many150,english,g,3,1200,0.5,150,0.995,0.802,0.75,set13,1200,153,185,1.209,8.0,8.0,2,31,0.026,L2,34.833333333333336
many150,english,g,3,1200,0.5,150,0.995,0.802,0.75,set13,1200,153,185,1.209,8.0,8.0,2,31,0.026,L2a,34.5
many150,english,g,3,1200,0.5,150,0.995,0.802,0.75,set13,1200,153,185,1.209,8.0,8.0,2,31,0.026,L2o,34.66666666666667
many150,english,g,3,1200,0.5,150,0.995,0.802,0.75,set13,1200,153,185,1.209,8.0,8.0,2,31,0.026,AUTO,34.833333333333336
many150,english,g,4,1200,0.5,150,0.983,0.798,0.75,set13,1200,161,186,1.155,8.0,8.0,7,25,0.026,L0,40.166666666666664
many150,english,g,4,1200,0.5,150,0.983,0.798,0.75,set13,1200,161,186,1.155,8.0,8.0,7,25,0.026,L1,38.0
many150,english,g,4,1200,0.5,150,0.983,0.798,0.75,set13,1200,161,186,1.155,8.0,8.0,7,25,0.026,L2,34.333333333333336
many150,english,g,4,1200,0.5,150,0.983,0.798,0.75,set13,1200,161,186,1.155,8.0,8.0,7,25,0.026,L2a,34.166666666666664
many150,english,g,4,1200,0.5,150,0.983,0.798,0.75,set13,1200,161,186,1.155,8.0,8.0,7,25,0.026,L2o,33.833333333333336
many150,english,g,4,1200,0.5,150,0.983,0.798,0.75,set13,1200,161,186,1.155,8.0,8.0,7,25,0.026,AUTO,34.333333333333336
urdu_m2,urdu,ng,0,60,0.5,30,0.983,0.83,0.7,set13,60,31,33,1.065,2.0,2.0,2,8,0.067,L0,26.666666666666668
urdu_m2,urdu,ng,0,60,0.5,30,0.983,0.83,0.7,set13,60,31,33,1.065,2.0,2.0,2,8,0.067,L1,26.666666666666668
urdu_m2,urdu,ng,0,60,0.5,30,0.983,0.83,0.7,set13,60,31,33,1.065,2.0,2.0,2,8,0.067,L2,23.333333333333332
urdu_m2,urdu,ng,0,60,0.5,30,0.983,0.83,0.7,set13,60,31,33,1.065,2.0,2.0,2,8,0.067,L2a,23.333333333333332
urdu_m2,urdu,ng,0,60,0.5,30,0.983,0.83,0.7,set13,60,31,33,1.065,2.0,2.0,2,8,0.067,L2o,23.333333333333332
urdu_m2,urdu,ng,0,60,0.5,30,0.983,0.83,0.7,set13,60,31,33,1.065,2.0,2.0,2,8,0.067,AUTO,23.333333333333332
urdu_m2,urdu,ng,1,60,0.5,30,1.0,0.741,0.7,set13,60,30,31,1.033,2.0,2.0,0,8,0.067,L0,23.333333333333332
urdu_m2,urdu,ng,1,60,0.5,30,1.0,0.741,0.7,set13,60,30,31,1.033,2.0,2.0,0,8,0.067,L1,20.0
urdu_m2,urdu,ng,1,60,0.5,30,1.0,0.741,0.7,set13,60,30,31,1.033,2.0,2.0,0,8,0.067,L2,13.333333333333334
urdu_m2,urdu,ng,1,60,0.5,30,1.0,0.741,0.7,set13,60,30,31,1.033,2.0,2.0,0,8,0.067,L2a,13.333333333333334
urdu_m2,urdu,ng,1,60,0.5,30,1.0,0.741,0.7,set13,60,30,31,1.033,2.0,2.0,0,8,0.067,L2o,13.33333333333333
urdu_m2,urdu,ng,1,60,0.5,30,1.0,0.741,0.7,set13,60,30,31,1.033,2.0,2.0,0,8,0.067,AUTO,13.333333333333334
urdu_m2,urdu,ng,2,60,0.5,30,0.983,0.875,0.75,set13,60,31,34,1.097,2.0,2.0,2,9,0.05,L0,26.666666666666668
urdu_m2,urdu,ng,2,60,0.5,30,0.983,0.875,0.75,set13,60,31,34,1.097,2.0,2.0,2,9,0.05,L1,26.666666666666668
urdu_m2,urdu,ng,2,60,0.5,30,0.983,0.875,0.75,set13,60,31,34,1.097,2.0,2.0,2,9,0.05,L2,26.666666666666668
urdu_m2,urdu,ng,2,60,0.5,30,0.983,0.875,0.75,set13,60,31,34,1.097,2.0,2.0,2,9,0.05,L2a,26.666666666666668
urdu_m2,urdu,ng,2,60,0.5,30,0.983,0.875,0.75,set13,60,31,34,1.097,2.0,2.0,2,9,0.05,L2o,26.666666666666668
urdu_m2,urdu,ng,2,60,0.5,30,0.983,0.875,0.75,set13,60,31,34,1.097,2.0,2.0,2,9,0.05,AUTO,26.666666666666668
urdu_m2,urdu,ng,3,60,0.5,30,1.0,0.805,0.8,set13,60,30,38,1.267,2.0,2.0,0,16,0.033,L0,26.666666666666668
urdu_m2,urdu,ng,3,60,0.5,30,1.0,0.805,0.8,set13,60,30,38,1.267,2.0,2.0,0,16,0.033,L1,23.33333333333333
urdu_m2,urdu,ng,3,60,0.5,30,1.0,0.805,0.8,set13,60,30,38,1.267,2.0,2.0,0,16,0.033,L2,23.333333333333332
urdu_m2,urdu,ng,3,60,0.5,30,1.0,0.805,0.8,set13,60,30,38,1.267,2.0,2.0,0,16,0.033,L2a,23.333333333333332
urdu_m2,urdu,ng,3,60,0.5,30,1.0,0.805,0.8,set13,60,30,38,1.267,2.0,2.0,0,16,0.033,L2o,26.666666666666668
urdu_m2,urdu,ng,3,60,0.5,30,1.0,0.805,0.8,set13,60,30,38,1.267,2.0,2.0,0,16,0.033,AUTO,23.333333333333332
urdu_m2,urdu,ng,4,60,0.5,30,0.983,0.803,0.7,set13,60,31,32,1.032,2.0,2.0,2,7,0.067,L0,23.333333333333332
urdu_m2,urdu,ng,4,60,0.5,30,0.983,0.803,0.7,set13,60,31,32,1.032,2.0,2.0,2,7,0.067,L1,23.333333333333332
urdu_m2,urdu,ng,4,60,0.5,30,0.983,0.803,0.7,set13,60,31,32,1.032,2.0,2.0,2,7,0.067,L2,13.333333333333334
urdu_m2,urdu,ng,4,60,0.5,30,0.983,0.803,0.7,set13,60,31,32,1.032,2.0,2.0,2,7,0.067,L2a,13.333333333333334
urdu_m2,urdu,ng,4,60,0.5,30,0.983,0.803,0.7,set13,60,31,32,1.032,2.0,2.0,2,7,0.067,L2o,13.33333333333333
urdu_m2,urdu,ng,4,60,0.5,30,0.983,0.803,0.7,set13,60,31,32,1.032,2.0,2.0,2,7,0.067,AUTO,13.333333333333334
urdu_m2,urdu,g,0,60,0.5,30,0.983,0.765,0.7,set13,60,31,31,1.0,2.0,2.0,2,6,0.067,L0,43.333333333333336
urdu_m2,urdu,g,0,60,0.5,30,0.983,0.765,0.7,set13,60,31,31,1.0,2.0,2.0,2,6,0.067,L1,43.333333333333336
urdu_m2,urdu,g,0,60,0.5,30,0.983,0.765,0.7,set13,60,31,31,1.0,2.0,2.0,2,6,0.067,L2,33.33333333333333
urdu_m2,urdu,g,0,60,0.5,30,0.983,0.765,0.7,set13,60,31,31,1.0,2.0,2.0,2,6,0.067,L2a,33.33333333333333
urdu_m2,urdu,g,0,60,0.5,30,0.983,0.765,0.7,set13,60,31,31,1.0,2.0,2.0,2,6,0.067,L2o,33.333333333333336
urdu_m2,urdu,g,0,60,0.5,30,0.983,0.765,0.7,set13,60,31,31,1.0,2.0,2.0,2,6,0.067,AUTO,33.33333333333333
urdu_m2,urdu,g,1,60,0.5,30,0.965,0.772,0.7,set13,60,32,30,0.938,2.0,2.0,4,5,0.067,L0,36.666666666666664
urdu_m2,urdu,g,1,60,0.5,30,0.965,0.772,0.7,set13,60,32,30,0.938,2.0,2.0,4,5,0.067,L1,36.666666666666664
urdu_m2,urdu,g,1,60,0.5,30,0.965,0.772,0.7,set13,60,32,30,0.938,2.0,2.0,4,5,0.067,L2,36.666666666666664
urdu_m2,urdu,g,1,60,0.5,30,0.965,0.772,0.7,set13,60,32,30,0.938,2.0,2.0,4,5,0.067,L2a,36.666666666666664
urdu_m2,urdu,g,1,60,0.5,30,0.965,0.772,0.7,set13,60,32,30,0.938,2.0,2.0,4,5,0.067,L2o,36.66666666666667
urdu_m2,urdu,g,1,60,0.5,30,0.965,0.772,0.7,set13,60,32,30,0.938,2.0,2.0,4,5,0.067,AUTO,36.666666666666664
urdu_m2,urdu,g,2,60,0.5,30,0.983,0.817,0.75,set13,60,31,33,1.065,2.0,2.0,2,9,0.067,L0,43.333333333333336
urdu_m2,urdu,g,2,60,0.5,30,0.983,0.817,0.75,set13,60,31,33,1.065,2.0,2.0,2,9,0.067,L1,40.0
urdu_m2,urdu,g,2,60,0.5,30,0.983,0.817,0.75,set13,60,31,33,1.065,2.0,2.0,2,9,0.067,L2,40.0
urdu_m2,urdu,g,2,60,0.5,30,0.983,0.817,0.75,set13,60,31,33,1.065,2.0,2.0,2,9,0.067,L2a,40.0
urdu_m2,urdu,g,2,60,0.5,30,0.983,0.817,0.75,set13,60,31,33,1.065,2.0,2.0,2,9,0.067,L2o,36.66666666666667
urdu_m2,urdu,g,2,60,0.5,30,0.983,0.817,0.75,set13,60,31,33,1.065,2.0,2.0,2,9,0.067,AUTO,40.0
urdu_m2,urdu,g,3,60,0.5,30,1.0,0.776,0.75,set13,60,30,35,1.167,2.0,2.0,0,13,0.067,L0,26.666666666666668
urdu_m2,urdu,g,3,60,0.5,30,1.0,0.776,0.75,set13,60,30,35,1.167,2.0,2.0,0,13,0.067,L1,30.0
urdu_m2,urdu,g,3,60,0.5,30,1.0,0.776,0.75,set13,60,30,35,1.167,2.0,2.0,0,13,0.067,L2,30.0
urdu_m2,urdu,g,3,60,0.5,30,1.0,0.776,0.75,set13,60,30,35,1.167,2.0,2.0,0,13,0.067,L2a,30.000000000000004
urdu_m2,urdu,g,3,60,0.5,30,1.0,0.776,0.75,set13,60,30,35,1.167,2.0,2.0,0,13,0.067,L2o,33.33333333333333
urdu_m2,urdu,g,3,60,0.5,30,1.0,0.776,0.75,set13,60,30,35,1.167,2.0,2.0,0,13,0.067,AUTO,30.0
urdu_m2,urdu,g,4,60,0.5,30,0.983,0.773,0.65,set13,60,31,28,0.903,2.0,2.0,2,3,0.067,L0,33.33333333333333
urdu_m2,urdu,g,4,60,0.5,30,0.983,0.773,0.65,set13,60,31,28,0.903,2.0,2.0,2,3,0.067,L1,30.0
urdu_m2,urdu,g,4,60,0.5,30,0.983,0.773,0.65,set13,60,31,28,0.903,2.0,2.0,2,3,0.067,L2,33.33333333333333
urdu_m2,urdu,g,4,60,0.5,30,0.983,0.773,0.65,set13,60,31,28,0.903,2.0,2.0,2,3,0.067,L2a,33.33333333333333
urdu_m2,urdu,g,4,60,0.5,30,0.983,0.773,0.65,set13,60,31,28,0.903,2.0,2.0,2,3,0.067,L2o,26.66666666666667
urdu_m2,urdu,g,4,60,0.5,30,0.983,0.773,0.65,set13,60,31,28,0.903,2.0,2.0,2,3,0.067,AUTO,33.33333333333333
hindi_m2,hindi,ng,0,60,0.5,30,0.965,0.914,0.7,set13,60,32,32,1.0,2.0,2.0,4,5,0.05,L0,23.333333333333332
hindi_m2,hindi,ng,0,60,0.5,30,0.965,0.914,0.7,set13,60,32,32,1.0,2.0,2.0,4,5,0.05,L1,26.666666666666668
hindi_m2,hindi,ng,0,60,0.5,30,0.965,0.914,0.7,set13,60,32,32,1.0,2.0,2.0,4,5,0.05,L2,19.999999999999996
hindi_m2,hindi,ng,0,60,0.5,30,0.965,0.914,0.7,set13,60,32,32,1.0,2.0,2.0,4,5,0.05,L2a,19.999999999999996
hindi_m2,hindi,ng,0,60,0.5,30,0.965,0.914,0.7,set13,60,32,32,1.0,2.0,2.0,4,5,0.05,L2o,19.999999999999996
hindi_m2,hindi,ng,0,60,0.5,30,0.965,0.914,0.7,set13,60,32,32,1.0,2.0,2.0,4,5,0.05,AUTO,19.999999999999996
hindi_m2,hindi,ng,1,60,0.5,30,1.0,0.846,0.7,set13,60,30,30,1.0,2.0,2.0,0,4,0.067,L0,23.333333333333332
hindi_m2,hindi,ng,1,60,0.5,30,1.0,0.846,0.7,set13,60,30,30,1.0,2.0,2.0,0,4,0.067,L1,20.0
hindi_m2,hindi,ng,1,60,0.5,30,1.0,0.846,0.7,set13,60,30,30,1.0,2.0,2.0,0,4,0.067,L2,20.0
hindi_m2,hindi,ng,1,60,0.5,30,1.0,0.846,0.7,set13,60,30,30,1.0,2.0,2.0,0,4,0.067,L2a,20.0
hindi_m2,hindi,ng,1,60,0.5,30,1.0,0.846,0.7,set13,60,30,30,1.0,2.0,2.0,0,4,0.067,L2o,20.0
hindi_m2,hindi,ng,1,60,0.5,30,1.0,0.846,0.7,set13,60,30,30,1.0,2.0,2.0,0,4,0.067,AUTO,20.0
hindi_m2,hindi,ng,2,60,0.5,30,0.983,0.79,0.7,set13,60,31,32,1.032,2.0,2.0,2,8,0.067,L0,30.0
hindi_m2,hindi,ng,2,60,0.5,30,0.983,0.79,0.7,set13,60,31,32,1.032,2.0,2.0,2,8,0.067,L1,26.666666666666668
hindi_m2,hindi,ng,2,60,0.5,30,0.983,0.79,0.7,set13,60,31,32,1.032,2.0,2.0,2,8,0.067,L2,26.666666666666668
hindi_m2,hindi,ng,2,60,0.5,30,0.983,0.79,0.7,set13,60,31,32,1.032,2.0,2.0,2,8,0.067,L2a,26.666666666666668
hindi_m2,hindi,ng,2,60,0.5,30,0.983,0.79,0.7,set13,60,31,32,1.032,2.0,2.0,2,8,0.067,L2o,23.333333333333332
hindi_m2,hindi,ng,2,60,0.5,30,0.983,0.79,0.7,set13,60,31,32,1.032,2.0,2.0,2,8,0.067,AUTO,26.666666666666668
hindi_m2,hindi,ng,3,60,0.5,30,1.0,0.804,0.75,set13,60,30,34,1.133,2.0,2.0,0,9,0.05,L0,40.0
hindi_m2,hindi,ng,3,60,0.5,30,1.0,0.804,0.75,set13,60,30,34,1.133,2.0,2.0,0,9,0.05,L1,43.333333333333336
hindi_m2,hindi,ng,3,60,0.5,30,1.0,0.804,0.75,set13,60,30,34,1.133,2.0,2.0,0,9,0.05,L2,33.33333333333333
hindi_m2,hindi,ng,3,60,0.5,30,1.0,0.804,0.75,set13,60,30,34,1.133,2.0,2.0,0,9,0.05,L2a,30.000000000000004
hindi_m2,hindi,ng,3,60,0.5,30,1.0,0.804,0.75,set13,60,30,34,1.133,2.0,2.0,0,9,0.05,L2o,33.33333333333333
hindi_m2,hindi,ng,3,60,0.5,30,1.0,0.804,0.75,set13,60,30,34,1.133,2.0,2.0,0,9,0.05,AUTO,33.33333333333333
hindi_m2,hindi,ng,4,60,0.5,30,1.0,0.875,0.75,set13,60,30,34,1.133,2.0,2.0,0,9,0.05,L0,26.66666666666667
hindi_m2,hindi,ng,4,60,0.5,30,1.0,0.875,0.75,set13,60,30,34,1.133,2.0,2.0,0,9,0.05,L1,26.666666666666668
hindi_m2,hindi,ng,4,60,0.5,30,1.0,0.875,0.75,set13,60,30,34,1.133,2.0,2.0,0,9,0.05,L2,20.0
hindi_m2,hindi,ng,4,60,0.5,30,1.0,0.875,0.75,set13,60,30,34,1.133,2.0,2.0,0,9,0.05,L2a,23.333333333333332
hindi_m2,hindi,ng,4,60,0.5,30,1.0,0.875,0.75,set13,60,30,34,1.133,2.0,2.0,0,9,0.05,L2o,16.666666666666664
hindi_m2,hindi,ng,4,60,0.5,30,1.0,0.875,0.75,set13,60,30,34,1.133,2.0,2.0,0,9,0.05,AUTO,20.0
hindi_m2,hindi,g,0,59,0.508,30,1.0,0.855,0.7,set13,59,30,33,1.1,2.0,2.0,1,8,0.051,L0,27.586206896551722
hindi_m2,hindi,g,0,59,0.508,30,1.0,0.855,0.7,set13,59,30,33,1.1,2.0,2.0,1,8,0.051,L1,26.66666666666667
hindi_m2,hindi,g,0,59,0.508,30,1.0,0.855,0.7,set13,59,30,33,1.1,2.0,2.0,1,8,0.051,L2,26.66666666666667
hindi_m2,hindi,g,0,59,0.508,30,1.0,0.855,0.7,set13,59,30,33,1.1,2.0,2.0,1,8,0.051,L2a,26.66666666666667
hindi_m2,hindi,g,0,59,0.508,30,1.0,0.855,0.7,set13,59,30,33,1.1,2.0,2.0,1,8,0.051,L2o,30.000000000000004
hindi_m2,hindi,g,0,59,0.508,30,1.0,0.855,0.7,set13,59,30,33,1.1,2.0,2.0,1,8,0.051,AUTO,26.66666666666667
hindi_m2,hindi,g,1,60,0.5,30,0.983,0.914,0.7,set13,60,31,32,1.032,2.0,2.0,2,5,0.05,L0,26.666666666666668
hindi_m2,hindi,g,1,60,0.5,30,0.983,0.914,0.7,set13,60,31,32,1.032,2.0,2.0,2,5,0.05,L1,43.333333333333336
hindi_m2,hindi,g,1,60,0.5,30,0.983,0.914,0.7,set13,60,31,32,1.032,2.0,2.0,2,5,0.05,L2,30.000000000000004
hindi_m2,hindi,g,1,60,0.5,30,0.983,0.914,0.7,set13,60,31,32,1.032,2.0,2.0,2,5,0.05,L2a,30.000000000000004
hindi_m2,hindi,g,1,60,0.5,30,0.983,0.914,0.7,set13,60,31,32,1.032,2.0,2.0,2,5,0.05,L2o,30.0
hindi_m2,hindi,g,1,60,0.5,30,0.983,0.914,0.7,set13,60,31,32,1.032,2.0,2.0,2,5,0.05,AUTO,30.000000000000004
hindi_m2,hindi,g,2,60,0.5,30,0.983,0.763,0.75,set13,60,31,34,1.097,2.0,2.0,2,11,0.067,L0,43.333333333333336
hindi_m2,hindi,g,2,60,0.5,30,0.983,0.763,0.75,set13,60,31,34,1.097,2.0,2.0,2,11,0.067,L1,43.333333333333336
hindi_m2,hindi,g,2,60,0.5,30,0.983,0.763,0.75,set13,60,31,34,1.097,2.0,2.0,2,11,0.067,L2,40.0
hindi_m2,hindi,g,2,60,0.5,30,0.983,0.763,0.75,set13,60,31,34,1.097,2.0,2.0,2,11,0.067,L2a,43.333333333333336
hindi_m2,hindi,g,2,60,0.5,30,0.983,0.763,0.75,set13,60,31,34,1.097,2.0,2.0,2,11,0.067,L2o,36.66666666666667
hindi_m2,hindi,g,2,60,0.5,30,0.983,0.763,0.75,set13,60,31,34,1.097,2.0,2.0,2,11,0.067,AUTO,40.0
hindi_m2,hindi,g,3,60,0.5,30,1.0,0.753,0.7,set13,60,30,31,1.033,2.0,2.0,0,7,0.067,L0,50.0
hindi_m2,hindi,g,3,60,0.5,30,1.0,0.753,0.7,set13,60,30,31,1.033,2.0,2.0,0,7,0.067,L1,50.0
hindi_m2,hindi,g,3,60,0.5,30,1.0,0.753,0.7,set13,60,30,31,1.033,2.0,2.0,0,7,0.067,L2,33.333333333333336
hindi_m2,hindi,g,3,60,0.5,30,1.0,0.753,0.7,set13,60,30,31,1.033,2.0,2.0,0,7,0.067,L2a,33.333333333333336
hindi_m2,hindi,g,3,60,0.5,30,1.0,0.753,0.7,set13,60,30,31,1.033,2.0,2.0,0,7,0.067,L2o,33.333333333333336
hindi_m2,hindi,g,3,60,0.5,30,1.0,0.753,0.7,set13,60,30,31,1.033,2.0,2.0,0,7,0.067,AUTO,33.333333333333336
hindi_m2,hindi,g,4,60,0.5,30,0.947,0.908,0.75,set13,60,33,35,1.061,2.0,2.0,6,10,0.033,L0,53.333333333333336
hindi_m2,hindi,g,4,60,0.5,30,0.947,0.908,0.75,set13,60,33,35,1.061,2.0,2.0,6,10,0.033,L1,46.666666666666664
hindi_m2,hindi,g,4,60,0.5,30,0.947,0.908,0.75,set13,60,33,35,1.061,2.0,2.0,6,10,0.033,L2,40.0
hindi_m2,hindi,g,4,60,0.5,30,0.947,0.908,0.75,set13,60,33,35,1.061,2.0,2.0,6,10,0.033,L2a,40.0
hindi_m2,hindi,g,4,60,0.5,30,0.947,0.908,0.75,set13,60,33,35,1.061,2.0,2.0,6,10,0.033,L2o,33.333333333333336
hindi_m2,hindi,g,4,60,0.5,30,0.947,0.908,0.75,set13,60,33,35,1.061,2.0,2.0,6,10,0.033,AUTO,40.0
