split,scenario,protocol,rep,n,pos_rate,persons,true_top_share,thr_voice,thr_voice_adaptive,voice_clusters_adaptive,auto,rows,face_clusters,voice_clusters,voice_face_ratio,face_median_size,voice_median_size,face_singletons,voice_singletons,largest_share,arm,eer
1,m1,ng,0,30,0.5,30,0.033,0.7,0.7,28,indep,30,29,28,0.966,1.0,1.0,28,26,0.067,L0,6.666666666666667
1,m1,ng,0,30,0.5,30,0.033,0.7,0.7,28,indep,30,29,28,0.966,1.0,1.0,28,26,0.067,L1,6.666666666666665
1,m1,ng,0,30,0.5,30,0.033,0.7,0.7,28,indep,30,29,28,0.966,1.0,1.0,28,26,0.067,L2,13.33333333333333
1,m1,ng,0,30,0.5,30,0.033,0.7,0.7,28,indep,30,29,28,0.966,1.0,1.0,28,26,0.067,L2a,13.33333333333333
1,m1,ng,0,30,0.5,30,0.033,0.7,0.7,28,indep,30,29,28,0.966,1.0,1.0,28,26,0.067,L2o,6.666666666666665
1,m1,ng,0,30,0.5,30,0.033,0.7,0.7,28,indep,30,29,28,0.966,1.0,1.0,28,26,0.067,AUTO,6.666666666666667
1,m1,g,0,30,0.533,30,0.033,0.7,0.55,30,indep,30,30,29,0.967,1.0,1.0,30,28,0.067,L0,28.57142857142857
1,m1,g,0,30,0.533,30,0.033,0.7,0.55,30,indep,30,30,29,0.967,1.0,1.0,30,28,0.067,L1,35.714285714285715
1,m1,g,0,30,0.533,30,0.033,0.7,0.55,30,indep,30,30,29,0.967,1.0,1.0,30,28,0.067,L2,35.714285714285715
1,m1,g,0,30,0.533,30,0.033,0.7,0.55,30,indep,30,30,29,0.967,1.0,1.0,30,28,0.067,L2a,35.714285714285715
1,m1,g,0,30,0.533,30,0.033,0.7,0.55,30,indep,30,30,29,0.967,1.0,1.0,30,28,0.067,L2o,35.714285714285715
1,m1,g,0,30,0.533,30,0.033,0.7,0.55,30,indep,30,30,29,0.967,1.0,1.0,30,28,0.067,AUTO,28.57142857142857
1,m2,ng,0,59,0.508,30,0.034,0.7,0.7,30,set13,59,30,30,1.0,2.0,2.0,1,3,0.051,L0,17.24137931034483
1,m2,ng,0,59,0.508,30,0.034,0.7,0.7,30,set13,59,30,30,1.0,2.0,2.0,1,3,0.051,L1,17.24137931034483
1,m2,ng,0,59,0.508,30,0.034,0.7,0.7,30,set13,59,30,30,1.0,2.0,2.0,1,3,0.051,L2,13.793103448275861
1,m2,ng,0,59,0.508,30,0.034,0.7,0.7,30,set13,59,30,30,1.0,2.0,2.0,1,3,0.051,L2a,13.793103448275861
1,m2,ng,0,59,0.508,30,0.034,0.7,0.7,30,set13,59,30,30,1.0,2.0,2.0,1,3,0.051,L2o,13.793103448275861
1,m2,ng,0,59,0.508,30,0.034,0.7,0.7,30,set13,59,30,30,1.0,2.0,2.0,1,3,0.051,AUTO,13.793103448275861
1,m2,g,0,59,0.492,30,0.034,0.7,0.7,30,set13,59,30,30,1.0,2.0,2.0,1,2,0.051,L0,40.0
1,m2,g,0,59,0.492,30,0.034,0.7,0.7,30,set13,59,30,30,1.0,2.0,2.0,1,2,0.051,L1,34.48275862068966
1,m2,g,0,59,0.492,30,0.034,0.7,0.7,30,set13,59,30,30,1.0,2.0,2.0,1,2,0.051,L2,30.0
1,m2,g,0,59,0.492,30,0.034,0.7,0.7,30,set13,59,30,30,1.0,2.0,2.0,1,2,0.051,L2a,30.0
1,m2,g,0,59,0.492,30,0.034,0.7,0.7,30,set13,59,30,30,1.0,2.0,2.0,1,2,0.051,L2o,30.0
1,m2,g,0,59,0.492,30,0.034,0.7,0.7,30,set13,59,30,30,1.0,2.0,2.0,1,2,0.051,AUTO,30.0
1,m4,ng,0,117,0.496,30,0.034,0.7,0.75,30,set13,117,30,31,1.033,4.0,4.0,1,3,0.06,L0,18.965517241379317
1,m4,ng,0,117,0.496,30,0.034,0.7,0.75,30,set13,117,30,31,1.033,4.0,4.0,1,3,0.06,L1,18.64406779661017
1,m4,ng,0,117,0.496,30,0.034,0.7,0.75,30,set13,117,30,31,1.033,4.0,4.0,1,3,0.06,L2,10.16949152542373
1,m4,ng,0,117,0.496,30,0.034,0.7,0.75,30,set13,117,30,31,1.033,4.0,4.0,1,3,0.06,L2a,10.16949152542373
1,m4,ng,0,117,0.496,30,0.034,0.7,0.75,30,set13,117,30,31,1.033,4.0,4.0,1,3,0.06,L2o,11.864406779661017
1,m4,ng,0,117,0.496,30,0.034,0.7,0.75,30,set13,117,30,31,1.033,4.0,4.0,1,3,0.06,AUTO,10.16949152542373
1,m4,g,0,116,0.5,30,0.034,0.7,0.6,32,set13,116,32,28,0.875,4.0,4.0,3,1,0.069,L0,34.48275862068966
1,m4,g,0,116,0.5,30,0.034,0.7,0.6,32,set13,116,32,28,0.875,4.0,4.0,3,1,0.069,L1,34.48275862068966
1,m4,g,0,116,0.5,30,0.034,0.7,0.6,32,set13,116,32,28,0.875,4.0,4.0,3,1,0.069,L2,31.034482758620683
1,m4,g,0,116,0.5,30,0.034,0.7,0.6,32,set13,116,32,28,0.875,4.0,4.0,3,1,0.069,L2a,32.758620689655174
1,m4,g,0,116,0.5,30,0.034,0.7,0.6,32,set13,116,32,28,0.875,4.0,4.0,3,1,0.069,L2o,31.03448275862069
1,m4,g,0,116,0.5,30,0.034,0.7,0.6,32,set13,116,32,28,0.875,4.0,4.0,3,1,0.069,AUTO,31.034482758620683
1,m8,ng,0,232,0.5,30,0.034,0.7,0.7,33,set13,232,32,33,1.031,8.0,8.0,3,3,0.034,L0,20.68965517241379
1,m8,ng,0,232,0.5,30,0.034,0.7,0.7,33,set13,232,32,33,1.031,8.0,8.0,3,3,0.034,L1,21.551724137931032
1,m8,ng,0,232,0.5,30,0.034,0.7,0.7,33,set13,232,32,33,1.031,8.0,8.0,3,3,0.034,L2,14.655172413793105
1,m8,ng,0,232,0.5,30,0.034,0.7,0.7,33,set13,232,32,33,1.031,8.0,8.0,3,3,0.034,L2a,14.655172413793105
1,m8,ng,0,232,0.5,30,0.034,0.7,0.7,33,set13,232,32,33,1.031,8.0,8.0,3,3,0.034,L2o,14.655172413793101
1,m8,ng,0,232,0.5,30,0.034,0.7,0.7,33,set13,232,32,33,1.031,8.0,8.0,3,3,0.034,AUTO,14.655172413793105
1,m8,g,0,231,0.502,30,0.035,0.7,0.75,31,set13,231,31,33,1.065,8.0,8.0,2,3,0.035,L0,27.586206896551722
1,m8,g,0,231,0.502,30,0.035,0.7,0.75,31,set13,231,31,33,1.065,8.0,8.0,2,3,0.035,L1,25.217391304347824
1,m8,g,0,231,0.502,30,0.035,0.7,0.75,31,set13,231,31,33,1.065,8.0,8.0,2,3,0.035,L2,24.13793103448276
1,m8,g,0,231,0.502,30,0.035,0.7,0.75,31,set13,231,31,33,1.065,8.0,8.0,2,3,0.035,L2a,24.13793103448276
1,m8,g,0,231,0.502,30,0.035,0.7,0.75,31,set13,231,31,33,1.065,8.0,8.0,2,3,0.035,L2o,24.13793103448276
1,m8,g,0,231,0.502,30,0.035,0.7,0.75,31,set13,231,31,33,1.065,8.0,8.0,2,3,0.035,AUTO,24.13793103448276
1,m16,ng,0,448,0.502,30,0.036,0.7,0.7,35,set13,448,33,35,1.061,16.0,16.0,3,6,0.071,L0,19.11111111111111
1,m16,ng,0,448,0.502,30,0.036,0.7,0.7,35,set13,448,33,35,1.061,16.0,16.0,3,6,0.071,L1,19.11111111111111
1,m16,ng,0,448,0.502,30,0.036,0.7,0.7,35,set13,448,33,35,1.061,16.0,16.0,3,6,0.071,L2,16.591928251121075
1,m16,ng,0,448,0.502,30,0.036,0.7,0.7,35,set13,448,33,35,1.061,16.0,16.0,3,6,0.071,L2a,16.591928251121075
1,m16,ng,0,448,0.502,30,0.036,0.7,0.7,35,set13,448,33,35,1.061,16.0,16.0,3,6,0.071,L2o,16.44444444444444
1,m16,ng,0,448,0.502,30,0.036,0.7,0.7,35,set13,448,33,35,1.061,16.0,16.0,3,6,0.071,AUTO,16.591928251121075
1,m16,g,0,448,0.5,30,0.036,0.7,0.7,35,set13,448,33,35,1.061,16.0,16.0,3,5,0.036,L0,35.26785714285714
1,m16,g,0,448,0.5,30,0.036,0.7,0.7,35,set13,448,33,35,1.061,16.0,16.0,3,5,0.036,L1,33.482142857142854
1,m16,g,0,448,0.5,30,0.036,0.7,0.7,35,set13,448,33,35,1.061,16.0,16.0,3,5,0.036,L2,23.660714285714292
1,m16,g,0,448,0.5,30,0.036,0.7,0.7,35,set13,448,33,35,1.061,16.0,16.0,3,5,0.036,L2a,23.660714285714292
1,m16,g,0,448,0.5,30,0.036,0.7,0.7,35,set13,448,33,35,1.061,16.0,16.0,3,5,0.036,L2o,22.767857142857142
1,m16,g,0,448,0.5,30,0.036,0.7,0.7,35,set13,448,33,35,1.061,16.0,16.0,3,5,0.036,AUTO,23.660714285714292
1,m32,ng,0,810,0.5,30,0.04,0.7,0.7999999999999999,30,set13,810,32,39,1.219,32.0,32.0,2,8,0.072,L0,21.97530864197531
1,m32,ng,0,810,0.5,30,0.04,0.7,0.7999999999999999,30,set13,810,32,39,1.219,32.0,32.0,2,8,0.072,L1,21.48148148148148
1,m32,ng,0,810,0.5,30,0.04,0.7,0.7999999999999999,30,set13,810,32,39,1.219,32.0,32.0,2,8,0.072,L2,14.814814814814813
1,m32,ng,0,810,0.5,30,0.04,0.7,0.7999999999999999,30,set13,810,32,39,1.219,32.0,32.0,2,8,0.072,L2a,15.06172839506173
1,m32,ng,0,810,0.5,30,0.04,0.7,0.7999999999999999,30,set13,810,32,39,1.219,32.0,32.0,2,8,0.072,L2o,15.06172839506173
1,m32,ng,0,810,0.5,30,0.04,0.7,0.7999999999999999,30,set13,810,32,39,1.219,32.0,32.0,2,8,0.072,AUTO,14.814814814814813
1,m32,g,0,810,0.5,30,0.04,0.7,0.75,34,set13,810,32,38,1.188,32.0,32.0,2,7,0.041,L0,31.11111111111111
1,m32,g,0,810,0.5,30,0.04,0.7,0.75,34,set13,810,32,38,1.188,32.0,32.0,2,7,0.041,L1,30.864197530864196
1,m32,g,0,810,0.5,30,0.04,0.7,0.75,34,set13,810,32,38,1.188,32.0,32.0,2,7,0.041,L2,21.48148148148148
1,m32,g,0,810,0.5,30,0.04,0.7,0.75,34,set13,810,32,38,1.188,32.0,32.0,2,7,0.041,L2a,21.48148148148148
1,m32,g,0,810,0.5,30,0.04,0.7,0.75,34,set13,810,32,38,1.188,32.0,32.0,2,7,0.041,L2o,20.98765432098766
1,m32,g,0,810,0.5,30,0.04,0.7,0.75,34,set13,810,32,38,1.188,32.0,32.0,2,7,0.041,AUTO,21.48148148148148
1,pos20,ng,0,448,0.188,30,0.036,0.7,0.7999999999999999,29,set13,448,31,37,1.194,16.0,16.0,2,7,0.036,L0,25.0
1,pos20,ng,0,448,0.188,30,0.036,0.7,0.7999999999999999,29,set13,448,31,37,1.194,16.0,16.0,2,7,0.036,L1,24.175824175824175
1,pos20,ng,0,448,0.188,30,0.036,0.7,0.7999999999999999,29,set13,448,31,37,1.194,16.0,16.0,2,7,0.036,L2,19.230769230769234
1,pos20,ng,0,448,0.188,30,0.036,0.7,0.7999999999999999,29,set13,448,31,37,1.194,16.0,16.0,2,7,0.036,L2a,19.047619047619047
1,pos20,ng,0,448,0.188,30,0.036,0.7,0.7999999999999999,29,set13,448,31,37,1.194,16.0,16.0,2,7,0.036,L2o,19.047619047619047
1,pos20,ng,0,448,0.188,30,0.036,0.7,0.7999999999999999,29,set13,448,31,37,1.194,16.0,16.0,2,7,0.036,AUTO,19.230769230769234
1,pos20,g,0,448,0.19,30,0.036,0.7,0.7999999999999999,32,set13,448,31,39,1.258,16.0,16.0,1,8,0.036,L0,30.303030303030305
1,pos20,g,0,448,0.19,30,0.036,0.7,0.7999999999999999,32,set13,448,31,39,1.258,16.0,16.0,1,8,0.036,L1,31.76470588235294
1,pos20,g,0,448,0.19,30,0.036,0.7,0.7999999999999999,32,set13,448,31,39,1.258,16.0,16.0,1,8,0.036,L2,25.6198347107438
1,pos20,g,0,448,0.19,30,0.036,0.7,0.7999999999999999,32,set13,448,31,39,1.258,16.0,16.0,1,8,0.036,L2a,25.068870523415974
1,pos20,g,0,448,0.19,30,0.036,0.7,0.7999999999999999,32,set13,448,31,39,1.258,16.0,16.0,1,8,0.036,L2o,24.242424242424242
1,pos20,g,0,448,0.19,30,0.036,0.7,0.7999999999999999,32,set13,448,31,39,1.258,16.0,16.0,1,8,0.036,AUTO,25.6198347107438
1,dom,ng,0,321,0.498,30,0.302,0.7,0.7,31,indep,321,33,31,0.939,8.0,8.0,2,3,0.293,L0,23.60248447204969
1,dom,ng,0,321,0.498,30,0.302,0.7,0.7,31,indep,321,33,31,0.939,8.0,8.0,2,3,0.293,L1,21.73913043478261
1,dom,ng,0,321,0.498,30,0.302,0.7,0.7,31,indep,321,33,31,0.939,8.0,8.0,2,3,0.293,L2,16.874999999999996
1,dom,ng,0,321,0.498,30,0.302,0.7,0.7,31,indep,321,33,31,0.939,8.0,8.0,2,3,0.293,L2a,16.874999999999996
1,dom,ng,0,321,0.498,30,0.302,0.7,0.7,31,indep,321,33,31,0.939,8.0,8.0,2,3,0.293,L2o,12.422360248447205
1,dom,ng,0,321,0.498,30,0.302,0.7,0.7,31,indep,321,33,31,0.939,8.0,8.0,2,3,0.293,AUTO,23.60248447204969
1,dom,g,0,317,0.505,30,0.293,0.7,0.7,33,indep,317,32,33,1.031,8.0,8.0,2,5,0.284,L0,36.875
1,dom,g,0,317,0.505,30,0.293,0.7,0.7,33,indep,317,32,33,1.031,8.0,8.0,2,5,0.284,L1,36.30573248407643
1,dom,g,0,317,0.505,30,0.293,0.7,0.7,33,indep,317,32,33,1.031,8.0,8.0,2,5,0.284,L2,23.56687898089172
1,dom,g,0,317,0.505,30,0.293,0.7,0.7,33,indep,317,32,33,1.031,8.0,8.0,2,5,0.284,L2a,23.56687898089172
1,dom,g,0,317,0.505,30,0.293,0.7,0.7,33,indep,317,32,33,1.031,8.0,8.0,2,5,0.284,L2o,29.936305732484076
1,dom,g,0,317,0.505,30,0.293,0.7,0.7,33,indep,317,32,33,1.031,8.0,8.0,2,5,0.284,AUTO,36.875
1,p5,ng,0,73,0.493,5,0.219,0.7,0.8499999999999999,5,set13,73,5,6,1.2,16.0,16.0,0,1,0.219,L0,16.216216216216218
1,p5,ng,0,73,0.493,5,0.219,0.7,0.8499999999999999,5,set13,73,5,6,1.2,16.0,16.0,0,1,0.219,L1,16.216216216216218
1,p5,ng,0,73,0.493,5,0.219,0.7,0.8499999999999999,5,set13,73,5,6,1.2,16.0,16.0,0,1,0.219,L2,2.7027027027027026
1,p5,ng,0,73,0.493,5,0.219,0.7,0.8499999999999999,5,set13,73,5,6,1.2,16.0,16.0,0,1,0.219,L2a,0.0
1,p5,ng,0,73,0.493,5,0.219,0.7,0.8499999999999999,5,set13,73,5,6,1.2,16.0,16.0,0,1,0.219,L2o,0.0
1,p5,ng,0,73,0.493,5,0.219,0.7,0.8499999999999999,5,set13,73,5,6,1.2,16.0,16.0,0,1,0.219,AUTO,2.7027027027027026
1,p5,g,0,79,0.506,5,0.203,0.7,0.75,5,set13,79,5,6,1.2,16.0,16.0,0,1,0.203,L0,23.076923076923077
1,p5,g,0,79,0.506,5,0.203,0.7,0.75,5,set13,79,5,6,1.2,16.0,16.0,0,1,0.203,L1,17.500000000000004
1,p5,g,0,79,0.506,5,0.203,0.7,0.75,5,set13,79,5,6,1.2,16.0,16.0,0,1,0.203,L2,7.6923076923076925
1,p5,g,0,79,0.506,5,0.203,0.7,0.75,5,set13,79,5,6,1.2,16.0,16.0,0,1,0.203,L2a,7.6923076923076925
1,p5,g,0,79,0.506,5,0.203,0.7,0.75,5,set13,79,5,6,1.2,16.0,16.0,0,1,0.203,L2o,7.6923076923076925
1,p5,g,0,79,0.506,5,0.203,0.7,0.75,5,set13,79,5,6,1.2,16.0,16.0,0,1,0.203,AUTO,7.6923076923076925
1,p10,ng,0,153,0.497,10,0.105,0.7,0.7,11,set13,153,11,11,1.0,16.0,16.0,0,1,0.105,L0,23.684210526315784
1,p10,ng,0,153,0.497,10,0.105,0.7,0.7,11,set13,153,11,11,1.0,16.0,16.0,0,1,0.105,L1,23.684210526315784
1,p10,ng,0,153,0.497,10,0.105,0.7,0.7,11,set13,153,11,11,1.0,16.0,16.0,0,1,0.105,L2,12.987012987012985
1,p10,ng,0,153,0.497,10,0.105,0.7,0.7,11,set13,153,11,11,1.0,16.0,16.0,0,1,0.105,L2a,12.987012987012985
1,p10,ng,0,153,0.497,10,0.105,0.7,0.7,11,set13,153,11,11,1.0,16.0,16.0,0,1,0.105,L2o,12.987012987012985
1,p10,ng,0,153,0.497,10,0.105,0.7,0.7,11,set13,153,11,11,1.0,16.0,16.0,0,1,0.105,AUTO,12.987012987012985
1,p10,g,0,138,0.493,10,0.116,0.7,0.75,10,set13,138,10,11,1.1,16.0,16.0,1,1,0.116,L0,35.714285714285715
1,p10,g,0,138,0.493,10,0.116,0.7,0.75,10,set13,138,10,11,1.1,16.0,16.0,1,1,0.116,L1,32.857142857142854
1,p10,g,0,138,0.493,10,0.116,0.7,0.75,10,set13,138,10,11,1.1,16.0,16.0,1,1,0.116,L2,22.058823529411764
1,p10,g,0,138,0.493,10,0.116,0.7,0.75,10,set13,138,10,11,1.1,16.0,16.0,1,1,0.116,L2a,23.529411764705888
1,p10,g,0,138,0.493,10,0.116,0.7,0.75,10,set13,138,10,11,1.1,16.0,16.0,1,1,0.116,L2o,23.529411764705888
1,p10,g,0,138,0.493,10,0.116,0.7,0.75,10,set13,138,10,11,1.1,16.0,16.0,1,1,0.116,AUTO,22.058823529411764
