seed,tf,tv,b,face_ari,voice_ari,voice_mixed_person,voice_mixed_gender,face_mixed_person,no_gender,gender
1,0.65,0.5,0.0,0.983,0.803,0.0,0.0,0.0,26.97,34.27
1,0.65,0.5,0.5,0.983,0.803,0.0,0.0,0.0,22.4,30.1
1,0.65,0.5,0.75,0.983,0.803,0.0,0.0,0.0,20.7,28.53
1,0.65,0.5,0.99,0.983,0.803,0.0,0.0,0.0,20.03,28.0
1,0.65,0.6,0.0,0.983,0.92,0.006,0.0,0.0,26.97,34.27
1,0.65,0.6,0.5,0.983,0.92,0.006,0.0,0.0,22.07,30.0
1,0.65,0.6,0.75,0.983,0.92,0.006,0.0,0.0,20.27,27.4
1,0.65,0.6,0.99,0.983,0.92,0.006,0.0,0.0,20.5,26.9
1,0.65,0.7,0.0,0.983,0.981,0.051,0.0,0.0,26.97,34.27
1,0.65,0.7,0.5,0.983,0.981,0.051,0.0,0.0,21.13,28.87
1,0.65,0.7,0.75,0.983,0.981,0.051,0.0,0.0,18.8,26.4
1,0.65,0.7,0.99,0.983,0.981,0.051,0.0,0.0,16.93,24.53
1,0.65,0.8,0.0,0.983,0.925,0.361,0.093,0.0,26.97,34.27
1,0.65,0.8,0.5,0.983,0.925,0.361,0.093,0.0,21.1,29.27
1,0.65,0.8,0.75,0.983,0.925,0.361,0.093,0.0,19.07,26.93
1,0.65,0.8,0.99,0.983,0.925,0.361,0.093,0.0,19.5,25.13
1,0.75,0.5,0.0,0.992,0.803,0.0,0.0,0.0,26.97,34.27
1,0.75,0.5,0.5,0.992,0.803,0.0,0.0,0.0,22.23,30.13
1,0.75,0.5,0.75,0.992,0.803,0.0,0.0,0.0,20.53,28.17
1,0.75,0.5,0.99,0.992,0.803,0.0,0.0,0.0,18.97,27.83
1,0.75,0.6,0.0,0.992,0.92,0.006,0.0,0.0,26.97,34.27
1,0.75,0.6,0.5,0.992,0.92,0.006,0.0,0.0,21.7,29.73
1,0.75,0.6,0.75,0.992,0.92,0.006,0.0,0.0,20.13,27.07
1,0.75,0.6,0.99,0.992,0.92,0.006,0.0,0.0,19.7,26.83
1,0.75,0.7,0.0,0.992,0.981,0.051,0.0,0.0,26.97,34.27
1,0.75,0.7,0.5,0.992,0.981,0.051,0.0,0.0,20.97,28.73
1,0.75,0.7,0.75,0.992,0.981,0.051,0.0,0.0,18.53,26.1
1,0.75,0.7,0.99,0.992,0.981,0.051,0.0,0.0,17.1,24.23
1,0.75,0.8,0.0,0.992,0.925,0.361,0.093,0.0,26.97,34.27
1,0.75,0.8,0.5,0.992,0.925,0.361,0.093,0.0,21.03,29.1
1,0.75,0.8,0.75,0.992,0.925,0.361,0.093,0.0,18.83,26.47
1,0.75,0.8,0.99,0.992,0.925,0.361,0.093,0.0,19.23,24.07
2,0.65,0.5,0.0,0.906,0.734,0.082,0.0,0.131,32.5,39.33
2,0.65,0.5,0.5,0.906,0.734,0.082,0.0,0.131,27.3,35.63
2,0.65,0.5,0.75,0.906,0.734,0.082,0.0,0.131,25.3,34.43
2,0.65,0.5,0.99,0.906,0.734,0.082,0.0,0.131,24.63,33.77
2,0.65,0.6,0.0,0.906,0.805,0.125,0.0,0.131,32.5,39.33
2,0.65,0.6,0.5,0.906,0.805,0.125,0.0,0.131,26.5,35.33
2,0.65,0.6,0.75,0.906,0.805,0.125,0.0,0.131,24.6,34.03
2,0.65,0.6,0.99,0.906,0.805,0.125,0.0,0.131,23.8,35.0
2,0.65,0.7,0.0,0.906,0.878,0.173,0.001,0.131,32.5,39.33
2,0.65,0.7,0.5,0.906,0.878,0.173,0.001,0.131,26.37,35.9
2,0.65,0.7,0.75,0.906,0.878,0.173,0.001,0.131,24.77,34.43
2,0.65,0.7,0.99,0.906,0.878,0.173,0.001,0.131,24.67,34.33
2,0.65,0.8,0.0,0.906,0.89,0.368,0.001,0.131,32.5,39.33
2,0.65,0.8,0.5,0.906,0.89,0.368,0.001,0.131,26.4,35.7
2,0.65,0.8,0.75,0.906,0.89,0.368,0.001,0.131,24.93,33.77
2,0.65,0.8,0.99,0.906,0.89,0.368,0.001,0.131,24.57,32.6
2,0.75,0.5,0.0,0.914,0.734,0.082,0.0,0.131,32.5,39.33
2,0.75,0.5,0.5,0.914,0.734,0.082,0.0,0.131,27.17,35.67
2,0.75,0.5,0.75,0.914,0.734,0.082,0.0,0.131,25.27,34.6
2,0.75,0.5,0.99,0.914,0.734,0.082,0.0,0.131,24.73,33.97
2,0.75,0.6,0.0,0.914,0.805,0.125,0.0,0.131,32.5,39.33
2,0.75,0.6,0.5,0.914,0.805,0.125,0.0,0.131,26.5,35.47
2,0.75,0.6,0.75,0.914,0.805,0.125,0.0,0.131,24.53,34.17
2,0.75,0.6,0.99,0.914,0.805,0.125,0.0,0.131,23.87,34.9
2,0.75,0.7,0.0,0.914,0.878,0.173,0.001,0.131,32.5,39.33
2,0.75,0.7,0.5,0.914,0.878,0.173,0.001,0.131,26.3,35.93
2,0.75,0.7,0.75,0.914,0.878,0.173,0.001,0.131,24.83,34.43
2,0.75,0.7,0.99,0.914,0.878,0.173,0.001,0.131,24.63,34.47
2,0.75,0.8,0.0,0.914,0.89,0.368,0.001,0.131,32.5,39.33
2,0.75,0.8,0.5,0.914,0.89,0.368,0.001,0.131,26.37,35.87
2,0.75,0.8,0.75,0.914,0.89,0.368,0.001,0.131,24.9,33.67
2,0.75,0.8,0.99,0.914,0.89,0.368,0.001,0.131,24.6,32.6
3,0.65,0.5,0.0,0.988,0.706,0.0,0.0,0.0,34.3,42.0
3,0.65,0.5,0.5,0.988,0.706,0.0,0.0,0.0,32.4,41.13
3,0.65,0.5,0.75,0.988,0.706,0.0,0.0,0.0,32.5,41.23
3,0.65,0.5,0.99,0.988,0.706,0.0,0.0,0.0,33.9,40.63
3,0.65,0.6,0.0,0.988,0.859,0.0,0.0,0.0,34.3,42.0
3,0.65,0.6,0.5,0.988,0.859,0.0,0.0,0.0,31.8,40.5
3,0.65,0.6,0.75,0.988,0.859,0.0,0.0,0.0,32.3,41.17
3,0.65,0.6,0.99,0.988,0.859,0.0,0.0,0.0,32.93,42.37
3,0.65,0.7,0.0,0.988,0.94,0.035,0.033,0.0,34.3,42.0
3,0.65,0.7,0.5,0.988,0.94,0.035,0.033,0.0,31.9,40.5
3,0.65,0.7,0.75,0.988,0.94,0.035,0.033,0.0,32.67,40.13
3,0.65,0.7,0.99,0.988,0.94,0.035,0.033,0.0,34.33,40.87
3,0.65,0.8,0.0,0.988,0.868,0.398,0.036,0.0,34.3,42.0
3,0.65,0.8,0.5,0.988,0.868,0.398,0.036,0.0,30.73,39.77
3,0.65,0.8,0.75,0.988,0.868,0.398,0.036,0.0,30.2,37.57
3,0.65,0.8,0.99,0.988,0.868,0.398,0.036,0.0,29.83,35.63
3,0.75,0.5,0.0,0.992,0.706,0.0,0.0,0.0,34.3,42.0
3,0.75,0.5,0.5,0.992,0.706,0.0,0.0,0.0,32.27,41.03
3,0.75,0.5,0.75,0.992,0.706,0.0,0.0,0.0,32.47,41.2
3,0.75,0.5,0.99,0.992,0.706,0.0,0.0,0.0,33.83,40.77
3,0.75,0.6,0.0,0.992,0.859,0.0,0.0,0.0,34.3,42.0
3,0.75,0.6,0.5,0.992,0.859,0.0,0.0,0.0,31.7,40.5
3,0.75,0.6,0.75,0.992,0.859,0.0,0.0,0.0,32.27,41.1
3,0.75,0.6,0.99,0.992,0.859,0.0,0.0,0.0,33.07,42.3
3,0.75,0.7,0.0,0.992,0.94,0.035,0.033,0.0,34.3,42.0
3,0.75,0.7,0.5,0.992,0.94,0.035,0.033,0.0,31.9,40.5
3,0.75,0.7,0.75,0.992,0.94,0.035,0.033,0.0,32.7,40.07
3,0.75,0.7,0.99,0.992,0.94,0.035,0.033,0.0,34.2,40.8
3,0.75,0.8,0.0,0.992,0.868,0.398,0.036,0.0,34.3,42.0
3,0.75,0.8,0.5,0.992,0.868,0.398,0.036,0.0,30.7,39.67
3,0.75,0.8,0.75,0.992,0.868,0.398,0.036,0.0,30.23,37.57
3,0.75,0.8,0.99,0.992,0.868,0.398,0.036,0.0,29.6,35.7
