seed,align,protocol,eer
1,none,no_gender,22.800000000000004
1,none,gender,32.03333333333334
1,mean,no_gender,21.48333333333333
1,mean,gender,31.2
1,mean_v,no_gender,22.26666666666667
1,mean_v,gender,31.88333333333333
1,std,no_gender,22.56666666666667
1,std,gender,31.866666666666667
1,std_v,no_gender,22.71666666666667
1,std_v,gender,32.266666666666666
1,coral,no_gender,37.53333333333333
1,coral,gender,42.56666666666666
1,coral_v,no_gender,32.03333333333334
1,coral_v,gender,39.15
2,none,no_gender,23.05
2,none,gender,34.86666666666667
2,mean,no_gender,21.35
2,mean,gender,32.8
2,mean_v,no_gender,22.499999999999996
2,mean_v,gender,34.13333333333334
2,std,no_gender,22.25
2,std,gender,32.833333333333336
2,std_v,no_gender,22.850000000000005
2,std_v,gender,34.166666666666664
2,coral,no_gender,36.88333333333333
2,coral,gender,42.95
2,coral_v,no_gender,31.61666666666667
2,coral_v,gender,40.21666666666667
3,none,no_gender,25.6
3,none,gender,35.3
3,mean,no_gender,24.6
3,mean,gender,33.18333333333333
3,mean_v,no_gender,25.7
3,mean_v,gender,34.63333333333334
3,std,no_gender,25.36666666666667
3,std,gender,33.88333333333333
3,std_v,no_gender,25.5
3,std_v,gender,34.4
3,coral,no_gender,36.5
3,coral,gender,43.333333333333336
3,coral_v,no_gender,31.899999999999995
3,coral_v,gender,41.21666666666667
