seed,face,voice,sample_ng,person_ng,sample_g,person_g
1,vgg,given,28.299999999999997,15.566666666666668,35.833333333333336,25.866666666666667
1,vgg,ecapa192,28.633333333333333,20.333333333333336,36.53333333333333,25.966666666666672
1,vgg,ecapa6144,27.23333333333333,18.533333333333335,36.36666666666667,28.9
1,vgg,rdn6vox,29.133333333333333,23.633333333333333,35.766666666666666,32.300000000000004
1,vgg,rdn6multi,27.73333333333333,23.06666666666667,34.766666666666666,27.53333333333333
1,vgg,wavlm_L4-9,27.73333333333333,23.666666666666668,35.13333333333334,34.56666666666667
1,vgg,xlsr_L4-6,33.43333333333333,33.1,41.16666666666667,38.2
1,arcface,given,36.199999999999996,30.533333333333335,42.5,35.0
1,arcface,ecapa192,35.93333333333333,30.866666666666664,41.400000000000006,34.8
1,arcface,rdn6multi,36.233333333333334,30.733333333333334,41.333333333333336,38.0
2,vgg,given,32.766666666666666,24.06666666666667,40.33333333333333,32.33333333333333
2,vgg,ecapa192,34.1,25.133333333333336,41.63333333333333,34.766666666666666
2,vgg,ecapa6144,29.266666666666662,20.733333333333338,36.86666666666667,29.299999999999997
2,vgg,rdn6vox,33.96666666666667,28.333333333333332,40.36666666666667,36.7
2,vgg,rdn6multi,32.83333333333333,25.13333333333333,39.366666666666674,35.13333333333334
2,vgg,wavlm_L4-9,32.233333333333334,30.666666666666664,41.1,37.5
2,vgg,xlsr_L4-6,34.13333333333334,29.599999999999998,42.6,41.6
2,arcface,given,44.5,46.46666666666667,48.1,50.5
2,arcface,ecapa192,43.666666666666664,38.23333333333333,48.4,46.599999999999994
2,arcface,rdn6multi,42.00000000000001,37.93333333333333,46.0,44.599999999999994
3,vgg,given,34.233333333333334,31.966666666666665,42.733333333333334,38.03333333333333
3,vgg,ecapa192,35.86666666666667,31.599999999999994,44.03333333333334,44.13333333333333
3,vgg,ecapa6144,33.36666666666667,34.0,42.266666666666666,38.23333333333333
3,vgg,rdn6vox,34.63333333333334,32.4,41.800000000000004,39.83333333333333
3,vgg,rdn6multi,33.4,32.53333333333333,41.43333333333333,41.8
3,vgg,wavlm_L4-9,31.000000000000007,24.6,38.0,31.533333333333335
3,vgg,xlsr_L4-6,34.43333333333334,28.700000000000003,41.699999999999996,34.300000000000004
3,arcface,given,36.4,33.06666666666666,41.93333333333334,36.36666666666667
3,arcface,ecapa192,34.63333333333333,30.733333333333334,40.0,32.53333333333334
3,arcface,rdn6multi,34.699999999999996,32.099999999999994,39.96666666666667,36.6
