src,spk,key,max_cos_v4train,v4train_id,top20_cos_dev,overlap
v3_train,id0001,v3_train:id0001,0.446,id034,0.523,False
v3_train,id0002,v3_train:id0002,0.203,id054,0.389,False
v3_train,id0003,v3_train:id0003,0.276,id050,0.392,False
v3_train,id0004,v3_train:id0004,0.285,id051,0.36,False
v3_train,id0005,v3_train:id0005,0.284,id066,0.401,False
v3_train,id0006,v3_train:id0006,0.407,id013,0.355,False
v3_train,id0007,v3_train:id0007,0.259,id009,0.348,False
v3_train,id0008,v3_train:id0008,0.282,id043,0.406,False
v3_train,id0009,v3_train:id0009,0.409,id034,0.527,False
v3_train,id0010,v3_train:id0010,0.185,id031,0.365,False
v3_train,id0011,v3_train:id0011,0.283,id009,0.332,False
v3_train,id0012,v3_train:id0012,0.248,id037,0.338,False
v3_train,id0013,v3_train:id0013,0.263,id009,0.321,False
v3_train,id0014,v3_train:id0014,0.319,id004,0.362,False
v3_train,id0015,v3_train:id0015,0.258,id015,0.351,False
v3_train,id0016,v3_train:id0016,0.393,id015,0.37,False
v3_train,id0017,v3_train:id0017,0.298,id037,0.459,False
v3_train,id0018,v3_train:id0018,0.36,id049,0.417,False
v3_train,id0019,v3_train:id0019,0.384,id049,0.475,False
v3_train,id0020,v3_train:id0020,0.296,id042,0.373,False
v3_train,id0021,v3_train:id0021,0.465,id049,0.409,False
v3_train,id0022,v3_train:id0022,0.226,id037,0.405,False
v3_train,id0023,v3_train:id0023,0.276,id018,0.335,False
v3_train,id0024,v3_train:id0024,0.341,id061,0.315,False
v3_train,id0025,v3_train:id0025,0.224,id037,0.342,False
v3_train,id0026,v3_train:id0026,0.492,id065,0.5,False
v3_train,id0027,v3_train:id0027,0.243,id014,0.335,False
v3_train,id0028,v3_train:id0028,0.245,id015,0.326,False
v3_train,id0029,v3_train:id0029,0.259,id015,0.351,False
v3_train,id0030,v3_train:id0030,0.456,id062,0.438,False
v3_train,id0031,v3_train:id0031,0.35,id005,0.564,False
v3_train,id0032,v3_train:id0032,0.233,id061,0.387,False
v3_train,id0033,v3_train:id0033,0.261,id025,0.34,False
v3_train,id0034,v3_train:id0034,0.483,id049,0.416,False
v3_train,id0035,v3_train:id0035,0.27,id036,0.419,False
v3_train,id0036,v3_train:id0036,0.19,id031,0.378,False
v3_train,id0037,v3_train:id0037,0.159,id059,0.396,False
v3_train,id0038,v3_train:id0038,0.331,id051,0.395,False
v3_train,id0039,v3_train:id0039,0.358,id025,0.46,False
v3_train,id0040,v3_train:id0040,0.25,id001,0.33,False
v3_train,id0041,v3_train:id0041,0.319,id015,0.397,False
v3_train,id0042,v3_train:id0042,0.554,id034,0.593,False
v3_train,id0043,v3_train:id0043,0.161,id039,0.366,False
v3_train,id0044,v3_train:id0044,0.245,id031,0.313,False
v3_train,id0045,v3_train:id0045,0.233,id039,0.336,False
v3_train,id0046,v3_train:id0046,0.378,id013,0.359,False
v3_train,id0047,v3_train:id0047,0.23,id015,0.401,False
v3_train,id0048,v3_train:id0048,0.213,id025,0.324,False
v3_train,id0049,v3_train:id0049,0.487,id034,0.553,False
v3_train,id0050,v3_train:id0050,0.256,id051,0.272,False
