lang,draw,emb,kind,EN,other_lang,oracle_best,n_clusters,no_gender,gender
urdu,0,given,ARI,0.9091766285555719,0.8865243359384147,0.9098632358179312,,,
urdu,0,ecapa192,ARI,0.8955161949116869,0.8733859472068383,0.8954518791167949,,,
urdu,0,rdn6vox,ARI,0.9081942027739516,0.9226849713923436,0.9296155298838472,,,
urdu,0,none,EER,,,,450.0,32.0,42.03333333333333
urdu,0,oracle,EER,,,,30.0,33.233333333333334,41.333333333333336
urdu,0,given|EN,EER,,,,52.0,30.5,40.2
urdu,0,given|other-lang,EER,,,,59.0,29.26666666666667,39.800000000000004
urdu,0,ecapa192|EN,EER,,,,58.0,29.2,40.0
urdu,0,ecapa192|other-lang,EER,,,,65.0,29.166666666666668,39.93333333333333
urdu,0,rdn6vox|EN,EER,,,,47.0,30.366666666666664,40.2
urdu,0,rdn6vox|other-lang,EER,,,,53.0,30.433333333333334,40.400000000000006
urdu,1,given,ARI,0.9141981537423773,0.8812866787131266,0.9496340238754399,,,
urdu,1,ecapa192,ARI,0.9025489286375646,0.8804767554915669,0.9434716004782633,,,
urdu,1,rdn6vox,ARI,0.93857851869727,0.9170032604035978,0.9474166974557978,,,
urdu,1,none,EER,,,,450.0,30.8,39.6
urdu,1,oracle,EER,,,,30.0,31.566666666666666,40.733333333333334
urdu,1,given|EN,EER,,,,51.0,29.166666666666668,39.43333333333333
urdu,1,given|other-lang,EER,,,,62.0,28.26666666666667,38.800000000000004
urdu,1,ecapa192|EN,EER,,,,57.0,28.366666666666667,38.96666666666667
urdu,1,ecapa192|other-lang,EER,,,,63.0,27.766666666666666,38.6
urdu,1,rdn6vox|EN,EER,,,,46.0,29.100000000000005,40.33333333333333
urdu,1,rdn6vox|other-lang,EER,,,,54.0,28.866666666666667,39.266666666666666
urdu,2,given,ARI,0.8830826508893914,0.8996480657986847,0.8994857548055609,,,
urdu,2,ecapa192,ARI,0.8768187871925458,0.903361379641237,0.903361379641237,,,
urdu,2,rdn6vox,ARI,0.913528616146757,0.928683879828647,0.928683879828647,,,
urdu,2,none,EER,,,,450.0,30.733333333333334,42.66666666666667
urdu,2,oracle,EER,,,,30.0,28.53333333333333,38.2
urdu,2,given|EN,EER,,,,52.0,26.700000000000003,39.13333333333333
urdu,2,given|other-lang,EER,,,,59.0,26.700000000000003,37.86666666666667
urdu,2,ecapa192|EN,EER,,,,55.0,26.53333333333333,39.2
urdu,2,ecapa192|other-lang,EER,,,,60.0,27.0,38.23333333333333
urdu,2,rdn6vox|EN,EER,,,,45.0,27.166666666666668,39.2
urdu,2,rdn6vox|other-lang,EER,,,,54.0,26.200000000000003,38.53333333333334
urdu,3,given,ARI,0.9385947270372367,0.9225436167137568,0.9385947270372367,,,
urdu,3,ecapa192,ARI,0.9272580131862144,0.926254428444414,0.9382453399879987,,,
urdu,3,rdn6vox,ARI,0.9566952185743589,0.9448610396886921,0.9605842826167633,,,
urdu,3,none,EER,,,,450.0,28.566666666666663,38.0
urdu,3,oracle,EER,,,,30.0,22.666666666666664,35.8
urdu,3,given|EN,EER,,,,47.0,23.13333333333333,34.099999999999994
urdu,3,given|other-lang,EER,,,,52.0,23.066666666666666,34.8
urdu,3,ecapa192|EN,EER,,,,50.0,23.066666666666666,34.93333333333334
urdu,3,ecapa192|other-lang,EER,,,,55.0,23.06666666666667,34.93333333333334
urdu,3,rdn6vox|EN,EER,,,,45.0,21.833333333333332,35.4
urdu,3,rdn6vox|other-lang,EER,,,,49.0,21.633333333333333,33.7
urdu,4,given,ARI,0.9333512292614367,0.9125099213447122,0.9333512292614367,,,
urdu,4,ecapa192,ARI,0.9277991961277671,0.9260961742963923,0.9370034330389723,,,
urdu,4,rdn6vox,ARI,0.9560343461049713,0.9476633490766384,0.9560343461049713,,,
urdu,4,none,EER,,,,447.0,28.7,40.53333333333333
urdu,4,oracle,EER,,,,30.0,24.06666666666667,34.36666666666667
urdu,4,given|EN,EER,,,,43.0,24.63333333333333,35.633333333333326
urdu,4,given|other-lang,EER,,,,51.0,27.766666666666662,34.4
urdu,4,ecapa192|EN,EER,,,,49.0,26.966666666666672,33.666666666666664
urdu,4,ecapa192|other-lang,EER,,,,50.0,26.266666666666673,33.666666666666664
urdu,4,rdn6vox|EN,EER,,,,40.0,25.36666666666667,35.6
urdu,4,rdn6vox|other-lang,EER,,,,45.0,25.53333333333333,35.5
hindi,0,given,ARI,0.9396354879087753,0.9283603143268682,0.9396354879087753,,,
hindi,0,ecapa192,ARI,0.9418821784473306,0.9370861919266996,0.9506396279087383,,,
hindi,0,rdn6vox,ARI,0.964240691833705,0.9591695275494717,0.964240691833705,,,
hindi,0,none,EER,,,,443.0,34.03333333333333,
hindi,0,oracle,EER,,,,30.0,32.766666666666666,
hindi,0,given|EN,EER,,,,43.0,32.43333333333333,
hindi,0,given|other-lang,EER,,,,51.0,33.733333333333334,
hindi,0,ecapa192|EN,EER,,,,46.0,33.56666666666667,
hindi,0,ecapa192|other-lang,EER,,,,50.0,34.199999999999996,
hindi,0,rdn6vox|EN,EER,,,,41.0,33.43333333333333,
hindi,0,rdn6vox|other-lang,EER,,,,43.0,33.43333333333333,
hindi,1,given,ARI,0.8770070239642805,0.8796999841867638,0.8796999841867638,,,
hindi,1,ecapa192,ARI,0.8915364840455713,0.915095244556697,0.915095244556697,,,
hindi,1,rdn6vox,ARI,0.9225588404344042,0.9316397479937957,0.9469808470051813,,,
hindi,1,none,EER,,,,445.0,28.733333333333334,
hindi,1,oracle,EER,,,,30.0,26.900000000000002,
hindi,1,given|EN,EER,,,,50.0,28.53333333333333,
hindi,1,given|other-lang,EER,,,,59.0,27.500000000000004,
hindi,1,ecapa192|EN,EER,,,,47.0,27.73333333333333,
hindi,1,ecapa192|other-lang,EER,,,,54.0,27.73333333333333,
hindi,1,rdn6vox|EN,EER,,,,46.0,28.133333333333333,
hindi,1,rdn6vox|other-lang,EER,,,,50.0,27.933333333333334,
hindi,2,given,ARI,0.8875965517562051,0.9074134060551347,0.9074134060551347,,,
hindi,2,ecapa192,ARI,0.891909686661575,0.8828523732522351,0.8939570056149162,,,
hindi,2,rdn6vox,ARI,0.9621815836400197,0.9575762147614596,0.9621815836400197,,,
hindi,2,none,EER,,,,449.0,35.36666666666667,
hindi,2,oracle,EER,,,,30.0,31.033333333333335,
hindi,2,given|EN,EER,,,,45.0,31.566666666666666,
hindi,2,given|other-lang,EER,,,,54.0,31.366666666666664,
hindi,2,ecapa192|EN,EER,,,,46.0,31.7,
hindi,2,ecapa192|other-lang,EER,,,,49.0,31.466666666666665,
hindi,2,rdn6vox|EN,EER,,,,43.0,32.06666666666666,
hindi,2,rdn6vox|other-lang,EER,,,,46.0,31.733333333333334,
hindi,3,given,ARI,0.8443153042511329,0.8947747048361638,0.908543223868035,,,
hindi,3,ecapa192,ARI,0.8902552798799827,0.9101863433023545,0.9324142038162466,,,
hindi,3,rdn6vox,ARI,0.889452447323888,0.9193923880548199,0.9233831363149395,,,
hindi,3,none,EER,,,,441.0,30.0,
hindi,3,oracle,EER,,,,30.0,26.033333333333335,
hindi,3,given|EN,EER,,,,41.0,28.733333333333334,
hindi,3,given|other-lang,EER,,,,52.0,29.46666666666666,
hindi,3,ecapa192|EN,EER,,,,39.0,28.333333333333332,
hindi,3,ecapa192|other-lang,EER,,,,45.0,29.233333333333334,
hindi,3,rdn6vox|EN,EER,,,,41.0,28.03333333333333,
hindi,3,rdn6vox|other-lang,EER,,,,45.0,28.16666666666666,
hindi,4,given,ARI,0.884857891741769,0.9080975680625898,0.9080975680625898,,,
hindi,4,ecapa192,ARI,0.930910044244097,0.9138031966824773,0.9327168686731758,,,
hindi,4,rdn6vox,ARI,0.9523260199442968,0.9632872398879148,0.9632872398879148,,,
hindi,4,none,EER,,,,426.0,32.733333333333334,
hindi,4,oracle,EER,,,,30.0,30.266666666666666,
hindi,4,given|EN,EER,,,,43.0,30.266666666666666,
hindi,4,given|other-lang,EER,,,,50.0,30.366666666666664,
hindi,4,ecapa192|EN,EER,,,,44.0,30.733333333333334,
hindi,4,ecapa192|other-lang,EER,,,,47.0,30.200000000000003,
hindi,4,rdn6vox|EN,EER,,,,40.0,30.866666666666664,
hindi,4,rdn6vox|other-lang,EER,,,,43.0,30.966666666666665,
