seed,voice_cluster,thr,voice_ari,n_voice_clusters,no_gender,gender
1,none,,,3012,23.033333333333335,30.366666666666664
1,ecapa192,0.7,0.9808413383255339,49,17.100000000000005,24.233333333333327
1,rdn6vox,0.7,0.9898781579929443,39,16.666666666666664,24.43333333333333
1,rdn6multi,0.7,0.9691071330784539,34,16.966666666666665,24.266666666666666
2,none,,,2743,27.133333333333333,36.0
2,ecapa192,0.7,0.8779015467370689,53,24.63333333333333,34.43333333333334
2,rdn6vox,0.6499999999999999,0.8917275034849204,51,24.433333333333334,33.266666666666666
2,rdn6multi,0.6,0.8870414839280125,48,24.36666666666667,33.266666666666666
3,none,,,2780,33.0,41.0
3,ecapa192,0.7,0.9402704046566767,61,34.166666666666664,40.800000000000004
3,rdn6vox,0.6499999999999999,0.9596684569077438,52,34.266666666666666,40.833333333333336
3,rdn6multi,0.6499999999999999,0.9773694977933794,47,34.36666666666667,41.06666666666666
