hid,drop,lr,wd,bs,tau,emb,epochs,dedup_clip,aug,aug_p,same_gender_only,int_ng,int_g
512,0.5,0.001,0.01,256,0.07,64,25,False,none,0.0,False,21.68,31.83
512,0.5,0.001,0.01,256,0.07,64,40,False,none,0.0,False,21.53,31.77
512,0.5,0.001,0.01,256,0.07,64,60,False,none,0.0,False,21.72,31.87
512,0.5,0.001,0.01,256,0.07,128,25,False,none,0.0,False,21.78,31.92
512,0.5,0.001,0.01,256,0.07,128,40,False,none,0.0,False,21.9,31.62
512,0.5,0.001,0.01,256,0.07,128,60,False,none,0.0,False,21.94,31.91
512,0.5,0.001,0.01,256,0.07,256,25,False,none,0.0,False,21.86,32.39
512,0.5,0.001,0.01,256,0.07,256,40,False,none,0.0,False,22.16,32.45
512,0.5,0.001,0.01,256,0.07,256,60,False,none,0.0,False,22.16,32.49
1024,0.5,0.001,0.01,256,0.07,64,25,False,none,0.0,False,21.68,31.5
1024,0.5,0.001,0.01,256,0.07,64,40,False,none,0.0,False,21.73,31.41
1024,0.5,0.001,0.01,256,0.07,64,60,False,none,0.0,False,21.82,31.82
1024,0.5,0.001,0.01,256,0.07,128,25,False,none,0.0,False,21.53,31.35
1024,0.5,0.001,0.01,256,0.07,128,40,False,none,0.0,False,21.57,31.51
1024,0.5,0.001,0.01,256,0.07,128,60,False,none,0.0,False,21.62,31.9
1024,0.5,0.001,0.01,256,0.07,256,25,False,none,0.0,False,21.8,31.94
1024,0.5,0.001,0.01,256,0.07,256,40,False,none,0.0,False,21.71,31.58
1024,0.5,0.001,0.01,256,0.07,256,60,False,none,0.0,False,21.63,31.76
512,0.5,0.001,0.01,256,0.03,128,40,False,none,0.0,False,21.41,31.18
512,0.5,0.001,0.01,256,0.05,128,40,False,none,0.0,False,21.47,31.22
512,0.5,0.001,0.01,256,0.1,128,40,False,none,0.0,False,22.36,32.58
512,0.5,0.001,0.01,512,0.07,128,40,False,none,0.0,False,21.76,32.0
512,0.5,0.001,0.01,1024,0.07,128,40,False,none,0.0,False,21.65,31.61
512,0.3,0.001,0.01,256,0.07,128,40,False,none,0.0,False,21.56,31.14
512,0.7,0.001,0.01,256,0.07,128,40,False,none,0.0,False,22.65,33.07
512,0.5,0.001,0.001,256,0.07,128,40,False,none,0.0,False,21.91,31.59
512,0.5,0.001,0.1,256,0.07,128,40,False,none,0.0,False,21.94,31.56
512,0.5,0.001,0.01,256,0.07,128,40,True,none,0.0,False,22.17,32.84
