seed,protocol,center,snorm,model,eer
1,no_gender,none,raw,k4,24.366666666666667
1,no_gender,none,raw,k32,27.86666666666666
1,no_gender,none,raw,C,24.066666666666666
1,no_gender,none,raw,B,33.45
1,no_gender,none,raw,C_ens3,24.16666666666667
1,no_gender,none,raw,B_ens3,32.81666666666666
1,no_gender,none,raw,C_ens3+k4,22.800000000000004
1,no_gender,none,raw,C_ens3+k32,24.533333333333328
1,no_gender,none,raw,B_ens3+k32,31.016666666666666
1,no_gender,none,raw,C_ens3+B_ens3,27.28333333333334
1,no_gender,none,raw,C_ens3+B_ens3+k32,27.03333333333333
1,no_gender,none,asnorm,k4,21.933333333333334
1,no_gender,none,asnorm,k32,28.51666666666667
1,no_gender,none,asnorm,C,22.95
1,no_gender,none,asnorm,B,32.53333333333334
1,no_gender,none,asnorm,C_ens3,23.25
1,no_gender,none,asnorm,B_ens3,32.06666666666666
1,no_gender,none,asnorm,C_ens3+k4,21.96666666666667
1,no_gender,none,asnorm,C_ens3+k32,24.06666666666667
1,no_gender,none,asnorm,B_ens3+k32,29.933333333333334
1,no_gender,none,asnorm,C_ens3+B_ens3,26.6
1,no_gender,none,asnorm,C_ens3+B_ens3+k32,26.316666666666666
1,no_gender,file,raw,k4,23.833333333333332
1,no_gender,file,raw,k32,27.399999999999995
1,no_gender,file,raw,C,23.53333333333333
1,no_gender,file,raw,B,32.35
1,no_gender,file,raw,C_ens3,23.03333333333333
1,no_gender,file,raw,B_ens3,31.48333333333333
1,no_gender,file,raw,C_ens3+k4,21.48333333333333
1,no_gender,file,raw,C_ens3+k32,23.03333333333333
1,no_gender,file,raw,B_ens3+k32,29.166666666666664
1,no_gender,file,raw,C_ens3+B_ens3,26.200000000000003
1,no_gender,file,raw,C_ens3+B_ens3+k32,25.983333333333334
1,no_gender,file,asnorm,k4,21.816666666666666
1,no_gender,file,asnorm,k32,27.3
1,no_gender,file,asnorm,C,22.983333333333334
1,no_gender,file,asnorm,B,31.766666666666666
1,no_gender,file,asnorm,C_ens3,22.966666666666665
1,no_gender,file,asnorm,B_ens3,30.900000000000006
1,no_gender,file,asnorm,C_ens3+k4,21.45
1,no_gender,file,asnorm,C_ens3+k32,23.13333333333333
1,no_gender,file,asnorm,B_ens3+k32,28.800000000000004
1,no_gender,file,asnorm,C_ens3+B_ens3,25.683333333333337
1,no_gender,file,asnorm,C_ens3+B_ens3+k32,25.549999999999994
1,gender,none,raw,k4,32.099999999999994
1,gender,none,raw,k32,33.28333333333333
1,gender,none,raw,C,32.1
1,gender,none,raw,B,32.78333333333333
1,gender,none,raw,C_ens3,33.18333333333333
1,gender,none,raw,B_ens3,33.56666666666667
1,gender,none,raw,C_ens3+k4,32.03333333333334
1,gender,none,raw,C_ens3+k32,32.766666666666666
1,gender,none,raw,B_ens3+k32,33.08333333333333
1,gender,none,raw,C_ens3+B_ens3,33.01666666666666
1,gender,none,raw,C_ens3+B_ens3+k32,32.766666666666666
1,gender,none,asnorm,k4,30.349999999999998
1,gender,none,asnorm,k32,32.51666666666666
1,gender,none,asnorm,C,30.366666666666664
1,gender,none,asnorm,B,31.933333333333337
1,gender,none,asnorm,C_ens3,31.85
1,gender,none,asnorm,B_ens3,32.35
1,gender,none,asnorm,C_ens3+k4,30.55
1,gender,none,asnorm,C_ens3+k32,31.299999999999994
1,gender,none,asnorm,B_ens3+k32,32.03333333333334
1,gender,none,asnorm,C_ens3+B_ens3,31.899999999999995
1,gender,none,asnorm,C_ens3+B_ens3+k32,31.48333333333333
1,gender,file,raw,k4,33.050000000000004
1,gender,file,raw,k32,32.21666666666667
1,gender,file,raw,C,32.25
1,gender,file,raw,B,31.866666666666667
1,gender,file,raw,C_ens3,32.35
1,gender,file,raw,B_ens3,32.166666666666664
1,gender,file,raw,C_ens3+k4,31.2
1,gender,file,raw,C_ens3+k32,31.599999999999994
1,gender,file,raw,B_ens3+k32,31.58333333333333
1,gender,file,raw,C_ens3+B_ens3,32.06666666666666
1,gender,file,raw,C_ens3+B_ens3+k32,31.816666666666666
1,gender,file,asnorm,k4,30.71666666666667
1,gender,file,asnorm,k32,31.833333333333336
1,gender,file,asnorm,C,30.466666666666665
1,gender,file,asnorm,B,31.366666666666664
1,gender,file,asnorm,C_ens3,31.1
1,gender,file,asnorm,B_ens3,31.716666666666665
1,gender,file,asnorm,C_ens3+k4,29.599999999999998
1,gender,file,asnorm,C_ens3+k32,30.466666666666665
1,gender,file,asnorm,B_ens3+k32,30.933333333333334
1,gender,file,asnorm,C_ens3+B_ens3,31.65
1,gender,file,asnorm,C_ens3+B_ens3+k32,30.800000000000004
2,no_gender,none,raw,k4,24.73333333333333
2,no_gender,none,raw,k32,27.9
2,no_gender,none,raw,C,23.96666666666667
2,no_gender,none,raw,B,29.766666666666662
2,no_gender,none,raw,C_ens3,24.083333333333336
2,no_gender,none,raw,B_ens3,29.46666666666666
2,no_gender,none,raw,C_ens3+k4,23.05
2,no_gender,none,raw,C_ens3+k32,24.26666666666667
2,no_gender,none,raw,B_ens3+k32,28.200000000000003
2,no_gender,none,raw,C_ens3+B_ens3,25.816666666666666
2,no_gender,none,raw,C_ens3+B_ens3+k32,25.683333333333337
2,no_gender,none,asnorm,k4,23.75
2,no_gender,none,asnorm,k32,26.8
2,no_gender,none,asnorm,C,21.866666666666667
2,no_gender,none,asnorm,B,27.46666666666666
2,no_gender,none,asnorm,C_ens3,21.383333333333333
2,no_gender,none,asnorm,B_ens3,25.749999999999996
2,no_gender,none,asnorm,C_ens3+k4,19.966666666666665
2,no_gender,none,asnorm,C_ens3+k32,22.483333333333334
2,no_gender,none,asnorm,B_ens3+k32,25.73333333333333
2,no_gender,none,asnorm,C_ens3+B_ens3,22.916666666666668
2,no_gender,none,asnorm,C_ens3+B_ens3+k32,23.26666666666667
2,no_gender,file,raw,k4,24.916666666666664
2,no_gender,file,raw,k32,26.466666666666672
2,no_gender,file,raw,C,23.4
2,no_gender,file,raw,B,29.733333333333334
2,no_gender,file,raw,C_ens3,22.56666666666667
2,no_gender,file,raw,B_ens3,28.766666666666662
2,no_gender,file,raw,C_ens3+k4,21.35
2,no_gender,file,raw,C_ens3+k32,23.06666666666667
2,no_gender,file,raw,B_ens3+k32,27.266666666666666
2,no_gender,file,raw,C_ens3+B_ens3,24.333333333333332
2,no_gender,file,raw,C_ens3+B_ens3+k32,24.516666666666666
2,no_gender,file,asnorm,k4,24.0
2,no_gender,file,asnorm,k32,26.266666666666673
2,no_gender,file,asnorm,C,22.400000000000002
2,no_gender,file,asnorm,B,27.96666666666666
2,no_gender,file,asnorm,C_ens3,21.266666666666666
2,no_gender,file,asnorm,B_ens3,26.06666666666667
2,no_gender,file,asnorm,C_ens3+k4,19.883333333333336
2,no_gender,file,asnorm,C_ens3+k32,21.883333333333333
2,no_gender,file,asnorm,B_ens3+k32,25.43333333333333
2,no_gender,file,asnorm,C_ens3+B_ens3,23.116666666666664
2,no_gender,file,asnorm,C_ens3+B_ens3+k32,22.816666666666666
2,gender,none,raw,k4,39.449999999999996
2,gender,none,raw,k32,37.2
2,gender,none,raw,C,33.58333333333333
2,gender,none,raw,B,32.983333333333334
2,gender,none,raw,C_ens3,33.86666666666667
2,gender,none,raw,B_ens3,33.38333333333333
2,gender,none,raw,C_ens3+k4,34.86666666666667
2,gender,none,raw,C_ens3+k32,34.78333333333333
2,gender,none,raw,B_ens3+k32,33.93333333333334
2,gender,none,raw,C_ens3+B_ens3,33.71666666666666
2,gender,none,raw,C_ens3+B_ens3+k32,33.86666666666667
2,gender,none,asnorm,k4,35.46666666666667
2,gender,none,asnorm,k32,34.86666666666667
2,gender,none,asnorm,C,28.95
2,gender,none,asnorm,B,30.300000000000004
2,gender,none,asnorm,C_ens3,29.800000000000004
2,gender,none,asnorm,B_ens3,29.633333333333333
2,gender,none,asnorm,C_ens3+k4,28.46666666666666
2,gender,none,asnorm,C_ens3+k32,30.483333333333334
2,gender,none,asnorm,B_ens3+k32,30.566666666666663
2,gender,none,asnorm,C_ens3+B_ens3,29.166666666666664
2,gender,none,asnorm,C_ens3+B_ens3+k32,29.866666666666664
2,gender,file,raw,k4,39.416666666666664
2,gender,file,raw,k32,35.766666666666666
2,gender,file,raw,C,32.616666666666674
2,gender,file,raw,B,33.36666666666667
2,gender,file,raw,C_ens3,32.56666666666666
2,gender,file,raw,B_ens3,32.63333333333334
2,gender,file,raw,C_ens3+k4,32.8
2,gender,file,raw,C_ens3+k32,33.166666666666664
2,gender,file,raw,B_ens3+k32,33.08333333333333
2,gender,file,raw,C_ens3+B_ens3,32.599999999999994
2,gender,file,raw,C_ens3+B_ens3+k32,32.85
2,gender,file,asnorm,k4,35.78333333333333
2,gender,file,asnorm,k32,34.266666666666666
2,gender,file,asnorm,C,29.533333333333335
2,gender,file,asnorm,B,31.433333333333337
2,gender,file,asnorm,C_ens3,29.566666666666663
2,gender,file,asnorm,B_ens3,29.58333333333334
2,gender,file,asnorm,C_ens3+k4,28.700000000000003
2,gender,file,asnorm,C_ens3+k32,30.400000000000006
2,gender,file,asnorm,B_ens3+k32,30.049999999999997
2,gender,file,asnorm,C_ens3+B_ens3,29.400000000000006
2,gender,file,asnorm,C_ens3+B_ens3+k32,29.916666666666668
3,no_gender,none,raw,k4,24.46666666666667
3,no_gender,none,raw,k32,27.249999999999996
3,no_gender,none,raw,C,27.633333333333333
3,no_gender,none,raw,B,33.41666666666667
3,no_gender,none,raw,C_ens3,27.0
3,no_gender,none,raw,B_ens3,33.166666666666664
3,no_gender,none,raw,C_ens3+k4,25.6
3,no_gender,none,raw,C_ens3+k32,26.216666666666665
3,no_gender,none,raw,B_ens3+k32,30.066666666666663
3,no_gender,none,raw,C_ens3+B_ens3,28.783333333333328
3,no_gender,none,raw,C_ens3+B_ens3+k32,27.883333333333333
3,no_gender,none,asnorm,k4,24.56666666666667
3,no_gender,none,asnorm,k32,26.53333333333333
3,no_gender,none,asnorm,C,26.06666666666667
3,no_gender,none,asnorm,B,32.96666666666667
3,no_gender,none,asnorm,C_ens3,25.616666666666667
3,no_gender,none,asnorm,B_ens3,31.399999999999995
3,no_gender,none,asnorm,C_ens3+k4,24.616666666666664
3,no_gender,none,asnorm,C_ens3+k32,25.13333333333333
3,no_gender,none,asnorm,B_ens3+k32,28.96666666666666
3,no_gender,none,asnorm,C_ens3+B_ens3,27.383333333333333
3,no_gender,none,asnorm,C_ens3+B_ens3+k32,26.766666666666673
3,no_gender,file,raw,k4,23.283333333333335
3,no_gender,file,raw,k32,26.333333333333332
3,no_gender,file,raw,C,26.966666666666672
3,no_gender,file,raw,B,33.58333333333333
3,no_gender,file,raw,C_ens3,26.183333333333337
3,no_gender,file,raw,B_ens3,32.91666666666666
3,no_gender,file,raw,C_ens3+k4,24.6
3,no_gender,file,raw,C_ens3+k32,25.4
3,no_gender,file,raw,B_ens3+k32,29.81666666666667
3,no_gender,file,raw,C_ens3+B_ens3,28.000000000000004
3,no_gender,file,raw,C_ens3+B_ens3+k32,27.28333333333333
3,no_gender,file,asnorm,k4,24.316666666666666
3,no_gender,file,asnorm,k32,26.36666666666667
3,no_gender,file,asnorm,C,26.016666666666666
3,no_gender,file,asnorm,B,32.81666666666667
3,no_gender,file,asnorm,C_ens3,25.016666666666666
3,no_gender,file,asnorm,B_ens3,31.599999999999994
3,no_gender,file,asnorm,C_ens3+k4,23.93333333333333
3,no_gender,file,asnorm,C_ens3+k32,24.93333333333333
3,no_gender,file,asnorm,B_ens3+k32,28.833333333333332
3,no_gender,file,asnorm,C_ens3+B_ens3,27.149999999999995
3,no_gender,file,asnorm,C_ens3+B_ens3+k32,26.583333333333336
3,gender,none,raw,k4,35.099999999999994
3,gender,none,raw,k32,33.53333333333334
3,gender,none,raw,C,37.56666666666667
3,gender,none,raw,B,37.050000000000004
3,gender,none,raw,C_ens3,36.583333333333336
3,gender,none,raw,B_ens3,35.8
3,gender,none,raw,C_ens3+k4,35.3
3,gender,none,raw,C_ens3+k32,34.95
3,gender,none,raw,B_ens3+k32,34.61666666666666
3,gender,none,raw,C_ens3+B_ens3,35.66666666666667
3,gender,none,raw,C_ens3+B_ens3+k32,35.016666666666666
3,gender,none,asnorm,k4,33.766666666666666
3,gender,none,asnorm,k32,32.483333333333334
3,gender,none,asnorm,C,34.31666666666666
3,gender,none,asnorm,B,35.38333333333333
3,gender,none,asnorm,C_ens3,32.96666666666667
3,gender,none,asnorm,B_ens3,34.7
3,gender,none,asnorm,C_ens3+k4,31.78333333333333
3,gender,none,asnorm,C_ens3+k32,32.46666666666667
3,gender,none,asnorm,B_ens3+k32,33.050000000000004
3,gender,none,asnorm,C_ens3+B_ens3,33.166666666666664
3,gender,none,asnorm,C_ens3+B_ens3+k32,32.56666666666666
3,gender,file,raw,k4,33.96666666666667
3,gender,file,raw,k32,31.716666666666672
3,gender,file,raw,C,36.06666666666667
3,gender,file,raw,B,36.36666666666667
3,gender,file,raw,C_ens3,34.699999999999996
3,gender,file,raw,B_ens3,35.36666666666667
3,gender,file,raw,C_ens3+k4,33.18333333333333
3,gender,file,raw,C_ens3+k32,33.266666666666666
3,gender,file,raw,B_ens3+k32,33.5
3,gender,file,raw,C_ens3+B_ens3,34.53333333333334
3,gender,file,raw,C_ens3+B_ens3+k32,33.5
3,gender,file,asnorm,k4,32.766666666666666
3,gender,file,asnorm,k32,31.766666666666666
3,gender,file,asnorm,C,34.3
3,gender,file,asnorm,B,35.583333333333336
3,gender,file,asnorm,C_ens3,32.99999999999999
3,gender,file,asnorm,B_ens3,34.38333333333333
3,gender,file,asnorm,C_ens3+k4,31.75
3,gender,file,asnorm,C_ens3+k32,32.15
3,gender,file,asnorm,B_ens3+k32,32.86666666666667
3,gender,file,asnorm,C_ens3+B_ens3,33.2
3,gender,file,asnorm,C_ens3+B_ens3+k32,32.93333333333334
