cfg,seed,ep,int_ng,int_g,last_int_g,last_int_ng,sec
B_infonce_sg_e128,1,21,29.833333333333336,30.349999999999998,30.800000000000004,30.349999999999998,15
B_infonce_sg_e128,2,8,29.166666666666664,32.233333333333334,33.28333333333333,28.933333333333334,15
B_infonce_sg_e128,3,2,32.46666666666667,35.416666666666664,36.35,34.56666666666667,17
AB_ce_opl_sg_e128,1,11,25.900000000000002,32.53333333333334,33.483333333333334,25.350000000000005,16
AB_ce_opl_sg_e128,2,31,25.983333333333334,38.76666666666667,38.800000000000004,26.1,18
AB_ce_opl_sg_e128,3,9,28.683333333333326,39.1,40.733333333333334,29.600000000000005,21
C_infonce_e64_ce,1,24,22.599999999999998,31.366666666666664,31.75,22.483333333333334,15
C_infonce_e64_ce,2,21,24.06666666666667,34.71666666666667,35.71666666666666,24.5,15
C_infonce_e64_ce,3,21,26.833333333333332,36.74999999999999,37.56666666666667,27.016666666666666,16
A_ce_opl_e64_nodedup,1,12,25.316666666666666,33.43333333333334,35.53333333333333,28.066666666666663,22
A_ce_opl_e64_nodedup,2,14,24.05,35.266666666666666,36.23333333333333,24.86666666666667,22
A_ce_opl_e64_nodedup,3,9,25.26666666666667,36.73333333333333,39.416666666666664,30.783333333333335,23
C_infonce_e64_tau0.2,1,39,22.85,32.45,32.550000000000004,22.883333333333333,13
C_infonce_e64_tau0.2,2,19,24.0,35.73333333333333,36.266666666666666,23.883333333333333,10
C_infonce_e64_tau0.2,3,37,26.333333333333332,37.35000000000001,37.71666666666667,26.616666666666667,10
