seed,n,w,protocol,eer
1,1,equal,no_gender,20.683333333333337
1,3,equal,no_gender,20.399999999999995
1,5,equal,no_gender,20.650000000000002
1,10,equal,no_gender,20.866666666666667
1,10,0.0,no_gender,21.85
1,3,0.0,no_gender,22.116666666666667
1,10,0.1,no_gender,20.833333333333336
1,3,0.1,no_gender,21.316666666666666
1,10,0.2,no_gender,20.099999999999998
1,3,0.2,no_gender,20.566666666666666
1,10,0.25,no_gender,19.9
1,3,0.25,no_gender,20.399999999999995
1,10,0.3,no_gender,19.933333333333334
1,3,0.3,no_gender,20.366666666666667
1,10,0.4,no_gender,19.966666666666665
1,3,0.4,no_gender,20.299999999999997
1,10,0.5,no_gender,20.266666666666666
1,3,0.5,no_gender,20.68333333333333
1,10,0.6,no_gender,20.53333333333334
1,3,0.6,no_gender,20.68333333333333
1,1,equal,gender,29.08333333333334
1,3,equal,gender,28.1
1,5,equal,gender,28.133333333333333
1,10,equal,gender,28.400000000000002
1,10,0.0,gender,29.100000000000005
1,3,0.0,gender,29.283333333333328
1,10,0.1,gender,28.349999999999998
1,3,0.1,gender,28.46666666666666
1,10,0.2,gender,27.983333333333338
1,3,0.2,gender,28.433333333333334
1,10,0.25,gender,27.86666666666666
1,3,0.25,gender,28.1
1,10,0.3,gender,28.16666666666666
1,3,0.3,gender,28.200000000000003
1,10,0.4,gender,28.633333333333333
1,3,0.4,gender,28.65
1,10,0.5,gender,29.266666666666662
1,3,0.5,gender,29.416666666666668
1,10,0.6,gender,30.65
1,3,0.6,gender,30.766666666666666
2,1,equal,no_gender,21.433333333333334
2,3,equal,no_gender,22.76666666666667
2,5,equal,no_gender,23.0
2,10,equal,no_gender,23.799999999999997
2,10,0.0,no_gender,25.0
2,3,0.0,no_gender,25.63333333333333
2,10,0.1,no_gender,23.75
2,3,0.1,no_gender,24.316666666666666
2,10,0.2,no_gender,22.833333333333336
2,3,0.2,no_gender,23.183333333333334
2,10,0.25,no_gender,22.35
2,3,0.25,no_gender,22.76666666666667
2,10,0.3,no_gender,21.916666666666664
2,3,0.3,no_gender,22.500000000000004
2,10,0.4,no_gender,21.28333333333333
2,3,0.4,no_gender,21.883333333333333
2,10,0.5,no_gender,21.750000000000004
2,3,0.5,no_gender,21.699999999999996
2,10,0.6,no_gender,22.433333333333337
2,3,0.6,no_gender,22.76666666666667
2,1,equal,gender,33.46666666666667
2,3,equal,gender,33.333333333333336
2,5,equal,gender,32.8
2,10,equal,gender,33.35
2,10,0.0,gender,33.766666666666666
2,3,0.0,gender,34.483333333333334
2,10,0.1,gender,33.25
2,3,0.1,gender,33.93333333333334
2,10,0.2,gender,32.483333333333334
2,3,0.2,gender,33.38333333333333
2,10,0.25,gender,32.38333333333333
2,3,0.25,gender,33.333333333333336
2,10,0.3,gender,32.63333333333334
2,3,0.3,gender,32.93333333333334
2,10,0.4,gender,32.99999999999999
2,3,0.4,gender,33.4
2,10,0.5,gender,33.86666666666667
2,3,0.5,gender,33.666666666666664
2,10,0.6,gender,35.333333333333336
2,3,0.6,gender,35.25
3,1,equal,no_gender,22.450000000000003
3,3,equal,no_gender,22.76666666666667
3,5,equal,no_gender,22.883333333333333
3,10,equal,no_gender,23.183333333333334
3,10,0.0,no_gender,24.06666666666667
3,3,0.0,no_gender,24.65
3,10,0.1,no_gender,23.166666666666668
3,3,0.1,no_gender,23.716666666666665
3,10,0.2,no_gender,22.550000000000004
3,3,0.2,no_gender,23.083333333333332
3,10,0.25,no_gender,22.4
3,3,0.25,no_gender,22.76666666666667
3,10,0.3,no_gender,22.483333333333334
3,3,0.3,no_gender,22.683333333333334
3,10,0.4,no_gender,22.199999999999996
3,3,0.4,no_gender,22.433333333333337
3,10,0.5,no_gender,22.116666666666664
3,3,0.5,no_gender,22.200000000000003
3,10,0.6,no_gender,22.383333333333333
3,3,0.6,no_gender,22.533333333333335
3,1,equal,gender,31.766666666666666
3,3,equal,gender,31.233333333333334
3,5,equal,gender,31.433333333333337
3,10,equal,gender,31.399999999999995
3,10,0.0,gender,32.233333333333334
3,3,0.0,gender,32.78333333333333
3,10,0.1,gender,31.299999999999994
3,3,0.1,gender,32.166666666666664
3,10,0.2,gender,31.266666666666666
3,3,0.2,gender,31.51666666666667
3,10,0.25,gender,31.0
3,3,0.25,gender,31.233333333333334
3,10,0.3,gender,30.666666666666664
3,3,0.3,gender,31.01666666666667
3,10,0.4,gender,30.41666666666667
3,3,0.4,gender,30.95
3,10,0.5,gender,30.51666666666667
3,3,0.5,gender,31.200000000000006
3,10,0.6,gender,30.95
3,3,0.6,gender,31.166666666666664
