cell,cand,pseudo,cb,p_beats_best
no_gender/English,003c,24.49,25.6,0.341
no_gender/English,007,24.69,25.6,0.345
no_gender/English,010B,23.56,23.81,
no_gender/English,sub_base,23.87,24.8,0.398
no_gender/English,rank:003c+007,24.08,,0.401
no_gender/English,rank:003c+010B,22.43,,0.709
no_gender/English,rank:007+010B,22.42,,0.727
no_gender/English,rank:003c+007+010B,22.53,,0.675
no_gender/English,rank:all4,22.53,,0.7
no_gender/English,z:003c+007+010B,22.73,,0.689
no_gender/Bangla,003c,27.27,27.88,
no_gender/Bangla,007,28.57,29.02,0.179
no_gender/Bangla,010B,30.53,30.87,0.028
no_gender/Bangla,sub_base,30.97,31.29,0.026
no_gender/Bangla,rank:003c+007,28.21,,0.193
no_gender/Bangla,rank:003c+010B,27.85,,0.251
no_gender/Bangla,rank:007+010B,29.88,,0.087
no_gender/Bangla,rank:003c+007+010B,28.35,,0.203
no_gender/Bangla,rank:all4,28.93,,0.16
no_gender/Bangla,z:003c+007+010B,28.35,,0.185
gender/English,003c,32.81,34.01,0.029
gender/English,007,29.42,30.96,
gender/English,010B,31.53,32.38,0.292
gender/English,sub_base,31.01,32.18,0.349
gender/English,rank:003c+007,31.43,,0.07
gender/English,rank:003c+010B,30.91,,0.252
gender/English,rank:007+010B,28.04,,0.731
gender/English,rank:003c+007+010B,30.37,,0.369
gender/English,rank:all4,29.84,,0.519
gender/English,z:003c+007+010B,29.95,,0.372
gender/Bangla,003c,38.22,37.87,
gender/Bangla,007,37.8,38.01,0.615
gender/Bangla,010B,39.46,39.78,0.314
gender/Bangla,sub_base,38.91,39.51,0.314
gender/Bangla,rank:003c+007,37.53,,0.709
gender/Bangla,rank:003c+010B,37.8,,0.585
gender/Bangla,rank:007+010B,38.7,,0.337
gender/Bangla,rank:003c+007+010B,38.01,,0.628
gender/Bangla,rank:all4,38.08,,0.53
gender/Bangla,z:003c+007+010B,37.66,,0.626
