seed,cfg,ep,protocol,eer
1,base,10,no_gender,24.05
1,base,10,gender,32.099999999999994
1,base,15,no_gender,23.53333333333333
1,base,15,gender,32.25
1,base,25,no_gender,23.0
1,base,25,gender,31.733333333333334
1,hid1024,10,no_gender,23.5
1,hid1024,10,gender,32.63333333333334
1,hid1024,15,no_gender,23.2
1,hid1024,15,gender,31.466666666666665
1,hid1024,25,no_gender,22.28333333333333
1,hid1024,25,gender,30.900000000000006
1,hid256,10,no_gender,24.666666666666664
1,hid256,10,gender,34.3
1,hid256,15,no_gender,24.66666666666667
1,hid256,15,gender,33.766666666666666
1,hid256,25,no_gender,23.55
1,hid256,25,gender,33.483333333333334
1,drop0.3,10,no_gender,24.150000000000002
1,drop0.3,10,gender,32.68333333333333
1,drop0.3,15,no_gender,23.93333333333333
1,drop0.3,15,gender,32.43333333333334
1,drop0.3,25,no_gender,24.099999999999998
1,drop0.3,25,gender,32.21666666666667
1,drop0.7,10,no_gender,24.783333333333335
1,drop0.7,10,gender,34.18333333333333
1,drop0.7,15,no_gender,23.25
1,drop0.7,15,gender,32.733333333333334
1,drop0.7,25,no_gender,23.2
1,drop0.7,25,gender,32.699999999999996
1,tau0.05,10,no_gender,24.05
1,tau0.05,10,gender,31.316666666666666
1,tau0.05,15,no_gender,23.483333333333334
1,tau0.05,15,gender,31.699999999999996
1,tau0.05,25,no_gender,23.133333333333333
1,tau0.05,25,gender,30.883333333333336
1,tau0.1,10,no_gender,24.5
1,tau0.1,10,gender,32.78333333333333
1,tau0.1,15,no_gender,24.1
1,tau0.1,15,gender,32.71666666666667
1,tau0.1,25,no_gender,23.349999999999998
1,tau0.1,25,gender,32.21666666666667
1,tau0.15,10,no_gender,24.03333333333333
1,tau0.15,10,gender,33.233333333333334
1,tau0.15,15,no_gender,24.183333333333334
1,tau0.15,15,gender,33.46666666666667
1,tau0.15,25,no_gender,23.633333333333333
1,tau0.15,25,gender,32.43333333333334
1,emb256,10,no_gender,23.599999999999998
1,emb256,10,gender,33.266666666666666
1,emb256,15,no_gender,23.4
1,emb256,15,gender,32.550000000000004
1,emb256,25,no_gender,23.166666666666668
1,emb256,25,gender,32.333333333333336
1,emb64,10,no_gender,23.083333333333332
1,emb64,10,gender,32.36666666666667
1,emb64,15,no_gender,23.0
1,emb64,15,gender,32.18333333333333
1,emb64,25,no_gender,22.366666666666667
1,emb64,25,gender,31.433333333333337
1,wd1e-1,10,no_gender,23.93333333333333
1,wd1e-1,10,gender,32.06666666666666
1,wd1e-1,15,no_gender,23.516666666666662
1,wd1e-1,15,gender,32.25
1,wd1e-1,25,no_gender,23.06666666666667
1,wd1e-1,25,gender,31.566666666666666
1,lr3e-3,10,no_gender,24.46666666666667
1,lr3e-3,10,gender,32.63333333333334
1,lr3e-3,15,no_gender,24.683333333333334
1,lr3e-3,15,gender,32.53333333333334
1,lr3e-3,25,no_gender,24.533333333333328
1,lr3e-3,25,gender,32.599999999999994
1,lr3e-4,10,no_gender,25.516666666666666
1,lr3e-4,10,gender,35.050000000000004
1,lr3e-4,15,no_gender,24.200000000000003
1,lr3e-4,15,gender,33.733333333333334
1,lr3e-4,25,no_gender,23.283333333333335
1,lr3e-4,25,gender,32.38333333333333
1,bs128,10,no_gender,24.816666666666663
1,bs128,10,gender,34.483333333333334
1,bs128,15,no_gender,23.86666666666667
1,bs128,15,gender,33.15
1,bs128,25,no_gender,23.93333333333333
1,bs128,25,gender,31.916666666666664
1,bs512,10,no_gender,22.850000000000005
1,bs512,10,gender,31.533333333333335
1,bs512,15,no_gender,22.433333333333337
1,bs512,15,gender,30.800000000000004
1,bs512,25,no_gender,21.716666666666665
1,bs512,25,gender,29.549999999999997
1,nodedup,10,no_gender,21.666666666666668
1,nodedup,10,gender,29.800000000000004
1,nodedup,15,no_gender,21.650000000000002
1,nodedup,15,gender,29.133333333333333
1,nodedup,25,no_gender,22.583333333333332
1,nodedup,25,gender,30.11666666666667
2,base,10,no_gender,24.03333333333333
2,base,10,gender,33.15
2,base,15,no_gender,23.4
2,base,15,gender,32.616666666666674
2,base,25,no_gender,23.416666666666664
2,base,25,gender,32.08333333333333
2,hid1024,10,no_gender,24.133333333333333
2,hid1024,10,gender,33.86666666666667
2,hid1024,15,no_gender,24.333333333333332
2,hid1024,15,gender,34.06666666666667
2,hid1024,25,no_gender,25.36666666666667
2,hid1024,25,gender,34.983333333333334
2,hid256,10,no_gender,24.03333333333333
2,hid256,10,gender,34.766666666666666
2,hid256,15,no_gender,24.26666666666667
2,hid256,15,gender,33.28333333333333
2,hid256,25,no_gender,23.76666666666667
2,hid256,25,gender,33.4
2,drop0.3,10,no_gender,25.149999999999995
2,drop0.3,10,gender,33.38333333333333
2,drop0.3,15,no_gender,24.766666666666666
2,drop0.3,15,gender,33.666666666666664
2,drop0.3,25,no_gender,24.283333333333335
2,drop0.3,25,gender,33.13333333333334
2,drop0.7,10,no_gender,24.2
2,drop0.7,10,gender,37.93333333333333
2,drop0.7,15,no_gender,23.5
2,drop0.7,15,gender,36.13333333333333
2,drop0.7,25,no_gender,23.516666666666662
2,drop0.7,25,gender,35.25
2,tau0.05,10,no_gender,23.983333333333334
2,tau0.05,10,gender,32.78333333333333
2,tau0.05,15,no_gender,23.9
2,tau0.05,15,gender,31.85
2,tau0.05,25,no_gender,23.816666666666663
2,tau0.05,25,gender,31.533333333333335
2,tau0.1,10,no_gender,23.26666666666667
2,tau0.1,10,gender,33.46666666666667
2,tau0.1,15,no_gender,22.749999999999996
2,tau0.1,15,gender,32.983333333333334
2,tau0.1,25,no_gender,23.65
2,tau0.1,25,gender,33.06666666666666
2,tau0.15,10,no_gender,23.0
2,tau0.15,10,gender,34.45
2,tau0.15,15,no_gender,22.299999999999997
2,tau0.15,15,gender,33.3
2,tau0.15,25,no_gender,22.499999999999996
2,tau0.15,25,gender,33.233333333333334
2,emb256,10,no_gender,22.666666666666668
2,emb256,10,gender,32.85
2,emb256,15,no_gender,22.966666666666665
2,emb256,15,gender,32.35
2,emb256,25,no_gender,23.75
2,emb256,25,gender,33.15
2,emb64,10,no_gender,25.900000000000002
2,emb64,10,gender,36.06666666666667
2,emb64,15,no_gender,24.783333333333335
2,emb64,15,gender,35.28333333333333
2,emb64,25,no_gender,24.333333333333332
2,emb64,25,gender,33.96666666666667
2,wd1e-1,10,no_gender,24.0
2,wd1e-1,10,gender,33.099999999999994
2,wd1e-1,15,no_gender,23.4
2,wd1e-1,15,gender,32.53333333333334
2,wd1e-1,25,no_gender,23.56666666666667
2,wd1e-1,25,gender,32.05
2,lr3e-3,10,no_gender,24.8
2,lr3e-3,10,gender,32.733333333333334
2,lr3e-3,15,no_gender,24.133333333333333
2,lr3e-3,15,gender,32.166666666666664
2,lr3e-3,25,no_gender,24.18333333333333
2,lr3e-3,25,gender,32.83333333333333
2,lr3e-4,10,no_gender,23.833333333333332
2,lr3e-4,10,gender,36.28333333333333
2,lr3e-4,15,no_gender,23.683333333333334
2,lr3e-4,15,gender,35.150000000000006
2,lr3e-4,25,no_gender,23.46666666666667
2,lr3e-4,25,gender,34.199999999999996
2,bs128,10,no_gender,23.883333333333333
2,bs128,10,gender,33.4
2,bs128,15,no_gender,23.450000000000003
2,bs128,15,gender,32.68333333333333
2,bs128,25,no_gender,23.7
2,bs128,25,gender,31.85
2,bs512,10,no_gender,24.033333333333335
2,bs512,10,gender,34.43333333333334
2,bs512,15,no_gender,23.616666666666667
2,bs512,15,gender,33.166666666666664
2,bs512,25,no_gender,23.46666666666667
2,bs512,25,gender,32.58333333333333
2,nodedup,10,no_gender,24.816666666666663
2,nodedup,10,gender,34.150000000000006
2,nodedup,15,no_gender,25.283333333333335
2,nodedup,15,gender,33.51666666666667
2,nodedup,25,no_gender,24.96666666666667
2,nodedup,25,gender,33.3
3,base,10,no_gender,27.05
3,base,10,gender,36.73333333333333
3,base,15,no_gender,26.966666666666672
3,base,15,gender,36.06666666666667
3,base,25,no_gender,26.5
3,base,25,gender,35.23333333333334
3,hid1024,10,no_gender,27.43333333333333
3,hid1024,10,gender,36.46666666666667
3,hid1024,15,no_gender,26.983333333333338
3,hid1024,15,gender,36.06666666666667
3,hid1024,25,no_gender,26.416666666666664
3,hid1024,25,gender,35.43333333333333
3,hid256,10,no_gender,28.233333333333334
3,hid256,10,gender,37.73333333333333
3,hid256,15,no_gender,28.000000000000004
3,hid256,15,gender,37.483333333333334
3,hid256,25,no_gender,28.333333333333332
3,hid256,25,gender,36.96666666666667
3,drop0.3,10,no_gender,27.199999999999996
3,drop0.3,10,gender,36.36666666666667
3,drop0.3,15,no_gender,26.93333333333333
3,drop0.3,15,gender,36.11666666666666
3,drop0.3,25,no_gender,26.416666666666664
3,drop0.3,25,gender,35.81666666666666
3,drop0.7,10,no_gender,24.083333333333336
3,drop0.7,10,gender,35.03333333333334
3,drop0.7,15,no_gender,26.23333333333333
3,drop0.7,15,gender,36.93333333333334
3,drop0.7,25,no_gender,28.500000000000004
3,drop0.7,25,gender,39.583333333333336
3,tau0.05,10,no_gender,26.8
3,tau0.05,10,gender,37.31666666666666
3,tau0.05,15,no_gender,26.966666666666672
3,tau0.05,15,gender,36.06666666666667
3,tau0.05,25,no_gender,26.13333333333333
3,tau0.05,25,gender,35.199999999999996
3,tau0.1,10,no_gender,26.8
3,tau0.1,10,gender,36.199999999999996
3,tau0.1,15,no_gender,26.716666666666665
3,tau0.1,15,gender,35.66666666666667
3,tau0.1,25,no_gender,26.416666666666664
3,tau0.1,25,gender,34.983333333333334
3,tau0.15,10,no_gender,27.1
3,tau0.15,10,gender,37.083333333333336
3,tau0.15,15,no_gender,27.0
3,tau0.15,15,gender,37.1
3,tau0.15,25,no_gender,26.466666666666665
3,tau0.15,25,gender,35.516666666666666
3,emb256,10,no_gender,27.749999999999996
3,emb256,10,gender,36.35
3,emb256,15,no_gender,27.500000000000004
3,emb256,15,gender,36.05
3,emb256,25,no_gender,27.149999999999995
3,emb256,25,gender,36.133333333333326
3,emb64,10,no_gender,28.200000000000003
3,emb64,10,gender,38.16666666666667
3,emb64,15,no_gender,27.599999999999998
3,emb64,15,gender,37.06666666666667
3,emb64,25,no_gender,26.86666666666667
3,emb64,25,gender,35.55
3,wd1e-1,10,no_gender,27.133333333333333
3,wd1e-1,10,gender,36.633333333333326
3,wd1e-1,15,no_gender,26.916666666666668
3,wd1e-1,15,gender,36.03333333333333
3,wd1e-1,25,no_gender,26.516666666666666
3,wd1e-1,25,gender,35.13333333333334
3,lr3e-3,10,no_gender,26.900000000000002
3,lr3e-3,10,gender,35.633333333333326
3,lr3e-3,15,no_gender,26.8
3,lr3e-3,15,gender,35.05
3,lr3e-3,25,no_gender,26.8
3,lr3e-3,25,gender,35.583333333333336
3,lr3e-4,10,no_gender,25.4
3,lr3e-4,10,gender,36.23333333333333
3,lr3e-4,15,no_gender,26.86666666666667
3,lr3e-4,15,gender,37.2
3,lr3e-4,25,no_gender,27.73333333333333
3,lr3e-4,25,gender,37.6
3,bs128,10,no_gender,27.73333333333333
3,bs128,10,gender,37.4
3,bs128,15,no_gender,27.28333333333334
3,bs128,15,gender,36.11666666666666
3,bs128,25,no_gender,27.549999999999997
3,bs128,25,gender,36.86666666666667
3,bs512,10,no_gender,27.53333333333333
3,bs512,10,gender,37.016666666666666
3,bs512,15,no_gender,27.183333333333337
3,bs512,15,gender,35.96666666666667
3,bs512,25,no_gender,26.78333333333334
3,bs512,25,gender,36.0
3,nodedup,10,no_gender,25.5
3,nodedup,10,gender,34.050000000000004
3,nodedup,15,no_gender,25.466666666666672
3,nodedup,15,gender,34.13333333333334
3,nodedup,25,no_gender,25.649999999999995
3,nodedup,25,gender,33.85
