seed,cfg,center,snorm,protocol,eer
1,k4,none,raw,no_gender,24.366666666666667
1,k4,none,asnorm,no_gender,21.933333333333334
1,k4,none,raw,gender,32.099999999999994
1,k4,none,asnorm,gender,30.349999999999998
1,k4,file,raw,no_gender,23.833333333333332
1,k4,file,asnorm,no_gender,21.816666666666666
1,k4,file,raw,gender,33.050000000000004
1,k4,file,asnorm,gender,30.71666666666667
1,k4,file_voice_only,raw,no_gender,23.46666666666667
1,k4,file_voice_only,asnorm,no_gender,22.199999999999996
1,k4,file_voice_only,raw,gender,32.31666666666666
1,k4,file_voice_only,asnorm,gender,30.733333333333334
1,k32,none,raw,no_gender,27.86666666666666
1,k32,none,asnorm,no_gender,28.51666666666667
1,k32,none,raw,gender,33.28333333333333
1,k32,none,asnorm,gender,32.51666666666666
1,k32,file,raw,no_gender,27.399999999999995
1,k32,file,asnorm,no_gender,27.3
1,k32,file,raw,gender,32.21666666666667
1,k32,file,asnorm,gender,31.833333333333336
1,k32,file_voice_only,raw,no_gender,27.3
1,k32,file_voice_only,asnorm,no_gender,27.566666666666663
1,k32,file_voice_only,raw,gender,32.4
1,k32,file_voice_only,asnorm,gender,31.933333333333337
2,k4,none,raw,no_gender,24.73333333333333
2,k4,none,asnorm,no_gender,23.75
2,k4,none,raw,gender,39.449999999999996
2,k4,none,asnorm,gender,35.46666666666667
2,k4,file,raw,no_gender,24.916666666666664
2,k4,file,asnorm,no_gender,24.0
2,k4,file,raw,gender,39.416666666666664
2,k4,file,asnorm,gender,35.78333333333333
2,k4,file_voice_only,raw,no_gender,25.16666666666667
2,k4,file_voice_only,asnorm,no_gender,24.03333333333333
2,k4,file_voice_only,raw,gender,38.9
2,k4,file_voice_only,asnorm,gender,35.56666666666667
2,k32,none,raw,no_gender,27.9
2,k32,none,asnorm,no_gender,26.8
2,k32,none,raw,gender,37.2
2,k32,none,asnorm,gender,34.86666666666667
2,k32,file,raw,no_gender,26.466666666666672
2,k32,file,asnorm,no_gender,26.266666666666673
2,k32,file,raw,gender,35.766666666666666
2,k32,file,asnorm,gender,34.266666666666666
2,k32,file_voice_only,raw,no_gender,26.716666666666665
2,k32,file_voice_only,asnorm,no_gender,26.466666666666672
2,k32,file_voice_only,raw,gender,35.85
2,k32,file_voice_only,asnorm,gender,33.93333333333334
3,k4,none,raw,no_gender,24.46666666666667
3,k4,none,asnorm,no_gender,24.56666666666667
3,k4,none,raw,gender,35.099999999999994
3,k4,none,asnorm,gender,33.766666666666666
3,k4,file,raw,no_gender,23.283333333333335
3,k4,file,asnorm,no_gender,24.316666666666666
3,k4,file,raw,gender,33.96666666666667
3,k4,file,asnorm,gender,32.766666666666666
3,k4,file_voice_only,raw,no_gender,24.55
3,k4,file_voice_only,asnorm,no_gender,24.46666666666667
3,k4,file_voice_only,raw,gender,34.36666666666667
3,k4,file_voice_only,asnorm,gender,32.93333333333334
3,k32,none,raw,no_gender,27.249999999999996
3,k32,none,asnorm,no_gender,26.53333333333333
3,k32,none,raw,gender,33.53333333333334
3,k32,none,asnorm,gender,32.483333333333334
3,k32,file,raw,no_gender,26.333333333333332
3,k32,file,asnorm,no_gender,26.36666666666667
3,k32,file,raw,gender,31.716666666666672
3,k32,file,asnorm,gender,31.766666666666666
3,k32,file_voice_only,raw,no_gender,27.18333333333333
3,k32,file_voice_only,asnorm,no_gender,26.416666666666664
3,k32,file_voice_only,raw,gender,33.166666666666664
3,k32,file_voice_only,asnorm,gender,32.233333333333334
