sys,cell,graph,judged,k,lam,base,eer,gain
r3_rdn6vox,no_gender/English,arc,btc,3,0.1,27.24,27.4,-0.16
r3_rdn6vox,no_gender/English,arc,btc,3,0.2,27.24,27.24,0.0
r3_rdn6vox,no_gender/English,arc,btc,3,0.3,27.24,27.24,0.0
r3_rdn6vox,no_gender/English,arc,btc,5,0.1,27.24,27.09,0.15
r3_rdn6vox,no_gender/English,arc,btc,5,0.2,27.24,27.24,0.0
r3_rdn6vox,no_gender/English,arc,btc,5,0.3,27.24,26.64,0.6
r3_rdn6vox,no_gender/English,arc,btc,10,0.1,27.24,27.55,-0.31
r3_rdn6vox,no_gender/English,arc,btc,10,0.2,27.24,27.24,0.0
r3_rdn6vox,no_gender/English,arc,btc,10,0.3,27.24,27.55,-0.31
r3_rdn6vox,no_gender/English,btc,arc,3,0.1,29.53,29.42,0.11
r3_rdn6vox,no_gender/English,btc,arc,3,0.2,29.53,29.53,0.0
r3_rdn6vox,no_gender/English,btc,arc,3,0.3,29.53,29.01,0.52
r3_rdn6vox,no_gender/English,btc,arc,5,0.1,29.53,29.53,0.0
r3_rdn6vox,no_gender/English,btc,arc,5,0.2,29.53,29.42,0.11
r3_rdn6vox,no_gender/English,btc,arc,5,0.3,29.53,29.22,0.31
r3_rdn6vox,no_gender/English,btc,arc,10,0.1,29.53,29.63,-0.1
r3_rdn6vox,no_gender/English,btc,arc,10,0.2,29.53,29.22,0.31
r3_rdn6vox,no_gender/English,btc,arc,10,0.3,29.53,29.01,0.52
r3_rdn6vox,no_gender/Bangla,arc,btc,3,0.1,30.85,30.2,0.65
r3_rdn6vox,no_gender/Bangla,arc,btc,3,0.2,30.85,30.53,0.32
r3_rdn6vox,no_gender/Bangla,arc,btc,3,0.3,30.85,29.88,0.97
r3_rdn6vox,no_gender/Bangla,arc,btc,5,0.1,30.85,30.42,0.43
r3_rdn6vox,no_gender/Bangla,arc,btc,5,0.2,30.85,30.42,0.43
r3_rdn6vox,no_gender/Bangla,arc,btc,5,0.3,30.85,30.64,0.21
r3_rdn6vox,no_gender/Bangla,arc,btc,10,0.1,30.85,30.64,0.21
r3_rdn6vox,no_gender/Bangla,arc,btc,10,0.2,30.85,30.42,0.43
r3_rdn6vox,no_gender/Bangla,arc,btc,10,0.3,30.85,30.42,0.43
r3_rdn6vox,no_gender/Bangla,btc,arc,3,0.1,31.84,31.91,-0.07
r3_rdn6vox,no_gender/Bangla,btc,arc,3,0.2,31.84,31.98,-0.14
r3_rdn6vox,no_gender/Bangla,btc,arc,3,0.3,31.84,32.05,-0.21
r3_rdn6vox,no_gender/Bangla,btc,arc,5,0.1,31.84,31.62,0.22
r3_rdn6vox,no_gender/Bangla,btc,arc,5,0.2,31.84,31.62,0.22
r3_rdn6vox,no_gender/Bangla,btc,arc,5,0.3,31.84,31.69,0.15
r3_rdn6vox,no_gender/Bangla,btc,arc,10,0.1,31.84,31.69,0.15
r3_rdn6vox,no_gender/Bangla,btc,arc,10,0.2,31.84,31.69,0.15
r3_rdn6vox,no_gender/Bangla,btc,arc,10,0.3,31.84,31.69,0.15
r3_rdn6vox,gender/English,arc,btc,3,0.1,30.79,30.32,0.47
r3_rdn6vox,gender/English,arc,btc,3,0.2,30.79,30.31,0.48
r3_rdn6vox,gender/English,arc,btc,3,0.3,30.79,30.47,0.32
r3_rdn6vox,gender/English,arc,btc,5,0.1,30.79,30.77,0.02
r3_rdn6vox,gender/English,arc,btc,5,0.2,30.79,30.32,0.47
r3_rdn6vox,gender/English,arc,btc,5,0.3,30.79,30.32,0.47
r3_rdn6vox,gender/English,arc,btc,10,0.1,30.79,30.94,-0.15
r3_rdn6vox,gender/English,arc,btc,10,0.2,30.79,30.15,0.64
r3_rdn6vox,gender/English,arc,btc,10,0.3,30.79,30.0,0.79
r3_rdn6vox,gender/English,btc,arc,3,0.1,34.28,34.6,-0.32
r3_rdn6vox,gender/English,btc,arc,3,0.2,34.28,34.82,-0.54
r3_rdn6vox,gender/English,btc,arc,3,0.3,34.28,34.18,0.1
r3_rdn6vox,gender/English,btc,arc,5,0.1,34.28,34.39,-0.11
r3_rdn6vox,gender/English,btc,arc,5,0.2,34.28,34.59,-0.31
r3_rdn6vox,gender/English,btc,arc,5,0.3,34.28,33.55,0.73
r3_rdn6vox,gender/English,btc,arc,10,0.1,34.28,34.5,-0.22
r3_rdn6vox,gender/English,btc,arc,10,0.2,34.28,33.97,0.31
r3_rdn6vox,gender/English,btc,arc,10,0.3,34.28,33.97,0.31
r3_rdn6vox,gender/Bangla,arc,btc,3,0.1,38.56,38.46,0.1
r3_rdn6vox,gender/Bangla,arc,btc,3,0.2,38.56,38.35,0.21
r3_rdn6vox,gender/Bangla,arc,btc,3,0.3,38.56,38.45,0.11
r3_rdn6vox,gender/Bangla,arc,btc,5,0.1,38.56,38.85,-0.29
r3_rdn6vox,gender/Bangla,arc,btc,5,0.2,38.56,38.45,0.11
r3_rdn6vox,gender/Bangla,arc,btc,5,0.3,38.56,38.15,0.41
r3_rdn6vox,gender/Bangla,arc,btc,10,0.1,38.56,38.95,-0.39
r3_rdn6vox,gender/Bangla,arc,btc,10,0.2,38.56,38.96,-0.4
r3_rdn6vox,gender/Bangla,arc,btc,10,0.3,38.56,38.85,-0.29
r3_rdn6vox,gender/Bangla,btc,arc,3,0.1,40.36,40.36,0.0
r3_rdn6vox,gender/Bangla,btc,arc,3,0.2,40.36,40.29,0.07
r3_rdn6vox,gender/Bangla,btc,arc,3,0.3,40.36,39.94,0.42
r3_rdn6vox,gender/Bangla,btc,arc,5,0.1,40.36,40.08,0.28
r3_rdn6vox,gender/Bangla,btc,arc,5,0.2,40.36,40.22,0.14
r3_rdn6vox,gender/Bangla,btc,arc,5,0.3,40.36,40.71,-0.35
r3_rdn6vox,gender/Bangla,btc,arc,10,0.1,40.36,40.08,0.28
r3_rdn6vox,gender/Bangla,btc,arc,10,0.2,40.36,40.22,0.14
r3_rdn6vox,gender/Bangla,btc,arc,10,0.3,40.36,40.01,0.35
