cell,cand,arc,btc
no_gender/English,cur,22.42,21.36
no_gender/English,r3_rdn6multi,26.96,26.01
no_gender/English,cur+r3_rdn6multi,23.15,20.74
no_gender/English,r3_rdn6multi_mix,27.06,25.38
no_gender/English,cur+r3_rdn6multi_mix,23.15,21.67
no_gender/English,r3_rdn6vox,29.12,27.24
no_gender/English,cur+r3_rdn6vox,24.18,22.76
no_gender/English,r3_rdn6vox_mix,27.98,27.7
no_gender/English,cur+r3_rdn6vox_mix,24.18,22.29
no_gender/Bangla,cur,26.32,26.0
no_gender/Bangla,r3_rdn6multi,33.0,31.93
no_gender/Bangla,cur+r3_rdn6multi,27.19,25.89
no_gender/Bangla,r3_rdn6multi_mix,32.99,31.17
no_gender/Bangla,cur+r3_rdn6multi_mix,27.48,26.0
no_gender/Bangla,r3_rdn6vox,31.62,30.63
no_gender/Bangla,cur+r3_rdn6vox,27.05,26.21
no_gender/Bangla,r3_rdn6vox_mix,31.18,30.1
no_gender/Bangla,cur+r3_rdn6vox_mix,26.83,25.78
gender/English,cur,28.04,25.78
gender/English,r3_rdn6multi,33.23,28.91
gender/English,cur+r3_rdn6multi,30.27,26.57
gender/English,r3_rdn6multi_mix,32.7,28.28
gender/English,cur+r3_rdn6multi_mix,29.84,26.26
gender/English,r3_rdn6vox,34.39,30.94
gender/English,cur+r3_rdn6vox,32.18,27.97
gender/English,r3_rdn6vox_mix,34.39,30.32
gender/English,cur+r3_rdn6vox_mix,31.22,27.34
gender/Bangla,cur,34.62,32.33
gender/Bangla,r3_rdn6multi,41.12,39.75
gender/Bangla,cur+r3_rdn6multi,37.11,35.34
gender/Bangla,r3_rdn6multi_mix,41.33,39.76
gender/Bangla,cur+r3_rdn6multi_mix,37.18,35.14
gender/Bangla,r3_rdn6vox,40.15,38.56
gender/Bangla,cur+r3_rdn6vox,36.83,35.04
gender/Bangla,r3_rdn6vox_mix,40.5,38.85
gender/Bangla,cur+r3_rdn6vox_mix,37.18,35.04
