split,arm,target,protocol,level,eer
1,CTRL,v4_en,ng,sample,25.266666666666666
1,CTRL,v4_en,ng,cluster,17.266666666666666
1,CTRL,v4_en,g,sample,34.06666666666667
1,CTRL,v4_en,g,cluster,27.366666666666667
1,CTRL,urdu,ng,sample,28.333333333333332
1,CTRL,urdu,ng,person,19.26666666666667
1,CTRL,urdu,g,sample,40.03333333333333
1,CTRL,urdu,g,person,32.2
1,CTRL,hindi,ng,sample,30.966666666666665
1,CTRL,hindi,ng,person,28.46666666666667
1,IB,v4_en,ng,sample,25.36666666666667
1,IB,v4_en,ng,cluster,18.066666666666663
1,IB,v4_en,g,sample,35.733333333333334
1,IB,v4_en,g,cluster,26.266666666666673
1,IB,urdu,ng,sample,23.933333333333334
1,IB,urdu,ng,person,14.166666666666671
1,IB,urdu,g,sample,36.06666666666667
1,IB,urdu,g,person,23.266666666666666
1,IB,hindi,ng,sample,26.43333333333333
1,IB,hindi,ng,person,18.099999999999998
1,CTRL+IB.25,v4_en,ng,sample,22.5
1,CTRL+IB.25,v4_en,ng,cluster,14.7
1,CTRL+IB.25,v4_en,g,sample,31.8
1,CTRL+IB.25,v4_en,g,cluster,26.033333333333335
1,CTRL+IB.25,urdu,ng,sample,24.233333333333327
1,CTRL+IB.25,urdu,ng,person,14.600000000000001
1,CTRL+IB.25,urdu,g,sample,37.3
1,CTRL+IB.25,urdu,g,person,26.73333333333333
1,CTRL+IB.25,hindi,ng,sample,27.73333333333333
1,CTRL+IB.25,hindi,ng,person,23.7
1,CTRL+IB.5,v4_en,ng,sample,20.899999999999995
1,CTRL+IB.5,v4_en,ng,cluster,14.833333333333332
1,CTRL+IB.5,v4_en,g,sample,30.0
1,CTRL+IB.5,v4_en,g,cluster,21.53333333333334
1,CTRL+IB.5,urdu,ng,sample,22.133333333333333
1,CTRL+IB.5,urdu,ng,person,13.966666666666667
1,CTRL+IB.5,urdu,g,sample,33.833333333333336
1,CTRL+IB.5,urdu,g,person,23.533333333333335
1,CTRL+IB.5,hindi,ng,sample,26.0
1,CTRL+IB.5,hindi,ng,person,19.366666666666667
1,vitage,v4_en,ng,sample,28.299999999999997
1,vitage,v4_en,ng,cluster,23.333333333333332
1,vitage,v4_en,g,sample,38.13333333333333
1,vitage,v4_en,g,cluster,33.166666666666664
1,vitage,urdu,ng,sample,27.53333333333333
1,vitage,urdu,ng,person,20.333333333333336
1,vitage,urdu,g,sample,39.2
1,vitage,urdu,g,person,32.53333333333333
1,vitage,hindi,ng,sample,31.000000000000007
1,vitage,hindi,ng,person,27.1
1,CTRL+vitage.25,v4_en,ng,sample,24.066666666666666
1,CTRL+vitage.25,v4_en,ng,cluster,18.666666666666668
1,CTRL+vitage.25,v4_en,g,sample,33.53333333333334
1,CTRL+vitage.25,v4_en,g,cluster,33.7
1,CTRL+vitage.25,urdu,ng,sample,25.8
1,CTRL+vitage.25,urdu,ng,person,18.566666666666666
1,CTRL+vitage.25,urdu,g,sample,39.300000000000004
1,CTRL+vitage.25,urdu,g,person,34.63333333333333
1,CTRL+vitage.25,hindi,ng,sample,29.133333333333333
1,CTRL+vitage.25,hindi,ng,person,25.8
1,CTRL+vitage.5,v4_en,ng,sample,24.7
1,CTRL+vitage.5,v4_en,ng,cluster,19.0
1,CTRL+vitage.5,v4_en,g,sample,34.1
1,CTRL+vitage.5,v4_en,g,cluster,29.86666666666667
1,CTRL+vitage.5,urdu,ng,sample,24.56666666666667
1,CTRL+vitage.5,urdu,ng,person,18.9
1,CTRL+vitage.5,urdu,g,sample,38.26666666666667
1,CTRL+vitage.5,urdu,g,person,28.333333333333332
1,CTRL+vitage.5,hindi,ng,sample,28.9
1,CTRL+vitage.5,hindi,ng,person,25.166666666666664
1,CATvitage,v4_en,ng,sample,24.7
1,CATvitage,v4_en,ng,cluster,22.299999999999997
1,CATvitage,v4_en,g,sample,34.06666666666667
1,CATvitage,v4_en,g,cluster,28.866666666666664
1,CATvitage,urdu,ng,sample,26.13333333333333
1,CATvitage,urdu,ng,person,18.833333333333332
1,CATvitage,urdu,g,sample,39.83333333333333
1,CATvitage,urdu,g,person,28.933333333333334
1,CATvitage,hindi,ng,sample,27.933333333333334
1,CATvitage,hindi,ng,person,25.233333333333334
1,farl,v4_en,ng,sample,26.53333333333333
1,farl,v4_en,ng,cluster,20.96666666666667
1,farl,v4_en,g,sample,36.06666666666667
1,farl,v4_en,g,cluster,32.300000000000004
1,farl,urdu,ng,sample,27.933333333333334
1,farl,urdu,ng,person,20.566666666666666
1,farl,urdu,g,sample,39.53333333333333
1,farl,urdu,g,person,35.16666666666667
1,farl,hindi,ng,sample,28.633333333333333
1,farl,hindi,ng,person,23.4
1,CTRL+farl.25,v4_en,ng,sample,23.86666666666667
1,CTRL+farl.25,v4_en,ng,cluster,18.53333333333333
1,CTRL+farl.25,v4_en,g,sample,33.333333333333336
1,CTRL+farl.25,v4_en,g,cluster,32.33333333333333
1,CTRL+farl.25,urdu,ng,sample,26.633333333333333
1,CTRL+farl.25,urdu,ng,person,16.466666666666665
1,CTRL+farl.25,urdu,g,sample,38.63333333333333
1,CTRL+farl.25,urdu,g,person,34.266666666666666
1,CTRL+farl.25,hindi,ng,sample,28.166666666666668
1,CTRL+farl.25,hindi,ng,person,24.766666666666666
1,CTRL+farl.5,v4_en,ng,sample,23.333333333333332
1,CTRL+farl.5,v4_en,ng,cluster,19.53333333333333
1,CTRL+farl.5,v4_en,g,sample,32.93333333333333
1,CTRL+farl.5,v4_en,g,cluster,30.9
1,CTRL+farl.5,urdu,ng,sample,25.533333333333335
1,CTRL+farl.5,urdu,ng,person,20.200000000000003
1,CTRL+farl.5,urdu,g,sample,38.36666666666667
1,CTRL+farl.5,urdu,g,person,30.266666666666666
1,CTRL+farl.5,hindi,ng,sample,27.133333333333333
1,CTRL+farl.5,hindi,ng,person,20.933333333333334
1,CATfarl,v4_en,ng,sample,23.933333333333334
1,CATfarl,v4_en,ng,cluster,18.866666666666667
1,CATfarl,v4_en,g,sample,32.833333333333336
1,CATfarl,v4_en,g,cluster,27.666666666666668
1,CATfarl,urdu,ng,sample,25.53333333333333
1,CATfarl,urdu,ng,person,15.0
1,CATfarl,urdu,g,sample,39.53333333333333
1,CATfarl,urdu,g,person,33.166666666666664
1,CATfarl,hindi,ng,sample,27.366666666666667
1,CATfarl,hindi,ng,person,23.599999999999998
2,CTRL,v4_en,ng,sample,29.533333333333335
2,CTRL,v4_en,ng,cluster,25.266666666666666
2,CTRL,v4_en,g,sample,38.266666666666666
2,CTRL,v4_en,g,cluster,35.5
2,CTRL,urdu,ng,sample,35.333333333333336
2,CTRL,urdu,ng,person,29.500000000000004
2,CTRL,urdu,g,sample,40.233333333333334
2,CTRL,urdu,g,person,35.36666666666667
2,CTRL,hindi,ng,sample,33.83333333333333
2,CTRL,hindi,ng,person,28.96666666666666
2,IB,v4_en,ng,sample,24.366666666666667
2,IB,v4_en,ng,cluster,15.5
2,IB,v4_en,g,sample,33.83333333333333
2,IB,v4_en,g,cluster,26.200000000000003
2,IB,urdu,ng,sample,26.966666666666665
2,IB,urdu,ng,person,16.966666666666665
2,IB,urdu,g,sample,31.166666666666664
2,IB,urdu,g,person,23.96666666666667
2,IB,hindi,ng,sample,30.600000000000005
2,IB,hindi,ng,person,24.73333333333333
2,CTRL+IB.25,v4_en,ng,sample,25.4
2,CTRL+IB.25,v4_en,ng,cluster,22.066666666666666
2,CTRL+IB.25,v4_en,g,sample,35.0
2,CTRL+IB.25,v4_en,g,cluster,30.433333333333334
2,CTRL+IB.25,urdu,ng,sample,29.56666666666667
2,CTRL+IB.25,urdu,ng,person,28.03333333333333
2,CTRL+IB.25,urdu,g,sample,34.63333333333334
2,CTRL+IB.25,urdu,g,person,35.36666666666667
2,CTRL+IB.25,hindi,ng,sample,30.233333333333334
2,CTRL+IB.25,hindi,ng,person,23.166666666666668
2,CTRL+IB.5,v4_en,ng,sample,23.200000000000003
2,CTRL+IB.5,v4_en,ng,cluster,18.099999999999998
2,CTRL+IB.5,v4_en,g,sample,32.53333333333333
2,CTRL+IB.5,v4_en,g,cluster,30.433333333333334
2,CTRL+IB.5,urdu,ng,sample,26.3
2,CTRL+IB.5,urdu,ng,person,21.833333333333332
2,CTRL+IB.5,urdu,g,sample,31.5
2,CTRL+IB.5,urdu,g,person,29.733333333333334
2,CTRL+IB.5,hindi,ng,sample,28.53333333333333
2,CTRL+IB.5,hindi,ng,person,17.9
2,vitage,v4_en,ng,sample,30.933333333333334
2,vitage,v4_en,ng,cluster,23.56666666666667
2,vitage,v4_en,g,sample,40.06666666666666
2,vitage,v4_en,g,cluster,35.56666666666667
2,vitage,urdu,ng,sample,37.5
2,vitage,urdu,ng,person,30.733333333333334
2,vitage,urdu,g,sample,42.46666666666666
2,vitage,urdu,g,person,37.53333333333334
2,vitage,hindi,ng,sample,34.9
2,vitage,hindi,ng,person,23.566666666666666
2,CTRL+vitage.25,v4_en,ng,sample,28.333333333333332
2,CTRL+vitage.25,v4_en,ng,cluster,24.033333333333335
2,CTRL+vitage.25,v4_en,g,sample,37.46666666666667
2,CTRL+vitage.25,v4_en,g,cluster,33.63333333333333
2,CTRL+vitage.25,urdu,ng,sample,33.266666666666666
2,CTRL+vitage.25,urdu,ng,person,28.03333333333333
2,CTRL+vitage.25,urdu,g,sample,39.13333333333333
2,CTRL+vitage.25,urdu,g,person,35.36666666666667
2,CTRL+vitage.25,hindi,ng,sample,33.06666666666666
2,CTRL+vitage.25,hindi,ng,person,26.766666666666666
2,CTRL+vitage.5,v4_en,ng,sample,28.299999999999997
2,CTRL+vitage.5,v4_en,ng,cluster,23.166666666666668
2,CTRL+vitage.5,v4_en,g,sample,37.666666666666664
2,CTRL+vitage.5,v4_en,g,cluster,33.96666666666667
2,CTRL+vitage.5,urdu,ng,sample,32.86666666666667
2,CTRL+vitage.5,urdu,ng,person,28.03333333333333
2,CTRL+vitage.5,urdu,g,sample,39.13333333333333
2,CTRL+vitage.5,urdu,g,person,35.36666666666667
2,CTRL+vitage.5,hindi,ng,sample,32.9
2,CTRL+vitage.5,hindi,ng,person,24.166666666666668
2,CATvitage,v4_en,ng,sample,29.06666666666667
2,CATvitage,v4_en,ng,cluster,23.033333333333335
2,CATvitage,v4_en,g,sample,39.233333333333334
2,CATvitage,v4_en,g,cluster,37.9
2,CATvitage,urdu,ng,sample,34.13333333333333
2,CATvitage,urdu,ng,person,28.03333333333333
2,CATvitage,urdu,g,sample,41.13333333333333
2,CATvitage,urdu,g,person,35.0
2,CATvitage,hindi,ng,sample,32.9
2,CATvitage,hindi,ng,person,27.0
2,farl,v4_en,ng,sample,31.033333333333335
2,farl,v4_en,ng,cluster,24.86666666666667
2,farl,v4_en,g,sample,40.46666666666666
2,farl,v4_en,g,cluster,35.06666666666667
2,farl,urdu,ng,sample,33.13333333333333
2,farl,urdu,ng,person,28.03333333333333
2,farl,urdu,g,sample,38.2
2,farl,urdu,g,person,32.166666666666664
2,farl,hindi,ng,sample,35.36666666666667
2,farl,hindi,ng,person,27.766666666666662
2,CTRL+farl.25,v4_en,ng,sample,28.299999999999997
2,CTRL+farl.25,v4_en,ng,cluster,23.96666666666667
2,CTRL+farl.25,v4_en,g,sample,37.43333333333333
2,CTRL+farl.25,v4_en,g,cluster,34.53333333333333
2,CTRL+farl.25,urdu,ng,sample,33.800000000000004
2,CTRL+farl.25,urdu,ng,person,28.03333333333333
2,CTRL+farl.25,urdu,g,sample,39.0
2,CTRL+farl.25,urdu,g,person,31.266666666666666
2,CTRL+farl.25,hindi,ng,sample,33.43333333333334
2,CTRL+farl.25,hindi,ng,person,27.333333333333332
2,CTRL+farl.5,v4_en,ng,sample,28.166666666666668
2,CTRL+farl.5,v4_en,ng,cluster,22.366666666666667
2,CTRL+farl.5,v4_en,g,sample,37.46666666666667
2,CTRL+farl.5,v4_en,g,cluster,37.1
2,CTRL+farl.5,urdu,ng,sample,32.36666666666667
2,CTRL+farl.5,urdu,ng,person,28.03333333333333
2,CTRL+farl.5,urdu,g,sample,37.4
2,CTRL+farl.5,urdu,g,person,28.03333333333333
2,CTRL+farl.5,hindi,ng,sample,32.63333333333334
2,CTRL+farl.5,hindi,ng,person,26.3
2,CATfarl,v4_en,ng,sample,28.1
2,CATfarl,v4_en,ng,cluster,24.833333333333332
2,CATfarl,v4_en,g,sample,38.43333333333334
2,CATfarl,v4_en,g,cluster,36.199999999999996
2,CATfarl,urdu,ng,sample,34.5
2,CATfarl,urdu,ng,person,28.03333333333333
2,CATfarl,urdu,g,sample,39.766666666666666
2,CATfarl,urdu,g,person,32.93333333333333
2,CATfarl,hindi,ng,sample,32.766666666666666
2,CATfarl,hindi,ng,person,28.566666666666663
3,CTRL,v4_en,ng,sample,31.633333333333336
3,CTRL,v4_en,ng,cluster,27.633333333333333
3,CTRL,v4_en,g,sample,41.7
3,CTRL,v4_en,g,cluster,36.666666666666664
3,CTRL,urdu,ng,sample,30.966666666666665
3,CTRL,urdu,ng,person,27.0
3,CTRL,urdu,g,sample,43.63333333333333
3,CTRL,urdu,g,person,35.333333333333336
3,CTRL,hindi,ng,sample,33.266666666666666
3,CTRL,hindi,ng,person,24.0
3,IB,v4_en,ng,sample,24.433333333333334
3,IB,v4_en,ng,cluster,13.900000000000002
3,IB,v4_en,g,sample,33.5
3,IB,v4_en,g,cluster,21.133333333333333
3,IB,urdu,ng,sample,27.866666666666667
3,IB,urdu,ng,person,13.466666666666665
3,IB,urdu,g,sample,41.03333333333333
3,IB,urdu,g,person,26.333333333333332
3,IB,hindi,ng,sample,28.4
3,IB,hindi,ng,person,23.26666666666667
3,CTRL+IB.25,v4_en,ng,sample,26.633333333333333
3,CTRL+IB.25,v4_en,ng,cluster,20.96666666666667
3,CTRL+IB.25,v4_en,g,sample,37.43333333333334
3,CTRL+IB.25,v4_en,g,cluster,30.333333333333336
3,CTRL+IB.25,urdu,ng,sample,28.566666666666666
3,CTRL+IB.25,urdu,ng,person,21.53333333333334
3,CTRL+IB.25,urdu,g,sample,41.699999999999996
3,CTRL+IB.25,urdu,g,person,35.333333333333336
3,CTRL+IB.25,hindi,ng,sample,30.4
3,CTRL+IB.25,hindi,ng,person,24.46666666666667
3,CTRL+IB.5,v4_en,ng,sample,23.466666666666665
3,CTRL+IB.5,v4_en,ng,cluster,17.000000000000004
3,CTRL+IB.5,v4_en,g,sample,33.233333333333334
3,CTRL+IB.5,v4_en,g,cluster,24.933333333333334
3,CTRL+IB.5,urdu,ng,sample,26.13333333333333
3,CTRL+IB.5,urdu,ng,person,21.53333333333334
3,CTRL+IB.5,urdu,g,sample,40.13333333333333
3,CTRL+IB.5,urdu,g,person,28.300000000000004
3,CTRL+IB.5,hindi,ng,sample,28.199999999999996
3,CTRL+IB.5,hindi,ng,person,22.866666666666667
3,vitage,v4_en,ng,sample,29.366666666666667
3,vitage,v4_en,ng,cluster,27.833333333333332
3,vitage,v4_en,g,sample,39.03333333333333
3,vitage,v4_en,g,cluster,38.93333333333333
3,vitage,urdu,ng,sample,28.4
3,vitage,urdu,ng,person,27.266666666666666
3,vitage,urdu,g,sample,41.233333333333334
3,vitage,urdu,g,person,35.3
3,vitage,hindi,ng,sample,34.199999999999996
3,vitage,hindi,ng,person,33.83333333333333
3,CTRL+vitage.25,v4_en,ng,sample,29.533333333333335
3,CTRL+vitage.25,v4_en,ng,cluster,24.26666666666667
3,CTRL+vitage.25,v4_en,g,sample,40.300000000000004
3,CTRL+vitage.25,v4_en,g,cluster,35.766666666666666
3,CTRL+vitage.25,urdu,ng,sample,28.4
3,CTRL+vitage.25,urdu,ng,person,21.566666666666666
3,CTRL+vitage.25,urdu,g,sample,41.699999999999996
3,CTRL+vitage.25,urdu,g,person,35.333333333333336
3,CTRL+vitage.25,hindi,ng,sample,31.899999999999995
3,CTRL+vitage.25,hindi,ng,person,23.96666666666667
3,CTRL+vitage.5,v4_en,ng,sample,28.46666666666666
3,CTRL+vitage.5,v4_en,ng,cluster,26.13333333333333
3,CTRL+vitage.5,v4_en,g,sample,39.43333333333333
3,CTRL+vitage.5,v4_en,g,cluster,32.46666666666667
3,CTRL+vitage.5,urdu,ng,sample,26.666666666666668
3,CTRL+vitage.5,urdu,ng,person,20.833333333333336
3,CTRL+vitage.5,urdu,g,sample,40.63333333333333
3,CTRL+vitage.5,urdu,g,person,35.333333333333336
3,CTRL+vitage.5,hindi,ng,sample,30.933333333333334
3,CTRL+vitage.5,hindi,ng,person,28.833333333333332
3,CATvitage,v4_en,ng,sample,28.7
3,CATvitage,v4_en,ng,cluster,25.233333333333334
3,CATvitage,v4_en,g,sample,38.9
3,CATvitage,v4_en,g,cluster,28.066666666666666
3,CATvitage,urdu,ng,sample,27.366666666666667
3,CATvitage,urdu,ng,person,20.1
3,CATvitage,urdu,g,sample,40.7
3,CATvitage,urdu,g,person,31.533333333333335
3,CATvitage,hindi,ng,sample,31.900000000000002
3,CATvitage,hindi,ng,person,24.866666666666667
3,farl,v4_en,ng,sample,27.366666666666667
3,farl,v4_en,ng,cluster,23.76666666666667
3,farl,v4_en,g,sample,36.133333333333326
3,farl,v4_en,g,cluster,26.200000000000003
3,farl,urdu,ng,sample,30.466666666666665
3,farl,urdu,ng,person,27.066666666666674
3,farl,urdu,g,sample,45.53333333333333
3,farl,urdu,g,person,42.06666666666666
3,farl,hindi,ng,sample,32.266666666666666
3,farl,hindi,ng,person,24.333333333333336
3,CTRL+farl.25,v4_en,ng,sample,28.9
3,CTRL+farl.25,v4_en,ng,cluster,23.200000000000003
3,CTRL+farl.25,v4_en,g,sample,39.36666666666667
3,CTRL+farl.25,v4_en,g,cluster,33.199999999999996
3,CTRL+farl.25,urdu,ng,sample,29.300000000000004
3,CTRL+farl.25,urdu,ng,person,24.8
3,CTRL+farl.25,urdu,g,sample,43.53333333333333
3,CTRL+farl.25,urdu,g,person,39.5
3,CTRL+farl.25,hindi,ng,sample,32.06666666666666
3,CTRL+farl.25,hindi,ng,person,23.533333333333328
3,CTRL+farl.5,v4_en,ng,sample,27.266666666666666
3,CTRL+farl.5,v4_en,ng,cluster,24.633333333333333
3,CTRL+farl.5,v4_en,g,sample,37.0
3,CTRL+farl.5,v4_en,g,cluster,26.766666666666666
3,CTRL+farl.5,urdu,ng,sample,27.96666666666667
3,CTRL+farl.5,urdu,ng,person,22.233333333333334
3,CTRL+farl.5,urdu,g,sample,43.266666666666666
3,CTRL+farl.5,urdu,g,person,44.7
3,CTRL+farl.5,hindi,ng,sample,31.133333333333336
3,CTRL+farl.5,hindi,ng,person,24.06666666666667
3,CATfarl,v4_en,ng,sample,28.066666666666663
3,CATfarl,v4_en,ng,cluster,22.933333333333326
3,CATfarl,v4_en,g,sample,37.8
3,CATfarl,v4_en,g,cluster,30.599999999999998
3,CATfarl,urdu,ng,sample,28.46666666666667
3,CATfarl,urdu,ng,person,20.200000000000003
3,CATfarl,urdu,g,sample,42.63333333333333
3,CATfarl,urdu,g,person,35.63333333333333
3,CATfarl,hindi,ng,sample,32.43333333333333
3,CATfarl,hindi,ng,person,27.23333333333333
4,CTRL,v4_en,ng,sample,29.533333333333335
4,CTRL,v4_en,ng,cluster,23.533333333333335
4,CTRL,v4_en,g,sample,37.666666666666664
4,CTRL,v4_en,g,cluster,38.7
4,CTRL,urdu,ng,sample,30.333333333333336
4,CTRL,urdu,ng,person,21.2
4,CTRL,urdu,g,sample,41.13333333333333
4,CTRL,urdu,g,person,32.5
4,CTRL,hindi,ng,sample,27.96666666666667
4,CTRL,hindi,ng,person,17.866666666666664
4,IB,v4_en,ng,sample,25.033333333333335
4,IB,v4_en,ng,cluster,19.1
4,IB,v4_en,g,sample,35.6
4,IB,v4_en,g,cluster,23.799999999999997
4,IB,urdu,ng,sample,21.7
4,IB,urdu,ng,person,14.933333333333335
4,IB,urdu,g,sample,31.066666666666663
4,IB,urdu,g,person,26.766666666666666
4,IB,hindi,ng,sample,30.066666666666663
4,IB,hindi,ng,person,21.73333333333333
4,CTRL+IB.25,v4_en,ng,sample,25.533333333333335
4,CTRL+IB.25,v4_en,ng,cluster,20.933333333333334
4,CTRL+IB.25,v4_en,g,sample,35.66666666666667
4,CTRL+IB.25,v4_en,g,cluster,31.466666666666665
4,CTRL+IB.25,urdu,ng,sample,25.366666666666664
4,CTRL+IB.25,urdu,ng,person,16.966666666666665
4,CTRL+IB.25,urdu,g,sample,35.4
4,CTRL+IB.25,urdu,g,person,28.400000000000002
4,CTRL+IB.25,hindi,ng,sample,24.83333333333333
4,CTRL+IB.25,hindi,ng,person,17.0
4,CTRL+IB.5,v4_en,ng,sample,23.033333333333335
4,CTRL+IB.5,v4_en,ng,cluster,16.6
4,CTRL+IB.5,v4_en,g,sample,33.833333333333336
4,CTRL+IB.5,v4_en,g,cluster,26.700000000000003
4,CTRL+IB.5,urdu,ng,sample,21.83333333333334
4,CTRL+IB.5,urdu,ng,person,14.233333333333334
4,CTRL+IB.5,urdu,g,sample,31.666666666666664
4,CTRL+IB.5,urdu,g,person,23.400000000000002
4,CTRL+IB.5,hindi,ng,sample,24.3
4,CTRL+IB.5,hindi,ng,person,15.333333333333332
4,vitage,v4_en,ng,sample,28.833333333333332
4,vitage,v4_en,ng,cluster,24.43333333333333
4,vitage,v4_en,g,sample,41.46666666666667
4,vitage,v4_en,g,cluster,37.96666666666667
4,vitage,urdu,ng,sample,28.96666666666667
4,vitage,urdu,ng,person,21.699999999999996
4,vitage,urdu,g,sample,39.7
4,vitage,urdu,g,person,36.06666666666667
4,vitage,hindi,ng,sample,26.8
4,vitage,hindi,ng,person,18.633333333333336
4,CTRL+vitage.25,v4_en,ng,sample,28.16666666666666
4,CTRL+vitage.25,v4_en,ng,cluster,22.966666666666665
4,CTRL+vitage.25,v4_en,g,sample,37.56666666666666
4,CTRL+vitage.25,v4_en,g,cluster,37.166666666666664
4,CTRL+vitage.25,urdu,ng,sample,28.833333333333332
4,CTRL+vitage.25,urdu,ng,person,18.53333333333333
4,CTRL+vitage.25,urdu,g,sample,39.4
4,CTRL+vitage.25,urdu,g,person,32.233333333333334
4,CTRL+vitage.25,hindi,ng,sample,25.23333333333333
4,CTRL+vitage.25,hindi,ng,person,18.033333333333335
4,CTRL+vitage.5,v4_en,ng,sample,27.200000000000003
4,CTRL+vitage.5,v4_en,ng,cluster,24.266666666666666
4,CTRL+vitage.5,v4_en,g,sample,38.56666666666666
4,CTRL+vitage.5,v4_en,g,cluster,39.06666666666667
4,CTRL+vitage.5,urdu,ng,sample,27.73333333333333
4,CTRL+vitage.5,urdu,ng,person,21.699999999999996
4,CTRL+vitage.5,urdu,g,sample,38.733333333333334
4,CTRL+vitage.5,urdu,g,person,34.599999999999994
4,CTRL+vitage.5,hindi,ng,sample,24.433333333333334
4,CTRL+vitage.5,hindi,ng,person,15.033333333333335
4,CATvitage,v4_en,ng,sample,27.633333333333333
4,CATvitage,v4_en,ng,cluster,24.93333333333333
4,CATvitage,v4_en,g,sample,38.6
4,CATvitage,v4_en,g,cluster,37.6
4,CATvitage,urdu,ng,sample,28.333333333333332
4,CATvitage,urdu,ng,person,23.3
4,CATvitage,urdu,g,sample,39.56666666666667
4,CATvitage,urdu,g,person,30.666666666666664
4,CATvitage,hindi,ng,sample,24.099999999999998
4,CATvitage,hindi,ng,person,17.266666666666662
4,farl,v4_en,ng,sample,28.566666666666663
4,farl,v4_en,ng,cluster,23.5
4,farl,v4_en,g,sample,39.53333333333333
4,farl,v4_en,g,cluster,36.4
4,farl,urdu,ng,sample,31.366666666666664
4,farl,urdu,ng,person,28.500000000000004
4,farl,urdu,g,sample,41.3
4,farl,urdu,g,person,38.266666666666666
4,farl,hindi,ng,sample,27.16666666666666
4,farl,hindi,ng,person,23.566666666666666
4,CTRL+farl.25,v4_en,ng,sample,27.700000000000003
4,CTRL+farl.25,v4_en,ng,cluster,22.400000000000002
4,CTRL+farl.25,v4_en,g,sample,37.4
4,CTRL+farl.25,v4_en,g,cluster,36.66666666666667
4,CTRL+farl.25,urdu,ng,sample,28.999999999999996
4,CTRL+farl.25,urdu,ng,person,21.6
4,CTRL+farl.25,urdu,g,sample,39.83333333333333
4,CTRL+farl.25,urdu,g,person,34.0
4,CTRL+farl.25,hindi,ng,sample,25.733333333333334
4,CTRL+farl.25,hindi,ng,person,17.000000000000004
4,CTRL+farl.5,v4_en,ng,sample,27.16666666666666
4,CTRL+farl.5,v4_en,ng,cluster,22.5
4,CTRL+farl.5,v4_en,g,sample,37.46666666666666
4,CTRL+farl.5,v4_en,g,cluster,37.1
4,CTRL+farl.5,urdu,ng,sample,28.833333333333332
4,CTRL+farl.5,urdu,ng,person,23.400000000000002
4,CTRL+farl.5,urdu,g,sample,39.366666666666674
4,CTRL+farl.5,urdu,g,person,35.73333333333333
4,CTRL+farl.5,hindi,ng,sample,24.26666666666667
4,CTRL+farl.5,hindi,ng,person,17.266666666666662
4,CATfarl,v4_en,ng,sample,26.866666666666667
4,CATfarl,v4_en,ng,cluster,25.166666666666664
4,CATfarl,v4_en,g,sample,36.8
4,CATfarl,v4_en,g,cluster,38.366666666666674
4,CATfarl,urdu,ng,sample,28.7
4,CATfarl,urdu,ng,person,19.066666666666666
4,CATfarl,urdu,g,sample,38.666666666666664
4,CATfarl,urdu,g,person,30.866666666666664
4,CATfarl,hindi,ng,sample,26.23333333333333
4,CATfarl,hindi,ng,person,17.233333333333334
5,CTRL,v4_en,ng,sample,29.9
5,CTRL,v4_en,ng,cluster,22.53333333333333
5,CTRL,v4_en,g,sample,37.5
5,CTRL,v4_en,g,cluster,27.933333333333334
5,CTRL,urdu,ng,sample,40.13333333333333
5,CTRL,urdu,ng,person,34.833333333333336
5,CTRL,urdu,g,sample,50.23333333333333
5,CTRL,urdu,g,person,46.0
5,CTRL,hindi,ng,sample,37.03333333333333
5,CTRL,hindi,ng,person,32.6
5,IB,v4_en,ng,sample,24.13333333333333
5,IB,v4_en,ng,cluster,15.766666666666662
5,IB,v4_en,g,sample,32.99999999999999
5,IB,v4_en,g,cluster,24.066666666666666
5,IB,urdu,ng,sample,25.93333333333333
5,IB,urdu,ng,person,18.0
5,IB,urdu,g,sample,37.7
5,IB,urdu,g,person,31.200000000000006
5,IB,hindi,ng,sample,24.5
5,IB,hindi,ng,person,14.799999999999999
5,CTRL+IB.25,v4_en,ng,sample,25.533333333333335
5,CTRL+IB.25,v4_en,ng,cluster,20.599999999999998
5,CTRL+IB.25,v4_en,g,sample,33.96666666666667
5,CTRL+IB.25,v4_en,g,cluster,27.1
5,CTRL+IB.25,urdu,ng,sample,33.93333333333333
5,CTRL+IB.25,urdu,ng,person,22.366666666666667
5,CTRL+IB.25,urdu,g,sample,46.2
5,CTRL+IB.25,urdu,g,person,43.6
5,CTRL+IB.25,hindi,ng,sample,32.1
5,CTRL+IB.25,hindi,ng,person,26.56666666666667
5,CTRL+IB.5,v4_en,ng,sample,22.83333333333334
5,CTRL+IB.5,v4_en,ng,cluster,18.96666666666667
5,CTRL+IB.5,v4_en,g,sample,31.866666666666667
5,CTRL+IB.5,v4_en,g,cluster,29.56666666666667
5,CTRL+IB.5,urdu,ng,sample,28.366666666666664
5,CTRL+IB.5,urdu,ng,person,19.766666666666666
5,CTRL+IB.5,urdu,g,sample,42.06666666666667
5,CTRL+IB.5,urdu,g,person,38.366666666666674
5,CTRL+IB.5,hindi,ng,sample,26.166666666666664
5,CTRL+IB.5,hindi,ng,person,20.1
5,vitage,v4_en,ng,sample,29.4
5,vitage,v4_en,ng,cluster,22.233333333333334
5,vitage,v4_en,g,sample,38.06666666666667
5,vitage,v4_en,g,cluster,37.5
5,vitage,urdu,ng,sample,34.86666666666667
5,vitage,urdu,ng,person,29.600000000000005
5,vitage,urdu,g,sample,48.46666666666667
5,vitage,urdu,g,person,41.833333333333336
5,vitage,hindi,ng,sample,30.000000000000004
5,vitage,hindi,ng,person,20.866666666666667
5,CTRL+vitage.25,v4_en,ng,sample,28.066666666666663
5,CTRL+vitage.25,v4_en,ng,cluster,21.266666666666666
5,CTRL+vitage.25,v4_en,g,sample,36.5
5,CTRL+vitage.25,v4_en,g,cluster,30.0
5,CTRL+vitage.25,urdu,ng,sample,38.03333333333334
5,CTRL+vitage.25,urdu,ng,person,29.600000000000005
5,CTRL+vitage.25,urdu,g,sample,49.7
5,CTRL+vitage.25,urdu,g,person,37.3
5,CTRL+vitage.25,hindi,ng,sample,34.93333333333334
5,CTRL+vitage.25,hindi,ng,person,29.533333333333335
5,CTRL+vitage.5,v4_en,ng,sample,27.3
5,CTRL+vitage.5,v4_en,ng,cluster,20.033333333333335
5,CTRL+vitage.5,v4_en,g,sample,36.16666666666667
5,CTRL+vitage.5,v4_en,g,cluster,30.333333333333336
5,CTRL+vitage.5,urdu,ng,sample,35.66666666666667
5,CTRL+vitage.5,urdu,ng,person,29.600000000000005
5,CTRL+vitage.5,urdu,g,sample,48.96666666666667
5,CTRL+vitage.5,urdu,g,person,37.0
5,CTRL+vitage.5,hindi,ng,sample,31.333333333333336
5,CTRL+vitage.5,hindi,ng,person,23.63333333333333
5,CATvitage,v4_en,ng,sample,29.06666666666667
5,CATvitage,v4_en,ng,cluster,22.13333333333334
5,CATvitage,v4_en,g,sample,37.53333333333334
5,CATvitage,v4_en,g,cluster,36.73333333333333
5,CATvitage,urdu,ng,sample,37.166666666666664
5,CATvitage,urdu,ng,person,27.800000000000004
5,CATvitage,urdu,g,sample,50.7
5,CATvitage,urdu,g,person,45.599999999999994
5,CATvitage,hindi,ng,sample,33.56666666666667
5,CATvitage,hindi,ng,person,29.06666666666667
5,farl,v4_en,ng,sample,30.866666666666664
5,farl,v4_en,ng,cluster,23.433333333333334
5,farl,v4_en,g,sample,38.56666666666666
5,farl,v4_en,g,cluster,31.999999999999996
5,farl,urdu,ng,sample,36.56666666666667
5,farl,urdu,ng,person,30.266666666666666
5,farl,urdu,g,sample,49.233333333333334
5,farl,urdu,g,person,46.43333333333334
5,farl,hindi,ng,sample,31.699999999999996
5,farl,hindi,ng,person,29.03333333333333
5,CTRL+farl.25,v4_en,ng,sample,28.933333333333334
5,CTRL+farl.25,v4_en,ng,cluster,22.83333333333334
5,CTRL+farl.25,v4_en,g,sample,36.833333333333336
5,CTRL+farl.25,v4_en,g,cluster,27.86666666666666
5,CTRL+farl.25,urdu,ng,sample,37.7
5,CTRL+farl.25,urdu,ng,person,29.600000000000005
5,CTRL+farl.25,urdu,g,sample,50.73333333333333
5,CTRL+farl.25,urdu,g,person,43.0
5,CTRL+farl.25,hindi,ng,sample,35.56666666666667
5,CTRL+farl.25,hindi,ng,person,29.433333333333334
5,CTRL+farl.5,v4_en,ng,sample,29.06666666666667
5,CTRL+farl.5,v4_en,ng,cluster,22.46666666666667
5,CTRL+farl.5,v4_en,g,sample,36.56666666666667
5,CTRL+farl.5,v4_en,g,cluster,27.46666666666667
5,CTRL+farl.5,urdu,ng,sample,35.333333333333336
5,CTRL+farl.5,urdu,ng,person,26.166666666666664
5,CTRL+farl.5,urdu,g,sample,49.56666666666667
5,CTRL+farl.5,urdu,g,person,44.8
5,CTRL+farl.5,hindi,ng,sample,33.46666666666667
5,CTRL+farl.5,hindi,ng,person,25.733333333333334
5,CATfarl,v4_en,ng,sample,28.900000000000002
5,CATfarl,v4_en,ng,cluster,22.26666666666667
5,CATfarl,v4_en,g,sample,36.7
5,CATfarl,v4_en,g,cluster,28.46666666666667
5,CATfarl,urdu,ng,sample,35.233333333333334
5,CATfarl,urdu,ng,person,23.333333333333332
5,CATfarl,urdu,g,sample,49.2
5,CATfarl,urdu,g,person,41.03333333333333
5,CATfarl,hindi,ng,sample,34.73333333333334
5,CATfarl,hindi,ng,person,27.666666666666668
1,siglip2,v4_en,ng,sample,26.200000000000003
1,siglip2,v4_en,ng,cluster,23.0
1,siglip2,v4_en,g,sample,35.699999999999996
1,siglip2,v4_en,g,cluster,31.066666666666663
1,siglip2,urdu,ng,sample,27.53333333333333
1,siglip2,urdu,ng,person,16.0
1,siglip2,urdu,g,sample,40.63333333333333
1,siglip2,urdu,g,person,33.766666666666666
1,siglip2,hindi,ng,sample,28.433333333333334
1,siglip2,hindi,ng,person,25.26666666666667
1,CTRL+siglip2.25,v4_en,ng,sample,23.833333333333336
1,CTRL+siglip2.25,v4_en,ng,cluster,19.833333333333332
1,CTRL+siglip2.25,v4_en,g,sample,33.8
1,CTRL+siglip2.25,v4_en,g,cluster,29.200000000000003
1,CTRL+siglip2.25,urdu,ng,sample,26.566666666666666
1,CTRL+siglip2.25,urdu,ng,person,19.03333333333333
1,CTRL+siglip2.25,urdu,g,sample,39.4
1,CTRL+siglip2.25,urdu,g,person,35.16666666666667
1,CTRL+siglip2.25,hindi,ng,sample,28.46666666666667
1,CTRL+siglip2.25,hindi,ng,person,25.73333333333333
1,CTRL+siglip2.5,v4_en,ng,sample,24.0
1,CTRL+siglip2.5,v4_en,ng,cluster,20.433333333333334
1,CTRL+siglip2.5,v4_en,g,sample,33.86666666666667
1,CTRL+siglip2.5,v4_en,g,cluster,26.93333333333333
1,CTRL+siglip2.5,urdu,ng,sample,25.433333333333337
1,CTRL+siglip2.5,urdu,ng,person,17.9
1,CTRL+siglip2.5,urdu,g,sample,38.766666666666666
1,CTRL+siglip2.5,urdu,g,person,31.900000000000002
1,CTRL+siglip2.5,hindi,ng,sample,27.86666666666666
1,CTRL+siglip2.5,hindi,ng,person,23.666666666666668
1,CATsiglip2,v4_en,ng,sample,23.5
1,CATsiglip2,v4_en,ng,cluster,21.166666666666668
1,CATsiglip2,v4_en,g,sample,32.36666666666667
1,CATsiglip2,v4_en,g,cluster,26.166666666666664
1,CATsiglip2,urdu,ng,sample,26.0
1,CATsiglip2,urdu,ng,person,16.333333333333332
1,CATsiglip2,urdu,g,sample,39.300000000000004
1,CATsiglip2,urdu,g,person,28.766666666666662
1,CATsiglip2,hindi,ng,sample,28.133333333333333
1,CATsiglip2,hindi,ng,person,23.1
1,adaface,v4_en,ng,sample,36.86666666666667
1,adaface,v4_en,ng,cluster,35.0
1,adaface,v4_en,g,sample,43.166666666666664
1,adaface,v4_en,g,cluster,45.833333333333336
1,adaface,urdu,ng,sample,38.166666666666664
1,adaface,urdu,ng,person,28.4
1,adaface,urdu,g,sample,43.53333333333333
1,adaface,urdu,g,person,37.2
1,adaface,hindi,ng,sample,39.36666666666667
1,adaface,hindi,ng,person,36.7
1,CTRL+adaface.25,v4_en,ng,sample,25.3
1,CTRL+adaface.25,v4_en,ng,cluster,18.966666666666665
1,CTRL+adaface.25,v4_en,g,sample,34.699999999999996
1,CTRL+adaface.25,v4_en,g,cluster,33.1
1,CTRL+adaface.25,urdu,ng,sample,27.0
1,CTRL+adaface.25,urdu,ng,person,18.2
1,CTRL+adaface.25,urdu,g,sample,39.83333333333333
1,CTRL+adaface.25,urdu,g,person,28.933333333333334
1,CTRL+adaface.25,hindi,ng,sample,30.200000000000003
1,CTRL+adaface.25,hindi,ng,person,27.43333333333333
1,CTRL+adaface.5,v4_en,ng,sample,26.700000000000003
1,CTRL+adaface.5,v4_en,ng,cluster,21.866666666666667
1,CTRL+adaface.5,v4_en,g,sample,36.03333333333333
1,CTRL+adaface.5,v4_en,g,cluster,36.16666666666667
1,CTRL+adaface.5,urdu,ng,sample,28.4
1,CTRL+adaface.5,urdu,ng,person,18.666666666666668
1,CTRL+adaface.5,urdu,g,sample,39.7
1,CTRL+adaface.5,urdu,g,person,35.96666666666667
1,CTRL+adaface.5,hindi,ng,sample,32.03333333333334
1,CTRL+adaface.5,hindi,ng,person,29.26666666666667
1,CATadaface,v4_en,ng,sample,24.93333333333333
1,CATadaface,v4_en,ng,cluster,18.033333333333335
1,CATadaface,v4_en,g,sample,33.2
1,CATadaface,v4_en,g,cluster,27.900000000000002
1,CATadaface,urdu,ng,sample,27.666666666666668
1,CATadaface,urdu,ng,person,16.466666666666665
1,CATadaface,urdu,g,sample,41.333333333333336
1,CATadaface,urdu,g,person,33.06666666666666
1,CATadaface,hindi,ng,sample,31.399999999999995
1,CATadaface,hindi,ng,person,26.43333333333333
1,btcfacefc6,v4_en,ng,sample,25.833333333333336
1,btcfacefc6,v4_en,ng,cluster,21.0
1,btcfacefc6,v4_en,g,sample,35.266666666666666
1,btcfacefc6,v4_en,g,cluster,29.533333333333335
1,btcfacefc6,urdu,ng,sample,28.26666666666667
1,btcfacefc6,urdu,ng,person,17.566666666666666
1,btcfacefc6,urdu,g,sample,40.46666666666666
1,btcfacefc6,urdu,g,person,32.266666666666666
1,btcfacefc6,hindi,ng,sample,31.366666666666664
1,btcfacefc6,hindi,ng,person,24.7
1,CTRL+btcfacefc6.25,v4_en,ng,sample,25.26666666666667
1,CTRL+btcfacefc6.25,v4_en,ng,cluster,15.533333333333331
1,CTRL+btcfacefc6.25,v4_en,g,sample,33.833333333333336
1,CTRL+btcfacefc6.25,v4_en,g,cluster,27.200000000000003
1,CTRL+btcfacefc6.25,urdu,ng,sample,27.333333333333332
1,CTRL+btcfacefc6.25,urdu,ng,person,18.46666666666667
1,CTRL+btcfacefc6.25,urdu,g,sample,39.233333333333334
1,CTRL+btcfacefc6.25,urdu,g,person,33.86666666666667
1,CTRL+btcfacefc6.25,hindi,ng,sample,30.500000000000004
1,CTRL+btcfacefc6.25,hindi,ng,person,27.766666666666666
1,CTRL+btcfacefc6.5,v4_en,ng,sample,25.03333333333333
1,CTRL+btcfacefc6.5,v4_en,ng,cluster,17.666666666666664
1,CTRL+btcfacefc6.5,v4_en,g,sample,34.166666666666664
1,CTRL+btcfacefc6.5,v4_en,g,cluster,28.53333333333333
1,CTRL+btcfacefc6.5,urdu,ng,sample,27.43333333333333
1,CTRL+btcfacefc6.5,urdu,ng,person,16.833333333333332
1,CTRL+btcfacefc6.5,urdu,g,sample,39.1
1,CTRL+btcfacefc6.5,urdu,g,person,34.56666666666667
1,CTRL+btcfacefc6.5,hindi,ng,sample,30.3
1,CTRL+btcfacefc6.5,hindi,ng,person,25.866666666666667
1,CATbtcfacefc6,v4_en,ng,sample,25.2
1,CATbtcfacefc6,v4_en,ng,cluster,21.133333333333336
1,CATbtcfacefc6,v4_en,g,sample,34.0
1,CATbtcfacefc6,v4_en,g,cluster,31.633333333333336
1,CATbtcfacefc6,urdu,ng,sample,27.900000000000002
1,CATbtcfacefc6,urdu,ng,person,17.566666666666666
1,CATbtcfacefc6,urdu,g,sample,40.7
1,CATbtcfacefc6,urdu,g,person,31.866666666666667
1,CATbtcfacefc6,hindi,ng,sample,29.333333333333332
1,CATbtcfacefc6,hindi,ng,person,20.733333333333334
1,btcfacepool5,v4_en,ng,sample,27.833333333333332
1,btcfacepool5,v4_en,ng,cluster,20.899999999999995
1,btcfacepool5,v4_en,g,sample,37.56666666666667
1,btcfacepool5,v4_en,g,cluster,33.666666666666664
1,btcfacepool5,urdu,ng,sample,26.833333333333332
1,btcfacepool5,urdu,ng,person,16.366666666666667
1,btcfacepool5,urdu,g,sample,40.166666666666664
1,btcfacepool5,urdu,g,person,26.700000000000003
1,btcfacepool5,hindi,ng,sample,33.266666666666666
1,btcfacepool5,hindi,ng,person,25.36666666666667
1,CTRL+btcfacepool5.25,v4_en,ng,sample,24.8
1,CTRL+btcfacepool5.25,v4_en,ng,cluster,17.600000000000005
1,CTRL+btcfacepool5.25,v4_en,g,sample,33.56666666666667
1,CTRL+btcfacepool5.25,v4_en,g,cluster,27.46666666666667
1,CTRL+btcfacepool5.25,urdu,ng,sample,27.36666666666666
1,CTRL+btcfacepool5.25,urdu,ng,person,18.066666666666666
1,CTRL+btcfacepool5.25,urdu,g,sample,39.6
1,CTRL+btcfacepool5.25,urdu,g,person,32.93333333333333
1,CTRL+btcfacepool5.25,hindi,ng,sample,30.566666666666663
1,CTRL+btcfacepool5.25,hindi,ng,person,25.6
1,CTRL+btcfacepool5.5,v4_en,ng,sample,25.066666666666666
1,CTRL+btcfacepool5.5,v4_en,ng,cluster,18.833333333333332
1,CTRL+btcfacepool5.5,v4_en,g,sample,34.06666666666667
1,CTRL+btcfacepool5.5,v4_en,g,cluster,31.133333333333336
1,CTRL+btcfacepool5.5,urdu,ng,sample,26.033333333333335
1,CTRL+btcfacepool5.5,urdu,ng,person,16.666666666666664
1,CTRL+btcfacepool5.5,urdu,g,sample,39.166666666666664
1,CTRL+btcfacepool5.5,urdu,g,person,28.666666666666668
1,CTRL+btcfacepool5.5,hindi,ng,sample,31.1
1,CTRL+btcfacepool5.5,hindi,ng,person,23.266666666666666
1,CATbtcfacepool5,v4_en,ng,sample,24.7
1,CATbtcfacepool5,v4_en,ng,cluster,17.96666666666667
1,CATbtcfacepool5,v4_en,g,sample,33.3
1,CATbtcfacepool5,v4_en,g,cluster,28.666666666666668
1,CATbtcfacepool5,urdu,ng,sample,27.46666666666667
1,CATbtcfacepool5,urdu,ng,person,16.766666666666666
1,CATbtcfacepool5,urdu,g,sample,40.400000000000006
1,CATbtcfacepool5,urdu,g,person,34.300000000000004
1,CATbtcfacepool5,hindi,ng,sample,29.333333333333332
1,CATbtcfacepool5,hindi,ng,person,22.433333333333334
1,voice:btcvoiceasp,v4_en,ng,sample,24.333333333333336
1,voice:btcvoiceasp,v4_en,ng,cluster,21.299999999999997
1,voice:btcvoiceasp,v4_en,g,sample,35.46666666666667
1,voice:btcvoiceasp,v4_en,g,cluster,28.46666666666667
1,voice:btcvoiceasp,urdu,ng,sample,28.799999999999997
1,voice:btcvoiceasp,urdu,ng,person,21.4
1,voice:btcvoiceasp,urdu,g,sample,43.46666666666666
1,voice:btcvoiceasp,urdu,g,person,44.2
1,voice:btcvoiceasp,hindi,ng,sample,30.266666666666666
1,voice:btcvoiceasp,hindi,ng,person,25.23333333333333
1,CTRL+voice:btcvoiceasp.25,v4_en,ng,sample,24.2
1,CTRL+voice:btcvoiceasp.25,v4_en,ng,cluster,18.400000000000006
1,CTRL+voice:btcvoiceasp.25,v4_en,g,sample,33.53333333333334
1,CTRL+voice:btcvoiceasp.25,v4_en,g,cluster,25.5
1,CTRL+voice:btcvoiceasp.25,urdu,ng,sample,27.566666666666663
1,CTRL+voice:btcvoiceasp.25,urdu,ng,person,20.96666666666667
1,CTRL+voice:btcvoiceasp.25,urdu,g,sample,40.36666666666667
1,CTRL+voice:btcvoiceasp.25,urdu,g,person,35.16666666666667
1,CTRL+voice:btcvoiceasp.25,hindi,ng,sample,30.566666666666663
1,CTRL+voice:btcvoiceasp.25,hindi,ng,person,28.133333333333333
1,CTRL+voice:btcvoiceasp.5,v4_en,ng,sample,23.666666666666668
1,CTRL+voice:btcvoiceasp.5,v4_en,ng,cluster,18.066666666666663
1,CTRL+voice:btcvoiceasp.5,v4_en,g,sample,33.46666666666667
1,CTRL+voice:btcvoiceasp.5,v4_en,g,cluster,25.033333333333335
1,CTRL+voice:btcvoiceasp.5,urdu,ng,sample,27.73333333333333
1,CTRL+voice:btcvoiceasp.5,urdu,ng,person,20.466666666666665
1,CTRL+voice:btcvoiceasp.5,urdu,g,sample,41.333333333333336
1,CTRL+voice:btcvoiceasp.5,urdu,g,person,35.46666666666667
1,CTRL+voice:btcvoiceasp.5,hindi,ng,sample,30.366666666666664
1,CTRL+voice:btcvoiceasp.5,hindi,ng,person,27.933333333333334
1,TTAface,v4_en,ng,sample,25.066666666666666
1,TTAface,v4_en,ng,cluster,17.033333333333335
1,TTAface,v4_en,g,sample,33.93333333333334
1,TTAface,v4_en,g,cluster,26.1
1,TTAface,urdu,ng,sample,27.400000000000002
1,TTAface,urdu,ng,person,19.833333333333332
1,TTAface,urdu,g,sample,39.666666666666664
1,TTAface,urdu,g,person,30.7
1,TTAface,hindi,ng,sample,30.933333333333334
1,TTAface,hindi,ng,person,31.066666666666663
1,TTAvoice,v4_en,ng,sample,25.633333333333336
1,TTAvoice,v4_en,ng,cluster,16.400000000000002
1,TTAvoice,v4_en,g,sample,33.666666666666664
1,TTAvoice,v4_en,g,cluster,27.066666666666666
1,TTAvoice,urdu,ng,sample,28.03333333333333
1,TTAvoice,urdu,ng,person,21.2
1,TTAvoice,urdu,g,sample,39.76666666666666
1,TTAvoice,urdu,g,person,33.233333333333334
1,TTAvoice,hindi,ng,sample,31.066666666666663
1,TTAvoice,hindi,ng,person,28.999999999999996
1,TTAboth,v4_en,ng,sample,24.86666666666667
1,TTAboth,v4_en,ng,cluster,16.833333333333332
1,TTAboth,v4_en,g,sample,33.43333333333334
1,TTAboth,v4_en,g,cluster,26.0
1,TTAboth,urdu,ng,sample,27.266666666666662
1,TTAboth,urdu,ng,person,20.566666666666666
1,TTAboth,urdu,g,sample,39.666666666666664
1,TTAboth,urdu,g,person,30.433333333333334
1,TTAboth,hindi,ng,sample,30.966666666666665
1,TTAboth,hindi,ng,person,30.599999999999998
1,CTRL+AGE.1,v4_en,ng,sample,25.16666666666667
1,CTRL+AGE.1,v4_en,ng,cluster,17.833333333333336
1,CTRL+AGE.1,v4_en,g,sample,33.4
1,CTRL+AGE.1,v4_en,g,cluster,26.8
1,CTRL+AGE.1,urdu,ng,sample,28.433333333333334
1,CTRL+AGE.1,urdu,ng,person,18.2
1,CTRL+AGE.1,urdu,g,sample,39.800000000000004
1,CTRL+AGE.1,urdu,g,person,35.16666666666667
1,CTRL+AGE.1,hindi,ng,sample,30.2
1,CTRL+AGE.1,hindi,ng,person,26.400000000000002
1,CTRL+AGE.25,v4_en,ng,sample,24.46666666666667
1,CTRL+AGE.25,v4_en,ng,cluster,18.5
1,CTRL+AGE.25,v4_en,g,sample,32.699999999999996
1,CTRL+AGE.25,v4_en,g,cluster,27.666666666666668
1,CTRL+AGE.25,urdu,ng,sample,28.400000000000002
1,CTRL+AGE.25,urdu,ng,person,20.066666666666666
1,CTRL+AGE.25,urdu,g,sample,39.63333333333333
1,CTRL+AGE.25,urdu,g,person,34.9
1,CTRL+AGE.25,hindi,ng,sample,30.000000000000004
1,CTRL+AGE.25,hindi,ng,person,25.6
2,siglip2,v4_en,ng,sample,30.8
2,siglip2,v4_en,ng,cluster,27.666666666666668
2,siglip2,v4_en,g,sample,40.36666666666667
2,siglip2,v4_en,g,cluster,38.866666666666674
2,siglip2,urdu,ng,sample,32.2
2,siglip2,urdu,ng,person,28.03333333333333
2,siglip2,urdu,g,sample,37.06666666666667
2,siglip2,urdu,g,person,35.0
2,siglip2,hindi,ng,sample,36.36666666666667
2,siglip2,hindi,ng,person,29.600000000000005
2,CTRL+siglip2.25,v4_en,ng,sample,27.86666666666666
2,CTRL+siglip2.25,v4_en,ng,cluster,24.7
2,CTRL+siglip2.25,v4_en,g,sample,36.8
2,CTRL+siglip2.25,v4_en,g,cluster,33.766666666666666
2,CTRL+siglip2.25,urdu,ng,sample,32.733333333333334
2,CTRL+siglip2.25,urdu,ng,person,28.03333333333333
2,CTRL+siglip2.25,urdu,g,sample,38.1
2,CTRL+siglip2.25,urdu,g,person,31.5
2,CTRL+siglip2.25,hindi,ng,sample,33.5
2,CTRL+siglip2.25,hindi,ng,person,28.900000000000002
2,CTRL+siglip2.5,v4_en,ng,sample,26.766666666666666
2,CTRL+siglip2.5,v4_en,ng,cluster,24.6
2,CTRL+siglip2.5,v4_en,g,sample,36.96666666666666
2,CTRL+siglip2.5,v4_en,g,cluster,34.93333333333333
2,CTRL+siglip2.5,urdu,ng,sample,31.866666666666667
2,CTRL+siglip2.5,urdu,ng,person,28.03333333333333
2,CTRL+siglip2.5,urdu,g,sample,36.93333333333334
2,CTRL+siglip2.5,urdu,g,person,28.03333333333333
2,CTRL+siglip2.5,hindi,ng,sample,34.13333333333334
2,CTRL+siglip2.5,hindi,ng,person,27.400000000000002
2,CATsiglip2,v4_en,ng,sample,29.400000000000006
2,CATsiglip2,v4_en,ng,cluster,26.333333333333332
2,CATsiglip2,v4_en,g,sample,39.56666666666667
2,CATsiglip2,v4_en,g,cluster,38.4
2,CATsiglip2,urdu,ng,sample,33.9
2,CATsiglip2,urdu,ng,person,28.1
2,CATsiglip2,urdu,g,sample,39.300000000000004
2,CATsiglip2,urdu,g,person,37.56666666666666
2,CATsiglip2,hindi,ng,sample,32.13333333333333
2,CATsiglip2,hindi,ng,person,27.73333333333333
2,adaface,v4_en,ng,sample,40.833333333333336
2,adaface,v4_en,ng,cluster,34.199999999999996
2,adaface,v4_en,g,sample,47.53333333333334
2,adaface,v4_en,g,cluster,43.86666666666667
2,adaface,urdu,ng,sample,40.63333333333333
2,adaface,urdu,ng,person,42.0
2,adaface,urdu,g,sample,41.833333333333336
2,adaface,urdu,g,person,42.1
2,adaface,hindi,ng,sample,44.43333333333334
2,adaface,hindi,ng,person,43.00000000000001
2,CTRL+adaface.25,v4_en,ng,sample,30.433333333333334
2,CTRL+adaface.25,v4_en,ng,cluster,25.900000000000002
2,CTRL+adaface.25,v4_en,g,sample,39.56666666666667
2,CTRL+adaface.25,v4_en,g,cluster,38.9
2,CTRL+adaface.25,urdu,ng,sample,34.199999999999996
2,CTRL+adaface.25,urdu,ng,person,28.03333333333333
2,CTRL+adaface.25,urdu,g,sample,38.6
2,CTRL+adaface.25,urdu,g,person,34.599999999999994
2,CTRL+adaface.25,hindi,ng,sample,34.86666666666667
2,CTRL+adaface.25,hindi,ng,person,34.86666666666667
2,CTRL+adaface.5,v4_en,ng,sample,32.53333333333333
2,CTRL+adaface.5,v4_en,ng,cluster,26.866666666666667
2,CTRL+adaface.5,v4_en,g,sample,42.13333333333333
2,CTRL+adaface.5,v4_en,g,cluster,38.0
2,CTRL+adaface.5,urdu,ng,sample,35.266666666666666
2,CTRL+adaface.5,urdu,ng,person,28.03333333333333
2,CTRL+adaface.5,urdu,g,sample,39.266666666666666
2,CTRL+adaface.5,urdu,g,person,32.666666666666664
2,CTRL+adaface.5,hindi,ng,sample,36.46666666666667
2,CTRL+adaface.5,hindi,ng,person,34.93333333333334
2,CATadaface,v4_en,ng,sample,29.76666666666667
2,CATadaface,v4_en,ng,cluster,27.566666666666666
2,CATadaface,v4_en,g,sample,38.733333333333334
2,CATadaface,v4_en,g,cluster,38.16666666666667
2,CATadaface,urdu,ng,sample,36.233333333333334
2,CATadaface,urdu,ng,person,28.03333333333333
2,CATadaface,urdu,g,sample,41.233333333333334
2,CATadaface,urdu,g,person,36.9
2,CATadaface,hindi,ng,sample,33.96666666666667
2,CATadaface,hindi,ng,person,31.333333333333336
2,btcfacefc6,v4_en,ng,sample,29.000000000000004
2,btcfacefc6,v4_en,ng,cluster,24.766666666666666
2,btcfacefc6,v4_en,g,sample,38.4
2,btcfacefc6,v4_en,g,cluster,37.733333333333334
2,btcfacefc6,urdu,ng,sample,33.86666666666667
2,btcfacefc6,urdu,ng,person,28.03333333333333
2,btcfacefc6,urdu,g,sample,39.13333333333333
2,btcfacefc6,urdu,g,person,31.1
2,btcfacefc6,hindi,ng,sample,35.5
2,btcfacefc6,hindi,ng,person,34.93333333333334
2,CTRL+btcfacefc6.25,v4_en,ng,sample,29.133333333333333
2,CTRL+btcfacefc6.25,v4_en,ng,cluster,23.566666666666666
2,CTRL+btcfacefc6.25,v4_en,g,sample,37.53333333333334
2,CTRL+btcfacefc6.25,v4_en,g,cluster,35.833333333333336
2,CTRL+btcfacefc6.25,urdu,ng,sample,34.9
2,CTRL+btcfacefc6.25,urdu,ng,person,28.03333333333333
2,CTRL+btcfacefc6.25,urdu,g,sample,39.76666666666666
2,CTRL+btcfacefc6.25,urdu,g,person,34.4
2,CTRL+btcfacefc6.25,hindi,ng,sample,33.7
2,CTRL+btcfacefc6.25,hindi,ng,person,28.96666666666666
2,CTRL+btcfacefc6.5,v4_en,ng,sample,28.933333333333334
2,CTRL+btcfacefc6.5,v4_en,ng,cluster,23.933333333333334
2,CTRL+btcfacefc6.5,v4_en,g,sample,37.23333333333333
2,CTRL+btcfacefc6.5,v4_en,g,cluster,35.16666666666667
2,CTRL+btcfacefc6.5,urdu,ng,sample,33.93333333333334
2,CTRL+btcfacefc6.5,urdu,ng,person,28.03333333333333
2,CTRL+btcfacefc6.5,urdu,g,sample,39.4
2,CTRL+btcfacefc6.5,urdu,g,person,33.4
2,CTRL+btcfacefc6.5,hindi,ng,sample,34.199999999999996
2,CTRL+btcfacefc6.5,hindi,ng,person,30.4
2,CATbtcfacefc6,v4_en,ng,sample,29.300000000000004
2,CATbtcfacefc6,v4_en,ng,cluster,24.46666666666667
2,CATbtcfacefc6,v4_en,g,sample,38.56666666666667
2,CATbtcfacefc6,v4_en,g,cluster,35.96666666666667
2,CATbtcfacefc6,urdu,ng,sample,35.56666666666667
2,CATbtcfacefc6,urdu,ng,person,28.03333333333333
2,CATbtcfacefc6,urdu,g,sample,40.63333333333333
2,CATbtcfacefc6,urdu,g,person,32.666666666666664
2,CATbtcfacefc6,hindi,ng,sample,33.7
2,CATbtcfacefc6,hindi,ng,person,31.2
2,btcfacepool5,v4_en,ng,sample,30.100000000000005
2,btcfacepool5,v4_en,ng,cluster,25.23333333333333
2,btcfacepool5,v4_en,g,sample,38.4
2,btcfacepool5,v4_en,g,cluster,33.266666666666666
2,btcfacepool5,urdu,ng,sample,34.36666666666667
2,btcfacepool5,urdu,ng,person,28.200000000000003
2,btcfacepool5,urdu,g,sample,40.06666666666667
2,btcfacepool5,urdu,g,person,35.766666666666666
2,btcfacepool5,hindi,ng,sample,35.56666666666667
2,btcfacepool5,hindi,ng,person,34.166666666666664
2,CTRL+btcfacepool5.25,v4_en,ng,sample,29.166666666666668
2,CTRL+btcfacepool5.25,v4_en,ng,cluster,24.73333333333333
2,CTRL+btcfacepool5.25,v4_en,g,sample,37.9
2,CTRL+btcfacepool5.25,v4_en,g,cluster,35.86666666666667
2,CTRL+btcfacepool5.25,urdu,ng,sample,34.43333333333333
2,CTRL+btcfacepool5.25,urdu,ng,person,28.03333333333333
2,CTRL+btcfacepool5.25,urdu,g,sample,39.03333333333333
2,CTRL+btcfacepool5.25,urdu,g,person,32.266666666666666
2,CTRL+btcfacepool5.25,hindi,ng,sample,33.86666666666667
2,CTRL+btcfacepool5.25,hindi,ng,person,28.96666666666666
2,CTRL+btcfacepool5.5,v4_en,ng,sample,29.03333333333333
2,CTRL+btcfacepool5.5,v4_en,ng,cluster,24.233333333333334
2,CTRL+btcfacepool5.5,v4_en,g,sample,37.36666666666667
2,CTRL+btcfacepool5.5,v4_en,g,cluster,34.233333333333334
2,CTRL+btcfacepool5.5,urdu,ng,sample,33.4
2,CTRL+btcfacepool5.5,urdu,ng,person,28.03333333333333
2,CTRL+btcfacepool5.5,urdu,g,sample,38.46666666666667
2,CTRL+btcfacepool5.5,urdu,g,person,31.0
2,CTRL+btcfacepool5.5,hindi,ng,sample,33.93333333333333
2,CTRL+btcfacepool5.5,hindi,ng,person,32.03333333333334
2,CATbtcfacepool5,v4_en,ng,sample,29.366666666666664
2,CATbtcfacepool5,v4_en,ng,cluster,24.866666666666667
2,CATbtcfacepool5,v4_en,g,sample,38.2
2,CATbtcfacepool5,v4_en,g,cluster,39.16666666666667
2,CATbtcfacepool5,urdu,ng,sample,36.0
2,CATbtcfacepool5,urdu,ng,person,28.03333333333333
2,CATbtcfacepool5,urdu,g,sample,41.46666666666667
2,CATbtcfacepool5,urdu,g,person,35.766666666666666
2,CATbtcfacepool5,hindi,ng,sample,33.4
2,CATbtcfacepool5,hindi,ng,person,31.066666666666663
2,voice:btcvoiceasp,v4_en,ng,sample,28.76666666666667
2,voice:btcvoiceasp,v4_en,ng,cluster,25.366666666666664
2,voice:btcvoiceasp,v4_en,g,sample,37.8
2,voice:btcvoiceasp,v4_en,g,cluster,39.233333333333334
2,voice:btcvoiceasp,urdu,ng,sample,33.900000000000006
2,voice:btcvoiceasp,urdu,ng,person,31.333333333333336
2,voice:btcvoiceasp,urdu,g,sample,39.16666666666667
2,voice:btcvoiceasp,urdu,g,person,35.96666666666667
2,voice:btcvoiceasp,hindi,ng,sample,33.03333333333334
2,voice:btcvoiceasp,hindi,ng,person,23.2
2,CTRL+voice:btcvoiceasp.25,v4_en,ng,sample,28.96666666666667
2,CTRL+voice:btcvoiceasp.25,v4_en,ng,cluster,25.6
2,CTRL+voice:btcvoiceasp.25,v4_en,g,sample,37.66666666666667
2,CTRL+voice:btcvoiceasp.25,v4_en,g,cluster,36.06666666666667
2,CTRL+voice:btcvoiceasp.25,urdu,ng,sample,34.699999999999996
2,CTRL+voice:btcvoiceasp.25,urdu,ng,person,29.666666666666668
2,CTRL+voice:btcvoiceasp.25,urdu,g,sample,39.43333333333333
2,CTRL+voice:btcvoiceasp.25,urdu,g,person,35.36666666666667
2,CTRL+voice:btcvoiceasp.25,hindi,ng,sample,33.266666666666666
2,CTRL+voice:btcvoiceasp.25,hindi,ng,person,25.333333333333336
2,CTRL+voice:btcvoiceasp.5,v4_en,ng,sample,28.4
2,CTRL+voice:btcvoiceasp.5,v4_en,ng,cluster,25.900000000000002
2,CTRL+voice:btcvoiceasp.5,v4_en,g,sample,37.56666666666666
2,CTRL+voice:btcvoiceasp.5,v4_en,g,cluster,38.166666666666664
2,CTRL+voice:btcvoiceasp.5,urdu,ng,sample,33.7
2,CTRL+voice:btcvoiceasp.5,urdu,ng,person,29.366666666666667
2,CTRL+voice:btcvoiceasp.5,urdu,g,sample,38.56666666666667
2,CTRL+voice:btcvoiceasp.5,urdu,g,person,35.36666666666667
2,CTRL+voice:btcvoiceasp.5,hindi,ng,sample,32.8
2,CTRL+voice:btcvoiceasp.5,hindi,ng,person,25.966666666666665
2,TTAface,v4_en,ng,sample,29.200000000000003
2,TTAface,v4_en,ng,cluster,23.099999999999998
2,TTAface,v4_en,g,sample,38.06666666666667
2,TTAface,v4_en,g,cluster,35.699999999999996
2,TTAface,urdu,ng,sample,34.333333333333336
2,TTAface,urdu,ng,person,29.200000000000003
2,TTAface,urdu,g,sample,38.96666666666667
2,TTAface,urdu,g,person,35.36666666666667
2,TTAface,hindi,ng,sample,33.3
2,TTAface,hindi,ng,person,28.96666666666666
2,TTAvoice,v4_en,ng,sample,29.56666666666667
2,TTAvoice,v4_en,ng,cluster,25.066666666666666
2,TTAvoice,v4_en,g,sample,38.43333333333333
2,TTAvoice,v4_en,g,cluster,35.3
2,TTAvoice,urdu,ng,sample,35.63333333333333
2,TTAvoice,urdu,ng,person,30.7
2,TTAvoice,urdu,g,sample,40.36666666666667
2,TTAvoice,urdu,g,person,35.36666666666667
2,TTAvoice,hindi,ng,sample,33.86666666666667
2,TTAvoice,hindi,ng,person,28.96666666666666
2,TTAboth,v4_en,ng,sample,29.2
2,TTAboth,v4_en,ng,cluster,22.9
2,TTAboth,v4_en,g,sample,37.93333333333333
2,TTAboth,v4_en,g,cluster,35.6
2,TTAboth,urdu,ng,sample,35.06666666666667
2,TTAboth,urdu,ng,person,30.0
2,TTAboth,urdu,g,sample,39.300000000000004
2,TTAboth,urdu,g,person,35.36666666666667
2,TTAboth,hindi,ng,sample,33.766666666666666
2,TTAboth,hindi,ng,person,28.96666666666666
2,CTRL+AGE.1,v4_en,ng,sample,29.166666666666668
2,CTRL+AGE.1,v4_en,ng,cluster,22.13333333333334
2,CTRL+AGE.1,v4_en,g,sample,37.66666666666667
2,CTRL+AGE.1,v4_en,g,cluster,34.9
2,CTRL+AGE.1,urdu,ng,sample,34.43333333333334
2,CTRL+AGE.1,urdu,ng,person,28.7
2,CTRL+AGE.1,urdu,g,sample,39.46666666666667
2,CTRL+AGE.1,urdu,g,person,35.36666666666667
2,CTRL+AGE.1,hindi,ng,sample,33.36666666666667
2,CTRL+AGE.1,hindi,ng,person,25.233333333333334
2,CTRL+AGE.25,v4_en,ng,sample,28.1
2,CTRL+AGE.25,v4_en,ng,cluster,21.266666666666666
2,CTRL+AGE.25,v4_en,g,sample,36.733333333333334
2,CTRL+AGE.25,v4_en,g,cluster,32.5
2,CTRL+AGE.25,urdu,ng,sample,34.199999999999996
2,CTRL+AGE.25,urdu,ng,person,28.866666666666667
2,CTRL+AGE.25,urdu,g,sample,38.13333333333333
2,CTRL+AGE.25,urdu,g,person,35.36666666666667
2,CTRL+AGE.25,hindi,ng,sample,33.03333333333334
2,CTRL+AGE.25,hindi,ng,person,23.06666666666667
3,siglip2,v4_en,ng,sample,28.9
3,siglip2,v4_en,ng,cluster,24.766666666666666
3,siglip2,v4_en,g,sample,39.56666666666667
3,siglip2,v4_en,g,cluster,39.266666666666666
3,siglip2,urdu,ng,sample,25.4
3,siglip2,urdu,ng,person,20.5
3,siglip2,urdu,g,sample,37.833333333333336
3,siglip2,urdu,g,person,35.3
3,siglip2,hindi,ng,sample,34.46666666666667
3,siglip2,hindi,ng,person,31.466666666666665
3,CTRL+siglip2.25,v4_en,ng,sample,29.233333333333334
3,CTRL+siglip2.25,v4_en,ng,cluster,25.866666666666667
3,CTRL+siglip2.25,v4_en,g,sample,40.03333333333333
3,CTRL+siglip2.25,v4_en,g,cluster,35.266666666666666
3,CTRL+siglip2.25,urdu,ng,sample,27.53333333333333
3,CTRL+siglip2.25,urdu,ng,person,22.166666666666668
3,CTRL+siglip2.25,urdu,g,sample,41.13333333333333
3,CTRL+siglip2.25,urdu,g,person,31.200000000000006
3,CTRL+siglip2.25,hindi,ng,sample,31.7
3,CTRL+siglip2.25,hindi,ng,person,26.566666666666666
3,CTRL+siglip2.5,v4_en,ng,sample,28.766666666666662
3,CTRL+siglip2.5,v4_en,ng,cluster,24.7
3,CTRL+siglip2.5,v4_en,g,sample,38.9
3,CTRL+siglip2.5,v4_en,g,cluster,31.466666666666665
3,CTRL+siglip2.5,urdu,ng,sample,25.7
3,CTRL+siglip2.5,urdu,ng,person,19.933333333333334
3,CTRL+siglip2.5,urdu,g,sample,38.3
3,CTRL+siglip2.5,urdu,g,person,27.53333333333333
3,CTRL+siglip2.5,hindi,ng,sample,31.5
3,CTRL+siglip2.5,hindi,ng,person,24.5
3,CATsiglip2,v4_en,ng,sample,28.366666666666664
3,CATsiglip2,v4_en,ng,cluster,25.733333333333334
3,CATsiglip2,v4_en,g,sample,38.53333333333334
3,CATsiglip2,v4_en,g,cluster,31.533333333333335
3,CATsiglip2,urdu,ng,sample,26.6
3,CATsiglip2,urdu,ng,person,20.3
3,CATsiglip2,urdu,g,sample,41.766666666666666
3,CATsiglip2,urdu,g,person,35.03333333333333
3,CATsiglip2,hindi,ng,sample,30.666666666666664
3,CATsiglip2,hindi,ng,person,23.200000000000003
3,adaface,v4_en,ng,sample,36.96666666666667
3,adaface,v4_en,ng,cluster,35.266666666666666
3,adaface,v4_en,g,sample,42.46666666666667
3,adaface,v4_en,g,cluster,38.233333333333334
3,adaface,urdu,ng,sample,40.166666666666664
3,adaface,urdu,ng,person,34.266666666666666
3,adaface,urdu,g,sample,45.300000000000004
3,adaface,urdu,g,person,42.50000000000001
3,adaface,hindi,ng,sample,45.93333333333334
3,adaface,hindi,ng,person,41.3
3,CTRL+adaface.25,v4_en,ng,sample,31.066666666666663
3,CTRL+adaface.25,v4_en,ng,cluster,24.33333333333333
3,CTRL+adaface.25,v4_en,g,sample,41.06666666666666
3,CTRL+adaface.25,v4_en,g,cluster,34.96666666666667
3,CTRL+adaface.25,urdu,ng,sample,31.333333333333336
3,CTRL+adaface.25,urdu,ng,person,24.5
3,CTRL+adaface.25,urdu,g,sample,43.43333333333334
3,CTRL+adaface.25,urdu,g,person,42.1
3,CTRL+adaface.25,hindi,ng,sample,34.53333333333333
3,CTRL+adaface.25,hindi,ng,person,29.46666666666666
3,CTRL+adaface.5,v4_en,ng,sample,31.766666666666666
3,CTRL+adaface.5,v4_en,ng,cluster,30.06666666666667
3,CTRL+adaface.5,v4_en,g,sample,40.53333333333333
3,CTRL+adaface.5,v4_en,g,cluster,34.233333333333334
3,CTRL+adaface.5,urdu,ng,sample,33.53333333333334
3,CTRL+adaface.5,urdu,ng,person,34.599999999999994
3,CTRL+adaface.5,urdu,g,sample,43.300000000000004
3,CTRL+adaface.5,urdu,g,person,42.1
3,CTRL+adaface.5,hindi,ng,sample,36.86666666666667
3,CTRL+adaface.5,hindi,ng,person,33.5
3,CATadaface,v4_en,ng,sample,30.266666666666666
3,CATadaface,v4_en,ng,cluster,26.333333333333332
3,CATadaface,v4_en,g,sample,39.93333333333333
3,CATadaface,v4_en,g,cluster,35.66666666666667
3,CATadaface,urdu,ng,sample,30.333333333333336
3,CATadaface,urdu,ng,person,22.26666666666667
3,CATadaface,urdu,g,sample,43.333333333333336
3,CATadaface,urdu,g,person,36.33333333333333
3,CATadaface,hindi,ng,sample,33.9
3,CATadaface,hindi,ng,person,28.199999999999996
3,btcfacefc6,v4_en,ng,sample,29.76666666666667
3,btcfacefc6,v4_en,ng,cluster,22.766666666666666
3,btcfacefc6,v4_en,g,sample,38.166666666666664
3,btcfacefc6,v4_en,g,cluster,34.766666666666666
3,btcfacefc6,urdu,ng,sample,28.6
3,btcfacefc6,urdu,ng,person,21.133333333333336
3,btcfacefc6,urdu,g,sample,42.43333333333334
3,btcfacefc6,urdu,g,person,35.96666666666667
3,btcfacefc6,hindi,ng,sample,31.766666666666666
3,btcfacefc6,hindi,ng,person,24.46666666666667
3,CTRL+btcfacefc6.25,v4_en,ng,sample,30.500000000000004
3,CTRL+btcfacefc6.25,v4_en,ng,cluster,24.63333333333333
3,CTRL+btcfacefc6.25,v4_en,g,sample,40.63333333333333
3,CTRL+btcfacefc6.25,v4_en,g,cluster,36.73333333333333
3,CTRL+btcfacefc6.25,urdu,ng,sample,29.733333333333334
3,CTRL+btcfacefc6.25,urdu,ng,person,22.066666666666666
3,CTRL+btcfacefc6.25,urdu,g,sample,43.733333333333334
3,CTRL+btcfacefc6.25,urdu,g,person,35.333333333333336
3,CTRL+btcfacefc6.25,hindi,ng,sample,32.2
3,CTRL+btcfacefc6.25,hindi,ng,person,24.0
3,CTRL+btcfacefc6.5,v4_en,ng,sample,29.866666666666664
3,CTRL+btcfacefc6.5,v4_en,ng,cluster,23.333333333333332
3,CTRL+btcfacefc6.5,v4_en,g,sample,40.0
3,CTRL+btcfacefc6.5,v4_en,g,cluster,37.133333333333326
3,CTRL+btcfacefc6.5,urdu,ng,sample,29.4
3,CTRL+btcfacefc6.5,urdu,ng,person,21.6
3,CTRL+btcfacefc6.5,urdu,g,sample,43.6
3,CTRL+btcfacefc6.5,urdu,g,person,35.333333333333336
3,CTRL+btcfacefc6.5,hindi,ng,sample,31.733333333333334
3,CTRL+btcfacefc6.5,hindi,ng,person,23.599999999999998
3,CATbtcfacefc6,v4_en,ng,sample,30.0
3,CATbtcfacefc6,v4_en,ng,cluster,22.76666666666667
3,CATbtcfacefc6,v4_en,g,sample,39.46666666666667
3,CATbtcfacefc6,v4_en,g,cluster,33.233333333333334
3,CATbtcfacefc6,urdu,ng,sample,29.133333333333333
3,CATbtcfacefc6,urdu,ng,person,25.633333333333336
3,CATbtcfacefc6,urdu,g,sample,43.166666666666664
3,CATbtcfacefc6,urdu,g,person,32.7
3,CATbtcfacefc6,hindi,ng,sample,32.9
3,CATbtcfacefc6,hindi,ng,person,24.0
3,btcfacepool5,v4_en,ng,sample,31.2
3,btcfacepool5,v4_en,ng,cluster,21.099999999999998
3,btcfacepool5,v4_en,g,sample,39.33333333333333
3,btcfacepool5,v4_en,g,cluster,33.63333333333333
3,btcfacepool5,urdu,ng,sample,30.266666666666666
3,btcfacepool5,urdu,ng,person,21.53333333333334
3,btcfacepool5,urdu,g,sample,43.03333333333333
3,btcfacepool5,urdu,g,person,31.533333333333335
3,btcfacepool5,hindi,ng,sample,32.53333333333333
3,btcfacepool5,hindi,ng,person,26.833333333333332
3,CTRL+btcfacepool5.25,v4_en,ng,sample,30.766666666666666
3,CTRL+btcfacepool5.25,v4_en,ng,cluster,25.366666666666664
3,CTRL+btcfacepool5.25,v4_en,g,sample,41.06666666666667
3,CTRL+btcfacepool5.25,v4_en,g,cluster,37.46666666666667
3,CTRL+btcfacepool5.25,urdu,ng,sample,30.166666666666668
3,CTRL+btcfacepool5.25,urdu,ng,person,23.733333333333334
3,CTRL+btcfacepool5.25,urdu,g,sample,43.666666666666664
3,CTRL+btcfacepool5.25,urdu,g,person,35.333333333333336
3,CTRL+btcfacepool5.25,hindi,ng,sample,32.46666666666667
3,CTRL+btcfacepool5.25,hindi,ng,person,24.366666666666667
3,CTRL+btcfacepool5.5,v4_en,ng,sample,30.700000000000006
3,CTRL+btcfacepool5.5,v4_en,ng,cluster,23.63333333333333
3,CTRL+btcfacepool5.5,v4_en,g,sample,40.46666666666666
3,CTRL+btcfacepool5.5,v4_en,g,cluster,36.1
3,CTRL+btcfacepool5.5,urdu,ng,sample,29.96666666666667
3,CTRL+btcfacepool5.5,urdu,ng,person,21.53333333333334
3,CTRL+btcfacepool5.5,urdu,g,sample,42.833333333333336
3,CTRL+btcfacepool5.5,urdu,g,person,33.4
3,CTRL+btcfacepool5.5,hindi,ng,sample,31.8
3,CTRL+btcfacepool5.5,hindi,ng,person,24.133333333333333
3,CATbtcfacepool5,v4_en,ng,sample,29.56666666666667
3,CATbtcfacepool5,v4_en,ng,cluster,23.1
3,CATbtcfacepool5,v4_en,g,sample,39.4
3,CATbtcfacepool5,v4_en,g,cluster,35.0
3,CATbtcfacepool5,urdu,ng,sample,29.366666666666667
3,CATbtcfacepool5,urdu,ng,person,22.53333333333333
3,CATbtcfacepool5,urdu,g,sample,43.10000000000001
3,CATbtcfacepool5,urdu,g,person,33.900000000000006
3,CATbtcfacepool5,hindi,ng,sample,32.9
3,CATbtcfacepool5,hindi,ng,person,26.033333333333335
3,voice:btcvoiceasp,v4_en,ng,sample,29.86666666666667
3,voice:btcvoiceasp,v4_en,ng,cluster,26.43333333333333
3,voice:btcvoiceasp,v4_en,g,sample,41.5
3,voice:btcvoiceasp,v4_en,g,cluster,39.800000000000004
3,voice:btcvoiceasp,urdu,ng,sample,28.733333333333334
3,voice:btcvoiceasp,urdu,ng,person,21.53333333333334
3,voice:btcvoiceasp,urdu,g,sample,41.96666666666666
3,voice:btcvoiceasp,urdu,g,person,30.366666666666664
3,voice:btcvoiceasp,hindi,ng,sample,33.06666666666666
3,voice:btcvoiceasp,hindi,ng,person,30.300000000000004
3,CTRL+voice:btcvoiceasp.25,v4_en,ng,sample,30.833333333333336
3,CTRL+voice:btcvoiceasp.25,v4_en,ng,cluster,26.0
3,CTRL+voice:btcvoiceasp.25,v4_en,g,sample,41.03333333333333
3,CTRL+voice:btcvoiceasp.25,v4_en,g,cluster,35.56666666666667
3,CTRL+voice:btcvoiceasp.25,urdu,ng,sample,29.86666666666667
3,CTRL+voice:btcvoiceasp.25,urdu,ng,person,23.099999999999998
3,CTRL+voice:btcvoiceasp.25,urdu,g,sample,43.56666666666666
3,CTRL+voice:btcvoiceasp.25,urdu,g,person,35.333333333333336
3,CTRL+voice:btcvoiceasp.25,hindi,ng,sample,33.0
3,CTRL+voice:btcvoiceasp.25,hindi,ng,person,24.0
3,CTRL+voice:btcvoiceasp.5,v4_en,ng,sample,30.133333333333333
3,CTRL+voice:btcvoiceasp.5,v4_en,ng,cluster,25.466666666666665
3,CTRL+voice:btcvoiceasp.5,v4_en,g,sample,41.233333333333334
3,CTRL+voice:btcvoiceasp.5,v4_en,g,cluster,37.2
3,CTRL+voice:btcvoiceasp.5,urdu,ng,sample,29.03333333333333
3,CTRL+voice:btcvoiceasp.5,urdu,ng,person,21.53333333333334
3,CTRL+voice:btcvoiceasp.5,urdu,g,sample,43.233333333333334
3,CTRL+voice:btcvoiceasp.5,urdu,g,person,34.333333333333336
3,CTRL+voice:btcvoiceasp.5,hindi,ng,sample,33.300000000000004
3,CTRL+voice:btcvoiceasp.5,hindi,ng,person,27.1
3,TTAface,v4_en,ng,sample,32.03333333333334
3,TTAface,v4_en,ng,cluster,28.53333333333333
3,TTAface,v4_en,g,sample,41.03333333333333
3,TTAface,v4_en,g,cluster,37.06666666666667
3,TTAface,urdu,ng,sample,31.133333333333336
3,TTAface,urdu,ng,person,27.400000000000002
3,TTAface,urdu,g,sample,43.96666666666667
3,TTAface,urdu,g,person,35.099999999999994
3,TTAface,hindi,ng,sample,32.7
3,TTAface,hindi,ng,person,23.7
3,TTAvoice,v4_en,ng,sample,31.599999999999994
3,TTAvoice,v4_en,ng,cluster,26.633333333333333
3,TTAvoice,v4_en,g,sample,41.53333333333333
3,TTAvoice,v4_en,g,cluster,37.46666666666667
3,TTAvoice,urdu,ng,sample,30.900000000000006
3,TTAvoice,urdu,ng,person,26.93333333333333
3,TTAvoice,urdu,g,sample,43.5
3,TTAvoice,urdu,g,person,35.333333333333336
3,TTAvoice,hindi,ng,sample,32.96666666666667
3,TTAvoice,hindi,ng,person,24.73333333333333
3,TTAboth,v4_en,ng,sample,31.8
3,TTAboth,v4_en,ng,cluster,28.6
3,TTAboth,v4_en,g,sample,41.266666666666666
3,TTAboth,v4_en,g,cluster,37.26666666666667
3,TTAboth,urdu,ng,sample,31.033333333333335
3,TTAboth,urdu,ng,person,27.03333333333333
3,TTAboth,urdu,g,sample,43.99999999999999
3,TTAboth,urdu,g,person,35.5
3,TTAboth,hindi,ng,sample,32.766666666666666
3,TTAboth,hindi,ng,person,24.0
3,CTRL+AGE.1,v4_en,ng,sample,31.066666666666663
3,CTRL+AGE.1,v4_en,ng,cluster,26.06666666666667
3,CTRL+AGE.1,v4_en,g,sample,40.96666666666666
3,CTRL+AGE.1,v4_en,g,cluster,34.73333333333334
3,CTRL+AGE.1,urdu,ng,sample,30.766666666666666
3,CTRL+AGE.1,urdu,ng,person,24.433333333333334
3,CTRL+AGE.1,urdu,g,sample,43.53333333333333
3,CTRL+AGE.1,urdu,g,person,36.8
3,CTRL+AGE.1,hindi,ng,sample,33.0
3,CTRL+AGE.1,hindi,ng,person,24.0
3,CTRL+AGE.25,v4_en,ng,sample,30.4
3,CTRL+AGE.25,v4_en,ng,cluster,26.066666666666666
3,CTRL+AGE.25,v4_en,g,sample,39.33333333333333
3,CTRL+AGE.25,v4_en,g,cluster,34.766666666666666
3,CTRL+AGE.25,urdu,ng,sample,30.933333333333334
3,CTRL+AGE.25,urdu,ng,person,23.433333333333334
3,CTRL+AGE.25,urdu,g,sample,43.6
3,CTRL+AGE.25,urdu,g,person,42.800000000000004
3,CTRL+AGE.25,hindi,ng,sample,32.2
3,CTRL+AGE.25,hindi,ng,person,21.5
4,siglip2,v4_en,ng,sample,28.96666666666666
4,siglip2,v4_en,ng,cluster,23.033333333333335
4,siglip2,v4_en,g,sample,40.93333333333333
4,siglip2,v4_en,g,cluster,38.56666666666666
4,siglip2,urdu,ng,sample,30.766666666666666
4,siglip2,urdu,ng,person,23.333333333333332
4,siglip2,urdu,g,sample,40.96666666666666
4,siglip2,urdu,g,person,35.833333333333336
4,siglip2,hindi,ng,sample,27.900000000000002
4,siglip2,hindi,ng,person,24.4
4,CTRL+siglip2.25,v4_en,ng,sample,27.866666666666667
4,CTRL+siglip2.25,v4_en,ng,cluster,22.96666666666667
4,CTRL+siglip2.25,v4_en,g,sample,37.83333333333333
4,CTRL+siglip2.25,v4_en,g,cluster,36.53333333333333
4,CTRL+siglip2.25,urdu,ng,sample,28.96666666666667
4,CTRL+siglip2.25,urdu,ng,person,17.766666666666666
4,CTRL+siglip2.25,urdu,g,sample,39.6
4,CTRL+siglip2.25,urdu,g,person,30.599999999999998
4,CTRL+siglip2.25,hindi,ng,sample,25.7
4,CTRL+siglip2.25,hindi,ng,person,16.233333333333334
4,CTRL+siglip2.5,v4_en,ng,sample,27.200000000000003
4,CTRL+siglip2.5,v4_en,ng,cluster,23.966666666666665
4,CTRL+siglip2.5,v4_en,g,sample,38.5
4,CTRL+siglip2.5,v4_en,g,cluster,38.26666666666667
4,CTRL+siglip2.5,urdu,ng,sample,28.1
4,CTRL+siglip2.5,urdu,ng,person,17.866666666666667
4,CTRL+siglip2.5,urdu,g,sample,39.2
4,CTRL+siglip2.5,urdu,g,person,32.166666666666664
4,CTRL+siglip2.5,hindi,ng,sample,24.833333333333332
4,CTRL+siglip2.5,hindi,ng,person,17.266666666666662
4,CATsiglip2,v4_en,ng,sample,28.03333333333333
4,CATsiglip2,v4_en,ng,cluster,26.866666666666667
4,CATsiglip2,v4_en,g,sample,38.766666666666666
4,CATsiglip2,v4_en,g,cluster,40.96666666666666
4,CATsiglip2,urdu,ng,sample,28.46666666666666
4,CATsiglip2,urdu,ng,person,21.666666666666668
4,CATsiglip2,urdu,g,sample,39.36666666666667
4,CATsiglip2,urdu,g,person,34.766666666666666
4,CATsiglip2,hindi,ng,sample,25.73333333333333
4,CATsiglip2,hindi,ng,person,16.933333333333334
4,adaface,v4_en,ng,sample,38.3
4,adaface,v4_en,ng,cluster,36.56666666666667
4,adaface,v4_en,g,sample,45.03333333333334
4,adaface,v4_en,g,cluster,45.166666666666664
4,adaface,urdu,ng,sample,40.93333333333333
4,adaface,urdu,ng,person,34.166666666666664
4,adaface,urdu,g,sample,48.8
4,adaface,urdu,g,person,48.93333333333334
4,adaface,hindi,ng,sample,43.56666666666666
4,adaface,hindi,ng,person,36.4
4,CTRL+adaface.25,v4_en,ng,sample,29.666666666666664
4,CTRL+adaface.25,v4_en,ng,cluster,22.633333333333333
4,CTRL+adaface.25,v4_en,g,sample,39.166666666666664
4,CTRL+adaface.25,v4_en,g,cluster,39.166666666666664
4,CTRL+adaface.25,urdu,ng,sample,30.600000000000005
4,CTRL+adaface.25,urdu,ng,person,18.133333333333333
4,CTRL+adaface.25,urdu,g,sample,41.63333333333333
4,CTRL+adaface.25,urdu,g,person,32.5
4,CTRL+adaface.25,hindi,ng,sample,28.7
4,CTRL+adaface.25,hindi,ng,person,19.766666666666666
4,CTRL+adaface.5,v4_en,ng,sample,31.5
4,CTRL+adaface.5,v4_en,ng,cluster,28.633333333333333
4,CTRL+adaface.5,v4_en,g,sample,40.400000000000006
4,CTRL+adaface.5,v4_en,g,cluster,37.3
4,CTRL+adaface.5,urdu,ng,sample,32.63333333333333
4,CTRL+adaface.5,urdu,ng,person,22.1
4,CTRL+adaface.5,urdu,g,sample,43.63333333333333
4,CTRL+adaface.5,urdu,g,person,35.099999999999994
4,CTRL+adaface.5,hindi,ng,sample,33.4
4,CTRL+adaface.5,hindi,ng,person,27.633333333333333
4,CATadaface,v4_en,ng,sample,29.799999999999997
4,CATadaface,v4_en,ng,cluster,23.9
4,CATadaface,v4_en,g,sample,38.96666666666667
4,CATadaface,v4_en,g,cluster,41.2
4,CATadaface,urdu,ng,sample,31.733333333333334
4,CATadaface,urdu,ng,person,22.166666666666668
4,CATadaface,urdu,g,sample,42.6
4,CATadaface,urdu,g,person,37.56666666666667
4,CATadaface,hindi,ng,sample,27.86666666666666
4,CATadaface,hindi,ng,person,16.166666666666664
4,btcfacefc6,v4_en,ng,sample,29.566666666666663
4,btcfacefc6,v4_en,ng,cluster,28.200000000000003
4,btcfacefc6,v4_en,g,sample,38.9
4,btcfacefc6,v4_en,g,cluster,40.43333333333333
4,btcfacefc6,urdu,ng,sample,30.166666666666668
4,btcfacefc6,urdu,ng,person,17.2
4,btcfacefc6,urdu,g,sample,38.6
4,btcfacefc6,urdu,g,person,29.266666666666662
4,btcfacefc6,hindi,ng,sample,29.666666666666668
4,btcfacefc6,hindi,ng,person,25.733333333333334
4,CTRL+btcfacefc6.25,v4_en,ng,sample,28.833333333333332
4,CTRL+btcfacefc6.25,v4_en,ng,cluster,25.7
4,CTRL+btcfacefc6.25,v4_en,g,sample,37.833333333333336
4,CTRL+btcfacefc6.25,v4_en,g,cluster,40.300000000000004
4,CTRL+btcfacefc6.25,urdu,ng,sample,29.266666666666662
4,CTRL+btcfacefc6.25,urdu,ng,person,20.333333333333336
4,CTRL+btcfacefc6.25,urdu,g,sample,40.03333333333333
4,CTRL+btcfacefc6.25,urdu,g,person,30.433333333333334
4,CTRL+btcfacefc6.25,hindi,ng,sample,27.200000000000003
4,CTRL+btcfacefc6.25,hindi,ng,person,18.6
4,CTRL+btcfacefc6.5,v4_en,ng,sample,29.03333333333333
4,CTRL+btcfacefc6.5,v4_en,ng,cluster,26.1
4,CTRL+btcfacefc6.5,v4_en,g,sample,37.666666666666664
4,CTRL+btcfacefc6.5,v4_en,g,cluster,40.233333333333334
4,CTRL+btcfacefc6.5,urdu,ng,sample,29.133333333333333
4,CTRL+btcfacefc6.5,urdu,ng,person,18.0
4,CTRL+btcfacefc6.5,urdu,g,sample,39.733333333333334
4,CTRL+btcfacefc6.5,urdu,g,person,29.333333333333332
4,CTRL+btcfacefc6.5,hindi,ng,sample,28.000000000000004
4,CTRL+btcfacefc6.5,hindi,ng,person,20.533333333333335
4,CATbtcfacefc6,v4_en,ng,sample,29.500000000000004
4,CATbtcfacefc6,v4_en,ng,cluster,25.33333333333333
4,CATbtcfacefc6,v4_en,g,sample,39.56666666666667
4,CATbtcfacefc6,v4_en,g,cluster,42.7
4,CATbtcfacefc6,urdu,ng,sample,30.400000000000006
4,CATbtcfacefc6,urdu,ng,person,17.666666666666668
4,CATbtcfacefc6,urdu,g,sample,40.03333333333333
4,CATbtcfacefc6,urdu,g,person,32.03333333333334
4,CATbtcfacefc6,hindi,ng,sample,25.833333333333336
4,CATbtcfacefc6,hindi,ng,person,15.7
4,btcfacepool5,v4_en,ng,sample,29.76666666666667
4,btcfacepool5,v4_en,ng,cluster,26.166666666666664
4,btcfacepool5,v4_en,g,sample,39.06666666666666
4,btcfacepool5,v4_en,g,cluster,39.766666666666666
4,btcfacepool5,urdu,ng,sample,32.7
4,btcfacepool5,urdu,ng,person,27.633333333333333
4,btcfacepool5,urdu,g,sample,40.96666666666667
4,btcfacepool5,urdu,g,person,35.23333333333334
4,btcfacepool5,hindi,ng,sample,30.966666666666665
4,btcfacepool5,hindi,ng,person,20.999999999999996
4,CTRL+btcfacepool5.25,v4_en,ng,sample,28.366666666666664
4,CTRL+btcfacepool5.25,v4_en,ng,cluster,23.799999999999997
4,CTRL+btcfacepool5.25,v4_en,g,sample,37.6
4,CTRL+btcfacepool5.25,v4_en,g,cluster,38.2
4,CTRL+btcfacepool5.25,urdu,ng,sample,30.033333333333335
4,CTRL+btcfacepool5.25,urdu,ng,person,21.433333333333337
4,CTRL+btcfacepool5.25,urdu,g,sample,40.666666666666664
4,CTRL+btcfacepool5.25,urdu,g,person,29.5
4,CTRL+btcfacepool5.25,hindi,ng,sample,27.16666666666666
4,CTRL+btcfacepool5.25,hindi,ng,person,17.433333333333334
4,CTRL+btcfacepool5.5,v4_en,ng,sample,28.633333333333333
4,CTRL+btcfacepool5.5,v4_en,ng,cluster,25.033333333333335
4,CTRL+btcfacepool5.5,v4_en,g,sample,37.96666666666667
4,CTRL+btcfacepool5.5,v4_en,g,cluster,39.16666666666667
4,CTRL+btcfacepool5.5,urdu,ng,sample,29.733333333333334
4,CTRL+btcfacepool5.5,urdu,ng,person,20.999999999999996
4,CTRL+btcfacepool5.5,urdu,g,sample,40.03333333333333
4,CTRL+btcfacepool5.5,urdu,g,person,28.433333333333334
4,CTRL+btcfacepool5.5,hindi,ng,sample,27.666666666666668
4,CTRL+btcfacepool5.5,hindi,ng,person,19.400000000000002
4,CATbtcfacepool5,v4_en,ng,sample,29.86666666666667
4,CATbtcfacepool5,v4_en,ng,cluster,23.133333333333333
4,CATbtcfacepool5,v4_en,g,sample,38.56666666666667
4,CATbtcfacepool5,v4_en,g,cluster,40.93333333333333
4,CATbtcfacepool5,urdu,ng,sample,29.433333333333334
4,CATbtcfacepool5,urdu,ng,person,21.166666666666668
4,CATbtcfacepool5,urdu,g,sample,40.56666666666666
4,CATbtcfacepool5,urdu,g,person,35.56666666666667
4,CATbtcfacepool5,hindi,ng,sample,26.6
4,CATbtcfacepool5,hindi,ng,person,17.266666666666662
4,voice:btcvoiceasp,v4_en,ng,sample,28.46666666666666
4,voice:btcvoiceasp,v4_en,ng,cluster,27.933333333333334
4,voice:btcvoiceasp,v4_en,g,sample,38.96666666666667
4,voice:btcvoiceasp,v4_en,g,cluster,38.7
4,voice:btcvoiceasp,urdu,ng,sample,26.900000000000002
4,voice:btcvoiceasp,urdu,ng,person,21.7
4,voice:btcvoiceasp,urdu,g,sample,38.06666666666666
4,voice:btcvoiceasp,urdu,g,person,31.666666666666664
4,voice:btcvoiceasp,hindi,ng,sample,29.700000000000003
4,voice:btcvoiceasp,hindi,ng,person,18.8
4,CTRL+voice:btcvoiceasp.25,v4_en,ng,sample,28.433333333333334
4,CTRL+voice:btcvoiceasp.25,v4_en,ng,cluster,25.7
4,CTRL+voice:btcvoiceasp.25,v4_en,g,sample,38.0
4,CTRL+voice:btcvoiceasp.25,v4_en,g,cluster,40.1
4,CTRL+voice:btcvoiceasp.25,urdu,ng,sample,28.866666666666667
4,CTRL+voice:btcvoiceasp.25,urdu,ng,person,19.833333333333332
4,CTRL+voice:btcvoiceasp.25,urdu,g,sample,39.43333333333333
4,CTRL+voice:btcvoiceasp.25,urdu,g,person,32.166666666666664
4,CTRL+voice:btcvoiceasp.25,hindi,ng,sample,27.266666666666666
4,CTRL+voice:btcvoiceasp.25,hindi,ng,person,16.5
4,CTRL+voice:btcvoiceasp.5,v4_en,ng,sample,27.700000000000003
4,CTRL+voice:btcvoiceasp.5,v4_en,ng,cluster,23.63333333333333
4,CTRL+voice:btcvoiceasp.5,v4_en,g,sample,38.23333333333333
4,CTRL+voice:btcvoiceasp.5,v4_en,g,cluster,40.86666666666666
4,CTRL+voice:btcvoiceasp.5,urdu,ng,sample,27.86666666666666
4,CTRL+voice:btcvoiceasp.5,urdu,ng,person,20.833333333333336
4,CTRL+voice:btcvoiceasp.5,urdu,g,sample,39.26666666666667
4,CTRL+voice:btcvoiceasp.5,urdu,g,person,31.266666666666666
4,CTRL+voice:btcvoiceasp.5,hindi,ng,sample,28.066666666666663
4,CTRL+voice:btcvoiceasp.5,hindi,ng,person,17.266666666666662
4,TTAface,v4_en,ng,sample,29.233333333333334
4,TTAface,v4_en,ng,cluster,23.0
4,TTAface,v4_en,g,sample,37.9
4,TTAface,v4_en,g,cluster,36.56666666666667
4,TTAface,urdu,ng,sample,30.166666666666664
4,TTAface,urdu,ng,person,22.433333333333334
4,TTAface,urdu,g,sample,40.86666666666666
4,TTAface,urdu,g,person,34.03333333333334
4,TTAface,hindi,ng,sample,28.000000000000004
4,TTAface,hindi,ng,person,17.866666666666664
4,TTAvoice,v4_en,ng,sample,29.5
4,TTAvoice,v4_en,ng,cluster,23.666666666666668
4,TTAvoice,v4_en,g,sample,37.8
4,TTAvoice,v4_en,g,cluster,39.2
4,TTAvoice,urdu,ng,sample,30.366666666666664
4,TTAvoice,urdu,ng,person,20.999999999999996
4,TTAvoice,urdu,g,sample,40.9
4,TTAvoice,urdu,g,person,31.499999999999993
4,TTAvoice,hindi,ng,sample,27.96666666666666
4,TTAvoice,hindi,ng,person,17.866666666666664
4,TTAboth,v4_en,ng,sample,29.066666666666663
4,TTAboth,v4_en,ng,cluster,23.200000000000003
4,TTAboth,v4_en,g,sample,37.733333333333334
4,TTAboth,v4_en,g,cluster,36.56666666666667
4,TTAboth,urdu,ng,sample,30.2
4,TTAboth,urdu,ng,person,21.433333333333334
4,TTAboth,urdu,g,sample,41.06666666666667
4,TTAboth,urdu,g,person,32.33333333333333
4,TTAboth,hindi,ng,sample,28.066666666666666
4,TTAboth,hindi,ng,person,17.866666666666664
4,CTRL+AGE.1,v4_en,ng,sample,29.133333333333333
4,CTRL+AGE.1,v4_en,ng,cluster,22.13333333333334
4,CTRL+AGE.1,v4_en,g,sample,37.2
4,CTRL+AGE.1,v4_en,g,cluster,36.266666666666666
4,CTRL+AGE.1,urdu,ng,sample,29.46666666666667
4,CTRL+AGE.1,urdu,ng,person,22.966666666666665
4,CTRL+AGE.1,urdu,g,sample,39.800000000000004
4,CTRL+AGE.1,urdu,g,person,30.133333333333333
4,CTRL+AGE.1,hindi,ng,sample,27.66666666666666
4,CTRL+AGE.1,hindi,ng,person,18.6
4,CTRL+AGE.25,v4_en,ng,sample,28.666666666666668
4,CTRL+AGE.25,v4_en,ng,cluster,21.599999999999998
4,CTRL+AGE.25,v4_en,g,sample,36.9
4,CTRL+AGE.25,v4_en,g,cluster,33.93333333333334
4,CTRL+AGE.25,urdu,ng,sample,28.16666666666666
4,CTRL+AGE.25,urdu,ng,person,22.26666666666667
4,CTRL+AGE.25,urdu,g,sample,38.76666666666667
4,CTRL+AGE.25,urdu,g,person,28.400000000000002
4,CTRL+AGE.25,hindi,ng,sample,27.366666666666667
4,CTRL+AGE.25,hindi,ng,person,19.133333333333333
5,siglip2,v4_en,ng,sample,33.46666666666667
5,siglip2,v4_en,ng,cluster,30.000000000000004
5,siglip2,v4_en,g,sample,42.13333333333333
5,siglip2,v4_en,g,cluster,40.63333333333333
5,siglip2,urdu,ng,sample,35.93333333333333
5,siglip2,urdu,ng,person,33.33333333333333
5,siglip2,urdu,g,sample,48.0
5,siglip2,urdu,g,person,48.36666666666667
5,siglip2,hindi,ng,sample,32.699999999999996
5,siglip2,hindi,ng,person,24.36666666666667
5,CTRL+siglip2.25,v4_en,ng,sample,29.200000000000003
5,CTRL+siglip2.25,v4_en,ng,cluster,22.83333333333334
5,CTRL+siglip2.25,v4_en,g,sample,37.5
5,CTRL+siglip2.25,v4_en,g,cluster,31.2
5,CTRL+siglip2.25,urdu,ng,sample,37.2
5,CTRL+siglip2.25,urdu,ng,person,29.600000000000005
5,CTRL+siglip2.25,urdu,g,sample,50.33333333333333
5,CTRL+siglip2.25,urdu,g,person,36.733333333333334
5,CTRL+siglip2.25,hindi,ng,sample,35.46666666666667
5,CTRL+siglip2.25,hindi,ng,person,26.3
5,CTRL+siglip2.5,v4_en,ng,sample,29.533333333333335
5,CTRL+siglip2.5,v4_en,ng,cluster,22.96666666666667
5,CTRL+siglip2.5,v4_en,g,sample,38.4
5,CTRL+siglip2.5,v4_en,g,cluster,35.86666666666667
5,CTRL+siglip2.5,urdu,ng,sample,35.43333333333333
5,CTRL+siglip2.5,urdu,ng,person,28.799999999999997
5,CTRL+siglip2.5,urdu,g,sample,49.3
5,CTRL+siglip2.5,urdu,g,person,42.03333333333333
5,CTRL+siglip2.5,hindi,ng,sample,32.56666666666666
5,CTRL+siglip2.5,hindi,ng,person,28.53333333333333
5,CATsiglip2,v4_en,ng,sample,28.1
5,CATsiglip2,v4_en,ng,cluster,21.233333333333338
5,CATsiglip2,v4_en,g,sample,36.46666666666666
5,CATsiglip2,v4_en,g,cluster,31.699999999999996
5,CATsiglip2,urdu,ng,sample,35.36666666666667
5,CATsiglip2,urdu,ng,person,22.1
5,CATsiglip2,urdu,g,sample,48.43333333333334
5,CATsiglip2,urdu,g,person,41.9
5,CATsiglip2,hindi,ng,sample,32.43333333333333
5,CATsiglip2,hindi,ng,person,23.63333333333333
5,adaface,v4_en,ng,sample,38.2
5,adaface,v4_en,ng,cluster,34.03333333333334
5,adaface,v4_en,g,sample,40.96666666666667
5,adaface,v4_en,g,cluster,38.46666666666667
5,adaface,urdu,ng,sample,46.46666666666667
5,adaface,urdu,ng,person,46.53333333333334
5,adaface,urdu,g,sample,47.833333333333336
5,adaface,urdu,g,person,46.53333333333334
5,adaface,hindi,ng,sample,34.266666666666666
5,adaface,hindi,ng,person,30.566666666666663
5,CTRL+adaface.25,v4_en,ng,sample,29.566666666666663
5,CTRL+adaface.25,v4_en,ng,cluster,23.06666666666667
5,CTRL+adaface.25,v4_en,g,sample,37.53333333333334
5,CTRL+adaface.25,v4_en,g,cluster,30.666666666666664
5,CTRL+adaface.25,urdu,ng,sample,40.33333333333333
5,CTRL+adaface.25,urdu,ng,person,31.066666666666663
5,CTRL+adaface.25,urdu,g,sample,49.56666666666667
5,CTRL+adaface.25,urdu,g,person,48.4
5,CTRL+adaface.25,hindi,ng,sample,35.0
5,CTRL+adaface.25,hindi,ng,person,30.833333333333336
5,CTRL+adaface.5,v4_en,ng,sample,31.466666666666665
5,CTRL+adaface.5,v4_en,ng,cluster,28.866666666666664
5,CTRL+adaface.5,v4_en,g,sample,37.46666666666667
5,CTRL+adaface.5,v4_en,g,cluster,32.53333333333334
5,CTRL+adaface.5,urdu,ng,sample,41.36666666666667
5,CTRL+adaface.5,urdu,ng,person,31.6
5,CTRL+adaface.5,urdu,g,sample,49.13333333333333
5,CTRL+adaface.5,urdu,g,person,43.96666666666667
5,CTRL+adaface.5,hindi,ng,sample,32.1
5,CTRL+adaface.5,hindi,ng,person,30.9
5,CATadaface,v4_en,ng,sample,29.46666666666667
5,CATadaface,v4_en,ng,cluster,21.999999999999996
5,CATadaface,v4_en,g,sample,36.53333333333333
5,CATadaface,v4_en,g,cluster,26.1
5,CATadaface,urdu,ng,sample,40.733333333333334
5,CATadaface,urdu,ng,person,28.799999999999997
5,CATadaface,urdu,g,sample,50.63333333333333
5,CATadaface,urdu,g,person,49.5
5,CATadaface,hindi,ng,sample,34.199999999999996
5,CATadaface,hindi,ng,person,30.833333333333336
5,btcfacefc6,v4_en,ng,sample,29.266666666666662
5,btcfacefc6,v4_en,ng,cluster,22.56666666666667
5,btcfacefc6,v4_en,g,sample,37.03333333333333
5,btcfacefc6,v4_en,g,cluster,27.6
5,btcfacefc6,urdu,ng,sample,37.46666666666666
5,btcfacefc6,urdu,ng,person,37.266666666666666
5,btcfacefc6,urdu,g,sample,46.699999999999996
5,btcfacefc6,urdu,g,person,45.43333333333333
5,btcfacefc6,hindi,ng,sample,37.23333333333333
5,btcfacefc6,hindi,ng,person,30.133333333333333
5,CTRL+btcfacefc6.25,v4_en,ng,sample,29.533333333333335
5,CTRL+btcfacefc6.25,v4_en,ng,cluster,21.766666666666666
5,CTRL+btcfacefc6.25,v4_en,g,sample,36.66666666666667
5,CTRL+btcfacefc6.25,v4_en,g,cluster,26.166666666666664
5,CTRL+btcfacefc6.25,urdu,ng,sample,38.3
5,CTRL+btcfacefc6.25,urdu,ng,person,31.833333333333336
5,CTRL+btcfacefc6.25,urdu,g,sample,49.9
5,CTRL+btcfacefc6.25,urdu,g,person,45.06666666666666
5,CTRL+btcfacefc6.25,hindi,ng,sample,37.133333333333326
5,CTRL+btcfacefc6.25,hindi,ng,person,30.833333333333336
5,CTRL+btcfacefc6.5,v4_en,ng,sample,28.833333333333332
5,CTRL+btcfacefc6.5,v4_en,ng,cluster,22.166666666666668
5,CTRL+btcfacefc6.5,v4_en,g,sample,36.8
5,CTRL+btcfacefc6.5,v4_en,g,cluster,27.633333333333333
5,CTRL+btcfacefc6.5,urdu,ng,sample,37.4
5,CTRL+btcfacefc6.5,urdu,ng,person,34.833333333333336
5,CTRL+btcfacefc6.5,urdu,g,sample,48.6
5,CTRL+btcfacefc6.5,urdu,g,person,50.4
5,CTRL+btcfacefc6.5,hindi,ng,sample,37.0
5,CTRL+btcfacefc6.5,hindi,ng,person,28.933333333333334
5,CATbtcfacefc6,v4_en,ng,sample,28.599999999999998
5,CATbtcfacefc6,v4_en,ng,cluster,22.53333333333334
5,CATbtcfacefc6,v4_en,g,sample,36.23333333333333
5,CATbtcfacefc6,v4_en,g,cluster,27.333333333333332
5,CATbtcfacefc6,urdu,ng,sample,38.3
5,CATbtcfacefc6,urdu,ng,person,29.76666666666667
5,CATbtcfacefc6,urdu,g,sample,49.9
5,CATbtcfacefc6,urdu,g,person,47.4
5,CATbtcfacefc6,hindi,ng,sample,37.166666666666664
5,CATbtcfacefc6,hindi,ng,person,30.833333333333336
5,btcfacepool5,v4_en,ng,sample,29.46666666666666
5,btcfacepool5,v4_en,ng,cluster,24.666666666666668
5,btcfacepool5,v4_en,g,sample,37.33333333333333
5,btcfacepool5,v4_en,g,cluster,33.86666666666667
5,btcfacepool5,urdu,ng,sample,39.0
5,btcfacepool5,urdu,ng,person,34.73333333333334
5,btcfacepool5,urdu,g,sample,48.23333333333333
5,btcfacepool5,urdu,g,person,46.96666666666667
5,btcfacepool5,hindi,ng,sample,34.53333333333334
5,btcfacepool5,hindi,ng,person,24.8
5,CTRL+btcfacepool5.25,v4_en,ng,sample,28.800000000000004
5,CTRL+btcfacepool5.25,v4_en,ng,cluster,21.96666666666667
5,CTRL+btcfacepool5.25,v4_en,g,sample,37.53333333333333
5,CTRL+btcfacepool5.25,v4_en,g,cluster,27.633333333333333
5,CTRL+btcfacepool5.25,urdu,ng,sample,38.63333333333333
5,CTRL+btcfacepool5.25,urdu,ng,person,29.433333333333334
5,CTRL+btcfacepool5.25,urdu,g,sample,50.03333333333333
5,CTRL+btcfacepool5.25,urdu,g,person,44.333333333333336
5,CTRL+btcfacepool5.25,hindi,ng,sample,36.56666666666667
5,CTRL+btcfacepool5.25,hindi,ng,person,30.833333333333336
5,CTRL+btcfacepool5.5,v4_en,ng,sample,28.96666666666667
5,CTRL+btcfacepool5.5,v4_en,ng,cluster,23.56666666666667
5,CTRL+btcfacepool5.5,v4_en,g,sample,37.2
5,CTRL+btcfacepool5.5,v4_en,g,cluster,31.6
5,CTRL+btcfacepool5.5,urdu,ng,sample,37.43333333333334
5,CTRL+btcfacepool5.5,urdu,ng,person,26.166666666666664
5,CTRL+btcfacepool5.5,urdu,g,sample,49.3
5,CTRL+btcfacepool5.5,urdu,g,person,50.13333333333333
5,CTRL+btcfacepool5.5,hindi,ng,sample,35.06666666666667
5,CTRL+btcfacepool5.5,hindi,ng,person,28.333333333333332
5,CATbtcfacepool5,v4_en,ng,sample,28.833333333333332
5,CATbtcfacepool5,v4_en,ng,cluster,23.43333333333333
5,CATbtcfacepool5,v4_en,g,sample,36.53333333333333
5,CATbtcfacepool5,v4_en,g,cluster,26.3
5,CATbtcfacepool5,urdu,ng,sample,38.3
5,CATbtcfacepool5,urdu,ng,person,27.633333333333333
5,CATbtcfacepool5,urdu,g,sample,49.733333333333334
5,CATbtcfacepool5,urdu,g,person,46.5
5,CATbtcfacepool5,hindi,ng,sample,35.3
5,CATbtcfacepool5,hindi,ng,person,30.833333333333336
5,voice:btcvoiceasp,v4_en,ng,sample,28.066666666666663
5,voice:btcvoiceasp,v4_en,ng,cluster,25.133333333333336
5,voice:btcvoiceasp,v4_en,g,sample,37.666666666666664
5,voice:btcvoiceasp,v4_en,g,cluster,36.96666666666666
5,voice:btcvoiceasp,urdu,ng,sample,36.7
5,voice:btcvoiceasp,urdu,ng,person,25.133333333333336
5,voice:btcvoiceasp,urdu,g,sample,48.46666666666667
5,voice:btcvoiceasp,urdu,g,person,46.43333333333334
5,voice:btcvoiceasp,hindi,ng,sample,31.733333333333334
5,voice:btcvoiceasp,hindi,ng,person,29.533333333333335
5,CTRL+voice:btcvoiceasp.25,v4_en,ng,sample,28.76666666666667
5,CTRL+voice:btcvoiceasp.25,v4_en,ng,cluster,22.433333333333337
5,CTRL+voice:btcvoiceasp.25,v4_en,g,sample,37.46666666666666
5,CTRL+voice:btcvoiceasp.25,v4_en,g,cluster,31.100000000000005
5,CTRL+voice:btcvoiceasp.25,urdu,ng,sample,38.36666666666667
5,CTRL+voice:btcvoiceasp.25,urdu,ng,person,28.46666666666666
5,CTRL+voice:btcvoiceasp.25,urdu,g,sample,49.8
5,CTRL+voice:btcvoiceasp.25,urdu,g,person,47.96666666666667
5,CTRL+voice:btcvoiceasp.25,hindi,ng,sample,35.266666666666666
5,CTRL+voice:btcvoiceasp.25,hindi,ng,person,30.833333333333336
5,CTRL+voice:btcvoiceasp.5,v4_en,ng,sample,28.1
5,CTRL+voice:btcvoiceasp.5,v4_en,ng,cluster,23.433333333333334
5,CTRL+voice:btcvoiceasp.5,v4_en,g,sample,37.666666666666664
5,CTRL+voice:btcvoiceasp.5,v4_en,g,cluster,32.86666666666667
5,CTRL+voice:btcvoiceasp.5,urdu,ng,sample,37.13333333333333
5,CTRL+voice:btcvoiceasp.5,urdu,ng,person,29.700000000000003
5,CTRL+voice:btcvoiceasp.5,urdu,g,sample,49.03333333333333
5,CTRL+voice:btcvoiceasp.5,urdu,g,person,46.333333333333336
5,CTRL+voice:btcvoiceasp.5,hindi,ng,sample,34.03333333333334
5,CTRL+voice:btcvoiceasp.5,hindi,ng,person,30.466666666666665
5,TTAface,v4_en,ng,sample,29.366666666666664
5,TTAface,v4_en,ng,cluster,22.666666666666668
5,TTAface,v4_en,g,sample,37.133333333333326
5,TTAface,v4_en,g,cluster,27.800000000000004
5,TTAface,urdu,ng,sample,40.06666666666667
5,TTAface,urdu,ng,person,30.533333333333335
5,TTAface,urdu,g,sample,50.73333333333334
5,TTAface,urdu,g,person,45.800000000000004
5,TTAface,hindi,ng,sample,36.46666666666666
5,TTAface,hindi,ng,person,35.66666666666667
5,TTAvoice,v4_en,ng,sample,30.233333333333334
5,TTAvoice,v4_en,ng,cluster,22.499999999999996
5,TTAvoice,v4_en,g,sample,37.5
5,TTAvoice,v4_en,g,cluster,27.633333333333333
5,TTAvoice,urdu,ng,sample,40.6
5,TTAvoice,urdu,ng,person,33.766666666666666
5,TTAvoice,urdu,g,sample,51.03333333333333
5,TTAvoice,urdu,g,person,45.13333333333333
5,TTAvoice,hindi,ng,sample,37.4
5,TTAvoice,hindi,ng,person,33.733333333333334
5,TTAboth,v4_en,ng,sample,29.933333333333334
5,TTAboth,v4_en,ng,cluster,22.53333333333334
5,TTAboth,v4_en,g,sample,37.0
5,TTAboth,v4_en,g,cluster,27.500000000000004
5,TTAboth,urdu,ng,sample,40.06666666666666
5,TTAboth,urdu,ng,person,29.700000000000003
5,TTAboth,urdu,g,sample,51.366666666666674
5,TTAboth,urdu,g,person,45.2
5,TTAboth,hindi,ng,sample,36.43333333333334
5,TTAboth,hindi,ng,person,36.6
5,CTRL+AGE.1,v4_en,ng,sample,29.400000000000006
5,CTRL+AGE.1,v4_en,ng,cluster,21.999999999999996
5,CTRL+AGE.1,v4_en,g,sample,37.166666666666664
5,CTRL+AGE.1,v4_en,g,cluster,26.73333333333333
5,CTRL+AGE.1,urdu,ng,sample,40.1
5,CTRL+AGE.1,urdu,ng,person,30.466666666666665
5,CTRL+AGE.1,urdu,g,sample,50.03333333333333
5,CTRL+AGE.1,urdu,g,person,45.06666666666666
5,CTRL+AGE.1,hindi,ng,sample,36.86666666666667
5,CTRL+AGE.1,hindi,ng,person,31.900000000000002
5,CTRL+AGE.25,v4_en,ng,sample,29.166666666666664
5,CTRL+AGE.25,v4_en,ng,cluster,22.433333333333334
5,CTRL+AGE.25,v4_en,g,sample,36.199999999999996
5,CTRL+AGE.25,v4_en,g,cluster,25.233333333333334
5,CTRL+AGE.25,urdu,ng,sample,39.93333333333333
5,CTRL+AGE.25,urdu,ng,person,28.999999999999996
5,CTRL+AGE.25,urdu,g,sample,49.1
5,CTRL+AGE.25,urdu,g,person,42.56666666666667
5,CTRL+AGE.25,hindi,ng,sample,36.333333333333336
5,CTRL+AGE.25,hindi,ng,person,30.766666666666666
1,R:SET10,v4_en,ng,sample,25.16666666666667
1,R:SET10,v4_en,ng,cluster,17.833333333333336
1,R:SET10,v4_en,g,sample,33.4
1,R:SET10,v4_en,g,cluster,26.8
1,R:SET10,urdu,ng,sample,28.433333333333334
1,R:SET10,urdu,ng,person,18.2
1,R:SET10,urdu,g,sample,39.800000000000004
1,R:SET10,urdu,g,person,35.16666666666667
1,R:SET10,hindi,ng,sample,30.2
1,R:SET10,hindi,ng,person,26.400000000000002
1,R:SET11,v4_en,ng,sample,23.433333333333334
1,R:SET11,v4_en,ng,cluster,17.433333333333334
1,R:SET11,v4_en,g,sample,32.56666666666666
1,R:SET11,v4_en,g,cluster,30.833333333333336
1,R:SET11,urdu,ng,sample,25.433333333333337
1,R:SET11,urdu,ng,person,19.5
1,R:SET11,urdu,g,sample,38.23333333333333
1,R:SET11,urdu,g,person,30.599999999999998
1,R:SET11,hindi,ng,sample,26.333333333333332
1,R:SET11,hindi,ng,person,18.899999999999995
1,R:SET12,v4_en,ng,sample,20.899999999999995
1,R:SET12,v4_en,ng,cluster,14.833333333333332
1,R:SET12,v4_en,g,sample,30.0
1,R:SET12,v4_en,g,cluster,21.53333333333334
1,R:SET12,urdu,ng,sample,22.133333333333333
1,R:SET12,urdu,ng,person,13.966666666666667
1,R:SET12,urdu,g,sample,33.833333333333336
1,R:SET12,urdu,g,person,23.533333333333335
1,R:SET12,hindi,ng,sample,26.0
1,R:SET12,hindi,ng,person,19.366666666666667
1,R:SET13,v4_en,ng,sample,20.833333333333336
1,R:SET13,v4_en,ng,cluster,15.2
1,R:SET13,v4_en,g,sample,29.833333333333336
1,R:SET13,v4_en,g,cluster,23.799999999999997
1,R:SET13,urdu,ng,sample,22.2
1,R:SET13,urdu,ng,person,12.7
1,R:SET13,urdu,g,sample,33.800000000000004
1,R:SET13,urdu,g,person,23.9
1,R:SET13,hindi,ng,sample,25.633333333333336
1,R:SET13,hindi,ng,person,18.899999999999995
1,R:SET14,v4_en,ng,sample,20.4
1,R:SET14,v4_en,ng,cluster,15.433333333333332
1,R:SET14,v4_en,g,sample,30.433333333333334
1,R:SET14,v4_en,g,cluster,24.833333333333332
1,R:SET14,urdu,ng,sample,22.133333333333333
1,R:SET14,urdu,ng,person,14.933333333333332
1,R:SET14,urdu,g,sample,34.300000000000004
1,R:SET14,urdu,g,person,31.0
1,R:SET14,hindi,ng,sample,24.4
1,R:SET14,hindi,ng,person,18.899999999999995
2,R:SET10,v4_en,ng,sample,29.166666666666668
2,R:SET10,v4_en,ng,cluster,22.13333333333334
2,R:SET10,v4_en,g,sample,37.66666666666667
2,R:SET10,v4_en,g,cluster,34.9
2,R:SET10,urdu,ng,sample,34.43333333333334
2,R:SET10,urdu,ng,person,28.7
2,R:SET10,urdu,g,sample,39.46666666666667
2,R:SET10,urdu,g,person,35.36666666666667
2,R:SET10,hindi,ng,sample,33.36666666666667
2,R:SET10,hindi,ng,person,25.233333333333334
2,R:SET11,v4_en,ng,sample,27.200000000000003
2,R:SET11,v4_en,ng,cluster,20.200000000000003
2,R:SET11,v4_en,g,sample,37.1
2,R:SET11,v4_en,g,cluster,36.23333333333333
2,R:SET11,urdu,ng,sample,31.6
2,R:SET11,urdu,ng,person,28.03333333333333
2,R:SET11,urdu,g,sample,36.93333333333333
2,R:SET11,urdu,g,person,28.03333333333333
2,R:SET11,hindi,ng,sample,32.0
2,R:SET11,hindi,ng,person,25.166666666666664
2,R:SET12,v4_en,ng,sample,23.200000000000003
2,R:SET12,v4_en,ng,cluster,18.099999999999998
2,R:SET12,v4_en,g,sample,32.53333333333333
2,R:SET12,v4_en,g,cluster,30.433333333333334
2,R:SET12,urdu,ng,sample,26.3
2,R:SET12,urdu,ng,person,21.833333333333332
2,R:SET12,urdu,g,sample,31.5
2,R:SET12,urdu,g,person,29.733333333333334
2,R:SET12,hindi,ng,sample,28.53333333333333
2,R:SET12,hindi,ng,person,17.9
2,R:SET13,v4_en,ng,sample,22.7
2,R:SET13,v4_en,ng,cluster,17.033333333333335
2,R:SET13,v4_en,g,sample,31.533333333333335
2,R:SET13,v4_en,g,cluster,29.733333333333334
2,R:SET13,urdu,ng,sample,26.0
2,R:SET13,urdu,ng,person,22.166666666666668
2,R:SET13,urdu,g,sample,30.966666666666665
2,R:SET13,urdu,g,person,28.866666666666667
2,R:SET13,hindi,ng,sample,27.633333333333333
2,R:SET13,hindi,ng,person,17.733333333333334
2,R:SET14,v4_en,ng,sample,22.03333333333333
2,R:SET14,v4_en,ng,cluster,17.033333333333335
2,R:SET14,v4_en,g,sample,32.43333333333333
2,R:SET14,v4_en,g,cluster,30.833333333333336
2,R:SET14,urdu,ng,sample,26.833333333333332
2,R:SET14,urdu,ng,person,21.333333333333336
2,R:SET14,urdu,g,sample,32.2
2,R:SET14,urdu,g,person,27.03333333333333
2,R:SET14,hindi,ng,sample,27.46666666666666
2,R:SET14,hindi,ng,person,17.366666666666667
3,R:SET10,v4_en,ng,sample,31.066666666666663
3,R:SET10,v4_en,ng,cluster,26.06666666666667
3,R:SET10,v4_en,g,sample,40.96666666666666
3,R:SET10,v4_en,g,cluster,34.73333333333334
3,R:SET10,urdu,ng,sample,30.766666666666666
3,R:SET10,urdu,ng,person,24.433333333333334
3,R:SET10,urdu,g,sample,43.53333333333333
3,R:SET10,urdu,g,person,36.8
3,R:SET10,hindi,ng,sample,33.0
3,R:SET10,hindi,ng,person,24.0
3,R:SET11,v4_en,ng,sample,26.73333333333333
3,R:SET11,v4_en,ng,cluster,22.933333333333334
3,R:SET11,v4_en,g,sample,36.4
3,R:SET11,v4_en,g,cluster,26.833333333333332
3,R:SET11,urdu,ng,sample,27.900000000000002
3,R:SET11,urdu,ng,person,22.733333333333334
3,R:SET11,urdu,g,sample,42.53333333333333
3,R:SET11,urdu,g,person,41.06666666666667
3,R:SET11,hindi,ng,sample,30.933333333333334
3,R:SET11,hindi,ng,person,24.933333333333334
3,R:SET12,v4_en,ng,sample,23.466666666666665
3,R:SET12,v4_en,ng,cluster,17.000000000000004
3,R:SET12,v4_en,g,sample,33.233333333333334
3,R:SET12,v4_en,g,cluster,24.933333333333334
3,R:SET12,urdu,ng,sample,26.13333333333333
3,R:SET12,urdu,ng,person,21.53333333333334
3,R:SET12,urdu,g,sample,40.13333333333333
3,R:SET12,urdu,g,person,28.300000000000004
3,R:SET12,hindi,ng,sample,28.199999999999996
3,R:SET12,hindi,ng,person,22.866666666666667
3,R:SET13,v4_en,ng,sample,23.166666666666664
3,R:SET13,v4_en,ng,cluster,16.866666666666667
3,R:SET13,v4_en,g,sample,32.9
3,R:SET13,v4_en,g,cluster,24.9
3,R:SET13,urdu,ng,sample,26.466666666666665
3,R:SET13,urdu,ng,person,20.7
3,R:SET13,urdu,g,sample,40.166666666666664
3,R:SET13,urdu,g,person,30.133333333333333
3,R:SET13,hindi,ng,sample,27.766666666666666
3,R:SET13,hindi,ng,person,23.033333333333328
3,R:SET14,v4_en,ng,sample,22.6
3,R:SET14,v4_en,ng,cluster,19.0
3,R:SET14,v4_en,g,sample,32.099999999999994
3,R:SET14,v4_en,g,cluster,23.06666666666667
3,R:SET14,urdu,ng,sample,25.633333333333336
3,R:SET14,urdu,ng,person,20.066666666666666
3,R:SET14,urdu,g,sample,40.56666666666666
3,R:SET14,urdu,g,person,31.633333333333336
3,R:SET14,hindi,ng,sample,28.133333333333333
3,R:SET14,hindi,ng,person,17.800000000000004
4,R:SET10,v4_en,ng,sample,29.133333333333333
4,R:SET10,v4_en,ng,cluster,22.13333333333334
4,R:SET10,v4_en,g,sample,37.2
4,R:SET10,v4_en,g,cluster,36.266666666666666
4,R:SET10,urdu,ng,sample,29.46666666666667
4,R:SET10,urdu,ng,person,22.966666666666665
4,R:SET10,urdu,g,sample,39.800000000000004
4,R:SET10,urdu,g,person,30.133333333333333
4,R:SET10,hindi,ng,sample,27.66666666666666
4,R:SET10,hindi,ng,person,18.6
4,R:SET11,v4_en,ng,sample,27.03333333333333
4,R:SET11,v4_en,ng,cluster,22.133333333333333
4,R:SET11,v4_en,g,sample,37.0
4,R:SET11,v4_en,g,cluster,36.266666666666666
4,R:SET11,urdu,ng,sample,28.03333333333333
4,R:SET11,urdu,ng,person,21.166666666666668
4,R:SET11,urdu,g,sample,38.46666666666667
4,R:SET11,urdu,g,person,35.73333333333333
4,R:SET11,hindi,ng,sample,24.633333333333333
4,R:SET11,hindi,ng,person,17.266666666666662
4,R:SET12,v4_en,ng,sample,23.033333333333335
4,R:SET12,v4_en,ng,cluster,16.6
4,R:SET12,v4_en,g,sample,33.833333333333336
4,R:SET12,v4_en,g,cluster,26.700000000000003
4,R:SET12,urdu,ng,sample,21.83333333333334
4,R:SET12,urdu,ng,person,14.233333333333334
4,R:SET12,urdu,g,sample,31.666666666666664
4,R:SET12,urdu,g,person,23.400000000000002
4,R:SET12,hindi,ng,sample,24.3
4,R:SET12,hindi,ng,person,15.333333333333332
4,R:SET13,v4_en,ng,sample,23.1
4,R:SET13,v4_en,ng,cluster,16.333333333333332
4,R:SET13,v4_en,g,sample,33.56666666666667
4,R:SET13,v4_en,g,cluster,28.166666666666668
4,R:SET13,urdu,ng,sample,21.599999999999998
4,R:SET13,urdu,ng,person,16.366666666666667
4,R:SET13,urdu,g,sample,31.1
4,R:SET13,urdu,g,person,27.53333333333333
4,R:SET13,hindi,ng,sample,24.233333333333327
4,R:SET13,hindi,ng,person,13.766666666666666
4,R:SET14,v4_en,ng,sample,22.400000000000002
4,R:SET14,v4_en,ng,cluster,17.4
4,R:SET14,v4_en,g,sample,32.93333333333334
4,R:SET14,v4_en,g,cluster,33.86666666666667
4,R:SET14,urdu,ng,sample,22.7
4,R:SET14,urdu,ng,person,18.0
4,R:SET14,urdu,g,sample,32.06666666666666
4,R:SET14,urdu,g,person,28.400000000000002
4,R:SET14,hindi,ng,sample,22.733333333333334
4,R:SET14,hindi,ng,person,14.766666666666667
5,R:SET10,v4_en,ng,sample,29.400000000000006
5,R:SET10,v4_en,ng,cluster,21.999999999999996
5,R:SET10,v4_en,g,sample,37.166666666666664
5,R:SET10,v4_en,g,cluster,26.73333333333333
5,R:SET10,urdu,ng,sample,40.1
5,R:SET10,urdu,ng,person,30.466666666666665
5,R:SET10,urdu,g,sample,50.03333333333333
5,R:SET10,urdu,g,person,45.06666666666666
5,R:SET10,hindi,ng,sample,36.86666666666667
5,R:SET10,hindi,ng,person,31.900000000000002
5,R:SET11,v4_en,ng,sample,28.500000000000004
5,R:SET11,v4_en,ng,cluster,22.76666666666667
5,R:SET11,v4_en,g,sample,36.03333333333333
5,R:SET11,v4_en,g,cluster,25.8
5,R:SET11,urdu,ng,sample,35.266666666666666
5,R:SET11,urdu,ng,person,29.233333333333334
5,R:SET11,urdu,g,sample,49.333333333333336
5,R:SET11,urdu,g,person,45.7
5,R:SET11,hindi,ng,sample,33.6
5,R:SET11,hindi,ng,person,24.233333333333334
5,R:SET12,v4_en,ng,sample,22.83333333333334
5,R:SET12,v4_en,ng,cluster,18.96666666666667
5,R:SET12,v4_en,g,sample,31.866666666666667
5,R:SET12,v4_en,g,cluster,29.56666666666667
5,R:SET12,urdu,ng,sample,28.366666666666664
5,R:SET12,urdu,ng,person,19.766666666666666
5,R:SET12,urdu,g,sample,42.06666666666667
5,R:SET12,urdu,g,person,38.366666666666674
5,R:SET12,hindi,ng,sample,26.166666666666664
5,R:SET12,hindi,ng,person,20.1
5,R:SET13,v4_en,ng,sample,22.26666666666667
5,R:SET13,v4_en,ng,cluster,16.900000000000002
5,R:SET13,v4_en,g,sample,30.466666666666665
5,R:SET13,v4_en,g,cluster,27.133333333333333
5,R:SET13,urdu,ng,sample,28.26666666666667
5,R:SET13,urdu,ng,person,21.199999999999996
5,R:SET13,urdu,g,sample,40.93333333333333
5,R:SET13,urdu,g,person,37.333333333333336
5,R:SET13,hindi,ng,sample,25.766666666666673
5,R:SET13,hindi,ng,person,19.433333333333334
5,R:SET14,v4_en,ng,sample,22.599999999999998
5,R:SET14,v4_en,ng,cluster,17.800000000000004
5,R:SET14,v4_en,g,sample,31.299999999999994
5,R:SET14,v4_en,g,cluster,26.266666666666673
5,R:SET14,urdu,ng,sample,28.200000000000003
5,R:SET14,urdu,ng,person,22.7
5,R:SET14,urdu,g,sample,42.63333333333333
5,R:SET14,urdu,g,person,38.3
5,R:SET14,hindi,ng,sample,27.03333333333333
5,R:SET14,hindi,ng,person,23.63333333333333
