split,data,protocol,arm,level,n,persons,eer
1,v4,ng,ZS,sample,448,30,25.663716814159294
1,v4,ng,ZS,person,448,30,18.46846846846847
1,v4,ng,AD4,sample,448,30,28.37837837837838
1,v4,ng,AD4,person,448,30,22.522522522522525
1,v4,ng,ADX,sample,448,30,24.778761061946902
1,v4,ng,ADX,person,448,30,21.171171171171167
1,v4,ng,ZS+ADX,sample,448,30,24.336283185840706
1,v4,ng,ZS+ADX,person,448,30,18.141592920353983
1,v4,g,ZS,sample,447,30,34.23423423423423
1,v4,g,ZS,person,447,30,20.444444444444446
1,v4,g,AD4,sample,447,30,36.44444444444444
1,v4,g,AD4,person,447,30,28.000000000000004
1,v4,g,ADX,sample,447,30,34.23423423423423
1,v4,g,ADX,person,447,30,27.555555555555557
1,v4,g,ZS+ADX,sample,447,30,33.333333333333336
1,v4,g,ZS+ADX,person,447,30,21.171171171171167
1,urdu,ng,ZS,sample,208,13,30.76923076923077
1,urdu,ng,ZS,person,208,13,15.384615384615385
1,urdu,ng,AD4,sample,208,13,27.884615384615387
1,urdu,ng,AD4,person,208,13,12.5
1,urdu,ng,ADX,sample,208,13,25.0
1,urdu,ng,ADX,person,208,13,12.5
1,urdu,ng,ZS+ADX,sample,208,13,25.961538461538463
1,urdu,ng,ZS+ADX,person,208,13,13.461538461538462
1,urdu,g,ZS,sample,208,13,43.269230769230774
1,urdu,g,ZS,person,208,13,33.65384615384615
1,urdu,g,AD4,sample,208,13,41.34615384615385
1,urdu,g,AD4,person,208,13,30.76923076923077
1,urdu,g,ADX,sample,208,13,42.307692307692314
1,urdu,g,ADX,person,208,13,36.53846153846153
1,urdu,g,ZS+ADX,sample,208,13,45.192307692307686
1,urdu,g,ZS+ADX,person,208,13,36.53846153846153
1,hindi,ng,ZS,sample,280,18,27.857142857142858
1,hindi,ng,ZS,person,280,18,21.428571428571427
1,hindi,ng,AD4,sample,280,18,25.0
1,hindi,ng,AD4,person,280,18,20.71428571428572
1,hindi,ng,ADX,sample,280,18,27.857142857142858
1,hindi,ng,ADX,person,280,18,15.714285714285714
1,hindi,ng,ZS+ADX,sample,280,18,25.71428571428571
1,hindi,ng,ZS+ADX,person,280,18,18.571428571428573
1,v1_english,ng,ZS,sample,208,13,24.03846153846154
1,v1_english,ng,ZS,person,208,13,12.5
1,v1_english,ng,AD4,sample,208,13,25.961538461538463
1,v1_english,ng,AD4,person,208,13,15.384615384615385
1,v1_english,ng,ADX,sample,208,13,19.23076923076923
1,v1_english,ng,ADX,person,208,13,14.423076923076922
1,v1_english,ng,ZS+ADX,sample,208,13,19.230769230769234
1,v1_english,ng,ZS+ADX,person,208,13,13.461538461538462
1,v2_english,ng,ZS,sample,288,18,26.38888888888889
1,v2_english,ng,ZS,person,288,18,22.22222222222222
1,v2_english,ng,AD4,sample,288,18,24.305555555555554
1,v2_english,ng,AD4,person,288,18,22.22222222222222
1,v2_english,ng,ADX,sample,288,18,21.52777777777778
1,v2_english,ng,ADX,person,288,18,16.666666666666664
1,v2_english,ng,ZS+ADX,sample,288,18,23.611111111111114
1,v2_english,ng,ZS+ADX,person,288,18,18.055555555555554
2,v4,ng,ZS,sample,443,30,23.318385650224215
2,v4,ng,ZS,person,443,30,15.246636771300448
2,v4,ng,AD4,sample,443,30,25.112107623318387
2,v4,ng,AD4,person,443,30,16.591928251121075
2,v4,ng,ADX,sample,443,30,23.766816143497756
2,v4,ng,ADX,person,443,30,16.81818181818182
2,v4,ng,ZS+ADX,sample,443,30,21.524663677130047
2,v4,ng,ZS+ADX,person,443,30,14.798206278026907
2,v4,g,ZS,sample,443,30,33.63636363636363
2,v4,g,ZS,person,443,30,29.596412556053814
2,v4,g,AD4,sample,443,30,37.66816143497758
2,v4,g,AD4,person,443,30,26.905829596412556
2,v4,g,ADX,sample,443,30,33.63636363636363
2,v4,g,ADX,person,443,30,26.00896860986547
2,v4,g,ZS+ADX,sample,443,30,31.390134529147986
2,v4,g,ZS+ADX,person,443,30,26.45739910313901
2,urdu,ng,ZS,sample,256,16,28.90625
2,urdu,ng,ZS,person,256,16,14.84375
2,urdu,ng,AD4,sample,256,16,28.125
2,urdu,ng,AD4,person,256,16,17.1875
2,urdu,ng,ADX,sample,256,16,28.125
2,urdu,ng,ADX,person,256,16,17.1875
2,urdu,ng,ZS+ADX,sample,256,16,28.125
2,urdu,ng,ZS+ADX,person,256,16,17.1875
2,urdu,g,ZS,sample,256,16,37.5
2,urdu,g,ZS,person,256,16,31.25
2,urdu,g,AD4,sample,256,16,42.96875
2,urdu,g,AD4,person,256,16,29.6875
2,urdu,g,ADX,sample,256,16,39.84375
2,urdu,g,ADX,person,256,16,31.25
2,urdu,g,ZS+ADX,sample,256,16,39.84375
2,urdu,g,ZS+ADX,person,256,16,31.25
2,hindi,ng,ZS,sample,236,15,28.8135593220339
2,hindi,ng,ZS,person,236,15,20.33898305084746
2,hindi,ng,AD4,sample,236,15,30.508474576271183
2,hindi,ng,AD4,person,236,15,19.491525423728813
2,hindi,ng,ADX,sample,236,15,23.728813559322035
2,hindi,ng,ADX,person,236,15,13.559322033898304
2,hindi,ng,ZS+ADX,sample,236,15,24.576271186440678
2,hindi,ng,ZS+ADX,person,236,15,16.101694915254235
2,v1_english,ng,ZS,sample,249,16,26.61290322580645
2,v1_english,ng,ZS,person,249,16,12.903225806451612
2,v1_english,ng,AD4,sample,249,16,32.25806451612904
2,v1_english,ng,AD4,person,249,16,19.2
2,v1_english,ng,ADX,sample,249,16,26.400000000000002
2,v1_english,ng,ADX,person,249,16,17.599999999999998
2,v1_english,ng,ZS+ADX,sample,249,16,25.6
2,v1_english,ng,ZS+ADX,person,249,16,13.600000000000001
2,v2_english,ng,ZS,sample,240,15,27.500000000000004
2,v2_english,ng,ZS,person,240,15,21.666666666666668
2,v2_english,ng,AD4,sample,240,15,30.000000000000004
2,v2_english,ng,AD4,person,240,15,27.500000000000004
2,v2_english,ng,ADX,sample,240,15,25.833333333333336
2,v2_english,ng,ADX,person,240,15,17.5
2,v2_english,ng,ZS+ADX,sample,240,15,25.0
2,v2_english,ng,ZS+ADX,person,240,15,17.5
3,v4,ng,ZS,sample,458,30,23.91304347826087
3,v4,ng,ZS,person,458,30,20.869565217391305
3,v4,ng,AD4,sample,458,30,23.91304347826087
3,v4,ng,AD4,person,458,30,15.350877192982459
3,v4,ng,ADX,sample,458,30,24.347826086956523
3,v4,ng,ADX,person,458,30,16.08695652173913
3,v4,ng,ZS+ADX,sample,458,30,23.245614035087712
3,v4,ng,ZS+ADX,person,458,30,15.350877192982459
3,v4,g,ZS,sample,459,30,36.36363636363637
3,v4,g,ZS,person,459,30,25.438596491228072
3,v4,g,AD4,sample,459,30,34.210526315789465
3,v4,g,AD4,person,459,30,27.27272727272727
3,v4,g,ADX,sample,459,30,37.66233766233766
3,v4,g,ADX,person,459,30,35.4978354978355
3,v4,g,ZS+ADX,sample,459,30,37.71929824561403
3,v4,g,ZS+ADX,person,459,30,30.303030303030305
3,urdu,ng,ZS,sample,204,13,22.54901960784314
3,urdu,ng,ZS,person,204,13,13.725490196078432
3,urdu,ng,AD4,sample,204,13,27.450980392156865
3,urdu,ng,AD4,person,204,13,15.686274509803921
3,urdu,ng,ADX,sample,204,13,22.54901960784314
3,urdu,ng,ADX,person,204,13,14.705882352941178
3,urdu,ng,ZS+ADX,sample,204,13,21.568627450980394
3,urdu,ng,ZS+ADX,person,204,13,13.725490196078432
3,urdu,g,ZS,sample,204,13,40.19607843137255
3,urdu,g,ZS,person,204,13,31.372549019607842
3,urdu,g,AD4,sample,204,13,45.09803921568628
3,urdu,g,AD4,person,204,13,37.254901960784316
3,urdu,g,ADX,sample,204,13,44.11764705882353
3,urdu,g,ADX,person,204,13,41.17647058823529
3,urdu,g,ZS+ADX,sample,204,13,42.15686274509804
3,urdu,g,ZS+ADX,person,204,13,39.21568627450981
3,hindi,ng,ZS,sample,275,18,27.73722627737226
3,hindi,ng,ZS,person,275,18,23.357664233576646
3,hindi,ng,AD4,sample,275,18,35.76642335766424
3,hindi,ng,AD4,person,275,18,22.627737226277368
3,hindi,ng,ADX,sample,275,18,28.26086956521739
3,hindi,ng,ADX,person,275,18,19.565217391304348
3,hindi,ng,ZS+ADX,sample,275,18,24.637681159420293
3,hindi,ng,ZS+ADX,person,275,18,22.627737226277368
3,v1_english,ng,ZS,sample,208,13,19.23076923076923
3,v1_english,ng,ZS,person,208,13,14.423076923076922
3,v1_english,ng,AD4,sample,208,13,23.076923076923077
3,v1_english,ng,AD4,person,208,13,15.384615384615385
3,v1_english,ng,ADX,sample,208,13,21.153846153846153
3,v1_english,ng,ADX,person,208,13,14.423076923076922
3,v1_english,ng,ZS+ADX,sample,208,13,18.269230769230766
3,v1_english,ng,ZS+ADX,person,208,13,15.384615384615385
3,v2_english,ng,ZS,sample,282,18,36.17021276595745
3,v2_english,ng,ZS,person,282,18,25.53191489361702
3,v2_english,ng,AD4,sample,282,18,35.46099290780141
3,v2_english,ng,AD4,person,282,18,29.78723404255319
3,v2_english,ng,ADX,sample,282,18,34.04255319148936
3,v2_english,ng,ADX,person,282,18,26.241134751773053
3,v2_english,ng,ZS+ADX,sample,282,18,32.62411347517731
3,v2_english,ng,ZS+ADX,person,282,18,26.241134751773053
4,v4,ng,ZS,sample,430,30,27.23004694835681
4,v4,ng,ZS,person,430,30,21.658986175115206
4,v4,ng,AD4,sample,430,30,27.188940092165897
4,v4,ng,AD4,person,430,30,20.657276995305164
4,v4,ng,ADX,sample,430,30,27.188940092165897
4,v4,ng,ADX,person,430,30,20.276497695852534
4,v4,ng,ZS+ADX,sample,430,30,27.188940092165897
4,v4,ng,ZS+ADX,person,430,30,18.309859154929576
4,v4,g,ZS,sample,429,30,39.43661971830986
4,v4,g,ZS,person,429,30,29.5774647887324
4,v4,g,AD4,sample,429,30,42.129629629629626
4,v4,g,AD4,person,429,30,36.574074074074076
4,v4,g,ADX,sample,429,30,41.31455399061033
4,v4,g,ADX,person,429,30,31.48148148148148
4,v4,g,ZS+ADX,sample,429,30,38.88888888888889
4,v4,g,ZS+ADX,person,429,30,28.240740740740737
4,urdu,ng,ZS,sample,192,12,30.208333333333336
4,urdu,ng,ZS,person,192,12,13.541666666666666
4,urdu,ng,AD4,sample,192,12,33.33333333333333
4,urdu,ng,AD4,person,192,12,20.833333333333336
4,urdu,ng,ADX,sample,192,12,25.0
4,urdu,ng,ADX,person,192,12,12.5
4,urdu,ng,ZS+ADX,sample,192,12,25.0
4,urdu,ng,ZS+ADX,person,192,12,13.541666666666666
4,urdu,g,ZS,sample,192,12,38.541666666666664
4,urdu,g,ZS,person,192,12,35.41666666666667
4,urdu,g,AD4,sample,192,12,40.625
4,urdu,g,AD4,person,192,12,44.79166666666667
4,urdu,g,ADX,sample,192,12,38.541666666666664
4,urdu,g,ADX,person,192,12,26.041666666666668
4,urdu,g,ZS+ADX,sample,192,12,37.5
4,urdu,g,ZS+ADX,person,192,12,30.208333333333332
4,hindi,ng,ZS,sample,270,18,26.47058823529412
4,hindi,ng,ZS,person,270,18,25.373134328358205
4,hindi,ng,AD4,sample,270,18,29.104477611940293
4,hindi,ng,AD4,person,270,18,19.402985074626866
4,hindi,ng,ADX,sample,270,18,23.880597014925375
4,hindi,ng,ADX,person,270,18,23.52941176470588
4,hindi,ng,ZS+ADX,sample,270,18,25.0
4,hindi,ng,ZS+ADX,person,270,18,25.0
4,v1_english,ng,ZS,sample,192,12,27.083333333333332
4,v1_english,ng,ZS,person,192,12,12.5
4,v1_english,ng,AD4,sample,192,12,27.083333333333336
4,v1_english,ng,AD4,person,192,12,25.0
4,v1_english,ng,ADX,sample,192,12,28.125
4,v1_english,ng,ADX,person,192,12,21.875
4,v1_english,ng,ZS+ADX,sample,192,12,23.958333333333336
4,v1_english,ng,ZS+ADX,person,192,12,13.541666666666666
4,v2_english,ng,ZS,sample,288,18,25.694444444444443
4,v2_english,ng,ZS,person,288,18,22.916666666666664
4,v2_english,ng,AD4,sample,288,18,27.77777777777778
4,v2_english,ng,AD4,person,288,18,27.083333333333336
4,v2_english,ng,ADX,sample,288,18,26.388888888888886
4,v2_english,ng,ADX,person,288,18,20.833333333333336
4,v2_english,ng,ZS+ADX,sample,288,18,27.083333333333336
4,v2_english,ng,ZS+ADX,person,288,18,22.22222222222222
5,v4,ng,ZS,sample,443,30,23.660714285714285
5,v4,ng,ZS,person,443,30,17.410714285714285
5,v4,ng,AD4,sample,443,30,26.940639269406397
5,v4,ng,AD4,person,443,30,21.428571428571427
5,v4,ng,ADX,sample,443,30,22.831050228310502
5,v4,ng,ADX,person,443,30,19.196428571428573
5,v4,ng,ZS+ADX,sample,443,30,21.428571428571427
5,v4,ng,ZS+ADX,person,443,30,19.196428571428573
5,v4,g,ZS,sample,443,30,34.375
5,v4,g,ZS,person,443,30,30.136986301369863
5,v4,g,AD4,sample,443,30,37.89954337899544
5,v4,g,AD4,person,443,30,33.789954337899545
5,v4,g,ADX,sample,443,30,36.986301369863014
5,v4,g,ADX,person,443,30,33.789954337899545
5,v4,g,ZS+ADX,sample,443,30,36.073059360730596
5,v4,g,ZS+ADX,person,443,30,36.160714285714285
5,urdu,ng,ZS,sample,240,15,28.333333333333332
5,urdu,ng,ZS,person,240,15,26.66666666666667
5,urdu,ng,AD4,sample,240,15,31.666666666666664
5,urdu,ng,AD4,person,240,15,20.833333333333336
5,urdu,ng,ADX,sample,240,15,23.333333333333332
5,urdu,ng,ADX,person,240,15,20.0
5,urdu,ng,ZS+ADX,sample,240,15,24.166666666666668
5,urdu,ng,ZS+ADX,person,240,15,20.0
5,urdu,g,ZS,sample,240,15,46.666666666666664
5,urdu,g,ZS,person,240,15,34.166666666666664
5,urdu,g,AD4,sample,240,15,46.666666666666664
5,urdu,g,AD4,person,240,15,30.000000000000004
5,urdu,g,ADX,sample,240,15,46.666666666666664
5,urdu,g,ADX,person,240,15,40.0
5,urdu,g,ZS+ADX,sample,240,15,43.333333333333336
5,urdu,g,ZS+ADX,person,240,15,33.333333333333336
5,hindi,ng,ZS,sample,232,15,24.137931034482758
5,hindi,ng,ZS,person,232,15,13.793103448275868
5,hindi,ng,AD4,sample,232,15,25.0
5,hindi,ng,AD4,person,232,15,12.931034482758621
5,hindi,ng,ADX,sample,232,15,24.137931034482758
5,hindi,ng,ADX,person,232,15,20.68965517241379
5,hindi,ng,ZS+ADX,sample,232,15,23.275862068965512
5,hindi,ng,ZS+ADX,person,232,15,15.517241379310345
5,v1_english,ng,ZS,sample,240,15,28.333333333333332
5,v1_english,ng,ZS,person,240,15,19.999999999999996
5,v1_english,ng,AD4,sample,240,15,32.5
5,v1_english,ng,AD4,person,240,15,24.166666666666668
5,v1_english,ng,ADX,sample,240,15,32.49999999999999
5,v1_english,ng,ADX,person,240,15,28.333333333333332
5,v1_english,ng,ZS+ADX,sample,240,15,30.833333333333336
5,v1_english,ng,ZS+ADX,person,240,15,23.333333333333332
5,v2_english,ng,ZS,sample,235,15,25.423728813559322
5,v2_english,ng,ZS,person,235,15,18.64406779661017
5,v2_english,ng,AD4,sample,235,15,27.350427350427353
5,v2_english,ng,AD4,person,235,15,16.94915254237288
5,v2_english,ng,ADX,sample,235,15,27.966101694915253
5,v2_english,ng,ADX,person,235,15,23.728813559322035
5,v2_english,ng,ZS+ADX,sample,235,15,27.966101694915253
5,v2_english,ng,ZS+ADX,person,235,15,18.64406779661017
