split,arm,target,protocol,level,eer,n_train_rows,sec
1,A,v4_en,ng,sample,27.23333333333333,3473,43
1,A,v4_en,ng,cluster,16.53333333333333,3473,43
1,A,v4_en,g,sample,34.8,3473,43
1,A,v4_en,g,cluster,23.433333333333334,3473,43
1,A,urdu,ng,sample,31.799999999999994,3473,43
1,A,urdu,ng,person,28.333333333333332,3473,43
1,A,urdu,g,sample,42.03333333333333,3473,43
1,A,urdu,g,person,35.16666666666667,3473,43
1,A,hindi,ng,sample,34.73333333333334,3473,43
1,A,hindi,ng,person,31.499999999999993,3473,43
1,B1,v4_en,ng,sample,31.166666666666664,10948,77
1,B1,v4_en,ng,cluster,24.3,10948,77
1,B1,v4_en,g,sample,37.86666666666667,10948,77
1,B1,v4_en,g,cluster,33.900000000000006,10948,77
1,B1,urdu,ng,sample,29.96666666666667,10948,77
1,B1,urdu,ng,person,24.233333333333334,10948,77
1,B1,urdu,g,sample,40.56666666666666,10948,77
1,B1,urdu,g,person,43.03333333333333,10948,77
1,B1,hindi,ng,sample,32.63333333333333,10948,77
1,B1,hindi,ng,person,24.36666666666667,10948,77
1,B2,v4_en,ng,sample,28.1,11999,88
1,B2,v4_en,ng,cluster,20.5,11999,88
1,B2,v4_en,g,sample,36.233333333333334,11999,88
1,B2,v4_en,g,cluster,31.699999999999996,11999,88
1,B2,urdu,ng,sample,31.4,11999,88
1,B2,urdu,ng,person,26.3,11999,88
1,B2,urdu,g,sample,44.766666666666666,11999,88
1,B2,urdu,g,person,40.166666666666664,11999,88
1,B2,hindi,ng,sample,31.766666666666666,11999,88
1,B2,hindi,ng,person,25.166666666666664,11999,88
1,B3,v4_en,ng,sample,28.133333333333333,19474,111
1,B3,v4_en,ng,cluster,20.200000000000003,19474,111
1,B3,v4_en,g,sample,35.46666666666667,19474,111
1,B3,v4_en,g,cluster,28.633333333333333,19474,111
1,B3,urdu,ng,sample,28.433333333333334,19474,111
1,B3,urdu,ng,person,20.96666666666667,19474,111
1,B3,urdu,g,sample,41.06666666666666,19474,111
1,B3,urdu,g,person,37.766666666666666,19474,111
1,B3,hindi,ng,sample,32.7,19474,111
1,B3,hindi,ng,person,29.233333333333334,19474,111
1,AP,v4_en,ng,sample,27.133333333333333,3473,28
1,AP,v4_en,ng,cluster,15.833333333333332,3473,28
1,AP,v4_en,g,sample,34.166666666666664,3473,28
1,AP,v4_en,g,cluster,22.9,3473,28
1,AP,urdu,ng,sample,32.1,3473,28
1,AP,urdu,ng,person,27.73333333333333,3473,28
1,AP,urdu,g,sample,41.766666666666666,3473,28
1,AP,urdu,g,person,35.13333333333334,3473,28
1,AP,hindi,ng,sample,35.8,3473,28
1,AP,hindi,ng,person,30.333333333333336,3473,28
1,B3P,v4_en,ng,sample,26.900000000000002,19474,64
1,B3P,v4_en,ng,cluster,17.566666666666666,19474,64
1,B3P,v4_en,g,sample,34.03333333333333,19474,64
1,B3P,v4_en,g,cluster,25.566666666666666,19474,64
1,B3P,urdu,ng,sample,27.133333333333333,19474,64
1,B3P,urdu,ng,person,23.466666666666665,19474,64
1,B3P,urdu,g,sample,40.833333333333336,19474,64
1,B3P,urdu,g,person,38.2,19474,64
1,B3P,hindi,ng,sample,31.7,19474,64
1,B3P,hindi,ng,person,30.033333333333335,19474,64
2,A,v4_en,ng,sample,32.699999999999996,3742,50
2,A,v4_en,ng,cluster,24.133333333333333,3742,50
2,A,v4_en,g,sample,39.6,3742,50
2,A,v4_en,g,cluster,34.3,3742,50
2,A,urdu,ng,sample,37.53333333333334,3742,50
2,A,urdu,ng,person,33.266666666666666,3742,50
2,A,urdu,g,sample,41.63333333333333,3742,50
2,A,urdu,g,person,36.6,3742,50
2,A,hindi,ng,sample,35.16666666666667,3742,50
2,A,hindi,ng,person,28.900000000000002,3742,50
2,B1,v4_en,ng,sample,29.333333333333332,11399,78
2,B1,v4_en,ng,cluster,21.099999999999998,11399,78
2,B1,v4_en,g,sample,37.93333333333334,11399,78
2,B1,v4_en,g,cluster,28.96666666666667,11399,78
2,B1,urdu,ng,sample,36.53333333333333,11399,78
2,B1,urdu,ng,person,33.53333333333333,11399,78
2,B1,urdu,g,sample,43.53333333333333,11399,78
2,B1,urdu,g,person,43.333333333333336,11399,78
2,B1,hindi,ng,sample,39.16666666666667,11399,78
2,B1,hindi,ng,person,39.6,11399,78
2,B2,v4_en,ng,sample,30.400000000000006,12177,85
2,B2,v4_en,ng,cluster,22.766666666666666,12177,85
2,B2,v4_en,g,sample,37.3,12177,85
2,B2,v4_en,g,cluster,34.93333333333333,12177,85
2,B2,urdu,ng,sample,36.333333333333336,12177,85
2,B2,urdu,ng,person,28.300000000000004,12177,85
2,B2,urdu,g,sample,40.5,12177,85
2,B2,urdu,g,person,35.16666666666667,12177,85
2,B2,hindi,ng,sample,34.63333333333333,12177,85
2,B2,hindi,ng,person,30.333333333333336,12177,85
2,B3,v4_en,ng,sample,28.633333333333333,19834,121
2,B3,v4_en,ng,cluster,22.466666666666665,19834,121
2,B3,v4_en,g,sample,36.73333333333333,19834,121
2,B3,v4_en,g,cluster,31.3,19834,121
2,B3,urdu,ng,sample,33.300000000000004,19834,121
2,B3,urdu,ng,person,24.4,19834,121
2,B3,urdu,g,sample,38.766666666666666,19834,121
2,B3,urdu,g,person,36.16666666666667,19834,121
2,B3,hindi,ng,sample,35.9,19834,121
2,B3,hindi,ng,person,30.333333333333336,19834,121
2,AP,v4_en,ng,sample,33.166666666666664,3742,27
2,AP,v4_en,ng,cluster,24.033333333333335,3742,27
2,AP,v4_en,g,sample,39.7,3742,27
2,AP,v4_en,g,cluster,32.9,3742,27
2,AP,urdu,ng,sample,37.133333333333326,3742,27
2,AP,urdu,ng,person,28.46666666666666,3742,27
2,AP,urdu,g,sample,41.199999999999996,3742,27
2,AP,urdu,g,person,36.63333333333333,3742,27
2,AP,hindi,ng,sample,35.63333333333333,3742,27
2,AP,hindi,ng,person,28.900000000000002,3742,27
2,B3P,v4_en,ng,sample,27.366666666666667,19834,60
2,B3P,v4_en,ng,cluster,22.733333333333338,19834,60
2,B3P,v4_en,g,sample,36.5,19834,60
2,B3P,v4_en,g,cluster,30.800000000000004,19834,60
2,B3P,urdu,ng,sample,31.866666666666667,19834,60
2,B3P,urdu,ng,person,28.7,19834,60
2,B3P,urdu,g,sample,39.4,19834,60
2,B3P,urdu,g,person,36.266666666666666,19834,60
2,B3P,hindi,ng,sample,34.5,19834,60
2,B3P,hindi,ng,person,29.366666666666664,19834,60
3,A,v4_en,ng,sample,34.73333333333334,3705,46
3,A,v4_en,ng,cluster,34.43333333333334,3705,46
3,A,v4_en,g,sample,42.7,3705,46
3,A,v4_en,g,cluster,41.166666666666664,3705,46
3,A,urdu,ng,sample,33.53333333333333,3705,46
3,A,urdu,ng,person,27.566666666666666,3705,46
3,A,urdu,g,sample,44.56666666666666,3705,46
3,A,urdu,g,person,35.699999999999996,3705,46
3,A,hindi,ng,sample,34.03333333333334,3705,46
3,A,hindi,ng,person,29.133333333333333,3705,46
3,B1,v4_en,ng,sample,32.9,11158,75
3,B1,v4_en,ng,cluster,29.933333333333334,11158,75
3,B1,v4_en,g,sample,41.2,11158,75
3,B1,v4_en,g,cluster,34.833333333333336,11158,75
3,B1,urdu,ng,sample,33.03333333333334,11158,75
3,B1,urdu,ng,person,24.6,11158,75
3,B1,urdu,g,sample,44.06666666666666,11158,75
3,B1,urdu,g,person,42.13333333333333,11158,75
3,B1,hindi,ng,sample,30.7,11158,75
3,B1,hindi,ng,person,22.26666666666667,11158,75
3,B2,v4_en,ng,sample,32.03333333333334,12123,80
3,B2,v4_en,ng,cluster,30.000000000000004,12123,80
3,B2,v4_en,g,sample,40.0,12123,80
3,B2,v4_en,g,cluster,33.43333333333334,12123,80
3,B2,urdu,ng,sample,32.7,12123,80
3,B2,urdu,ng,person,23.9,12123,80
3,B2,urdu,g,sample,44.1,12123,80
3,B2,urdu,g,person,43.266666666666666,12123,80
3,B2,hindi,ng,sample,28.300000000000004,12123,80
3,B2,hindi,ng,person,19.53333333333333,12123,80
3,B3,v4_en,ng,sample,31.8,19576,113
3,B3,v4_en,ng,cluster,24.73333333333333,19576,113
3,B3,v4_en,g,sample,40.266666666666666,19576,113
3,B3,v4_en,g,cluster,34.96666666666667,19576,113
3,B3,urdu,ng,sample,32.766666666666666,19576,113
3,B3,urdu,ng,person,22.566666666666666,19576,113
3,B3,urdu,g,sample,45.33333333333333,19576,113
3,B3,urdu,g,person,42.93333333333334,19576,113
3,B3,hindi,ng,sample,27.333333333333332,19576,113
3,B3,hindi,ng,person,17.266666666666662,19576,113
3,AP,v4_en,ng,sample,34.9,3705,30
3,AP,v4_en,ng,cluster,29.333333333333332,3705,30
3,AP,v4_en,g,sample,42.56666666666667,3705,30
3,AP,v4_en,g,cluster,40.266666666666666,3705,30
3,AP,urdu,ng,sample,32.86666666666667,3705,30
3,AP,urdu,ng,person,21.53333333333334,3705,30
3,AP,urdu,g,sample,43.56666666666666,3705,30
3,AP,urdu,g,person,36.1,3705,30
3,AP,hindi,ng,sample,34.36666666666667,3705,30
3,AP,hindi,ng,person,29.000000000000004,3705,30
3,B3P,v4_en,ng,sample,30.266666666666666,19576,63
3,B3P,v4_en,ng,cluster,23.63333333333333,19576,63
3,B3P,v4_en,g,sample,39.366666666666674,19576,63
3,B3P,v4_en,g,cluster,33.83333333333333,19576,63
3,B3P,urdu,ng,sample,30.599999999999998,19576,63
3,B3P,urdu,ng,person,21.96666666666667,19576,63
3,B3P,urdu,g,sample,42.833333333333336,19576,63
3,B3P,urdu,g,person,35.16666666666667,19576,63
3,B3P,hindi,ng,sample,26.73333333333333,19576,63
3,B3P,hindi,ng,person,16.766666666666666,19576,63
4,A,v4_en,ng,sample,30.933333333333334,3857,49
4,A,v4_en,ng,cluster,26.666666666666668,3857,49
4,A,v4_en,g,sample,38.56666666666666,3857,49
4,A,v4_en,g,cluster,36.23333333333333,3857,49
4,A,urdu,ng,sample,34.13333333333333,3857,49
4,A,urdu,ng,person,26.333333333333332,3857,49
4,A,urdu,g,sample,42.6,3857,49
4,A,urdu,g,person,39.233333333333334,3857,49
4,A,hindi,ng,sample,29.633333333333333,3857,49
4,A,hindi,ng,person,19.866666666666667,3857,49
4,B1,v4_en,ng,sample,29.000000000000004,11490,94
4,B1,v4_en,ng,cluster,21.999999999999996,11490,94
4,B1,v4_en,g,sample,38.56666666666666,11490,94
4,B1,v4_en,g,cluster,32.56666666666666,11490,94
4,B1,urdu,ng,sample,32.4,11490,94
4,B1,urdu,ng,person,27.266666666666662,11490,94
4,B1,urdu,g,sample,41.6,11490,94
4,B1,urdu,g,person,36.9,11490,94
4,B1,hindi,ng,sample,25.166666666666664,11490,94
4,B1,hindi,ng,person,17.1,11490,94
4,B2,v4_en,ng,sample,32.43333333333334,12444,86
4,B2,v4_en,ng,cluster,28.76666666666667,12444,86
4,B2,v4_en,g,sample,40.46666666666667,12444,86
4,B2,v4_en,g,cluster,40.2,12444,86
4,B2,urdu,ng,sample,31.066666666666663,12444,86
4,B2,urdu,ng,person,22.53333333333333,12444,86
4,B2,urdu,g,sample,40.63333333333333,12444,86
4,B2,urdu,g,person,35.36666666666667,12444,86
4,B2,hindi,ng,sample,28.1,12444,86
4,B2,hindi,ng,person,22.133333333333333,12444,86
4,B3,v4_en,ng,sample,33.36666666666667,20077,113
4,B3,v4_en,ng,cluster,25.766666666666673,20077,113
4,B3,v4_en,g,sample,40.96666666666667,20077,113
4,B3,v4_en,g,cluster,34.699999999999996,20077,113
4,B3,urdu,ng,sample,29.333333333333332,20077,113
4,B3,urdu,ng,person,25.766666666666666,20077,113
4,B3,urdu,g,sample,38.63333333333333,20077,113
4,B3,urdu,g,person,36.06666666666667,20077,113
4,B3,hindi,ng,sample,27.1,20077,113
4,B3,hindi,ng,person,17.233333333333334,20077,113
4,AP,v4_en,ng,sample,31.666666666666664,3857,30
4,AP,v4_en,ng,cluster,26.36666666666667,3857,30
4,AP,v4_en,g,sample,38.96666666666667,3857,30
4,AP,v4_en,g,cluster,34.53333333333334,3857,30
4,AP,urdu,ng,sample,34.766666666666666,3857,30
4,AP,urdu,ng,person,24.0,3857,30
4,AP,urdu,g,sample,42.300000000000004,3857,30
4,AP,urdu,g,person,31.1,3857,30
4,AP,hindi,ng,sample,30.4,3857,30
4,AP,hindi,ng,person,24.16666666666667,3857,30
4,B3P,v4_en,ng,sample,29.733333333333334,20077,61
4,B3P,v4_en,ng,cluster,23.233333333333334,20077,61
4,B3P,v4_en,g,sample,38.43333333333333,20077,61
4,B3P,v4_en,g,cluster,29.300000000000004,20077,61
4,B3P,urdu,ng,sample,28.700000000000003,20077,61
4,B3P,urdu,ng,person,25.6,20077,61
4,B3P,urdu,g,sample,39.43333333333333,20077,61
4,B3P,urdu,g,person,37.0,20077,61
4,B3P,hindi,ng,sample,24.533333333333328,20077,61
4,B3P,hindi,ng,person,17.233333333333334,20077,61
5,A,v4_en,ng,sample,32.733333333333334,3790,45
5,A,v4_en,ng,cluster,27.266666666666666,3790,45
5,A,v4_en,g,sample,39.13333333333333,3790,45
5,A,v4_en,g,cluster,33.199999999999996,3790,45
5,A,urdu,ng,sample,41.93333333333334,3790,45
5,A,urdu,ng,person,38.26666666666667,3790,45
5,A,urdu,g,sample,49.8,3790,45
5,A,urdu,g,person,46.36666666666667,3790,45
5,A,hindi,ng,sample,38.0,3790,45
5,A,hindi,ng,person,33.900000000000006,3790,45
5,B1,v4_en,ng,sample,31.666666666666664,11524,73
5,B1,v4_en,ng,cluster,24.76666666666667,11524,73
5,B1,v4_en,g,sample,37.96666666666667,11524,73
5,B1,v4_en,g,cluster,34.233333333333334,11524,73
5,B1,urdu,ng,sample,41.36666666666667,11524,73
5,B1,urdu,ng,person,37.733333333333334,11524,73
5,B1,urdu,g,sample,50.46666666666666,11524,73
5,B1,urdu,g,person,47.766666666666666,11524,73
5,B1,hindi,ng,sample,31.966666666666665,11524,73
5,B1,hindi,ng,person,24.3,11524,73
5,B2,v4_en,ng,sample,32.06666666666666,12524,81
5,B2,v4_en,ng,cluster,29.299999999999997,12524,81
5,B2,v4_en,g,sample,39.26666666666667,12524,81
5,B2,v4_en,g,cluster,40.13333333333333,12524,81
5,B2,urdu,ng,sample,36.4,12524,81
5,B2,urdu,ng,person,30.466666666666665,12524,81
5,B2,urdu,g,sample,44.5,12524,81
5,B2,urdu,g,person,45.599999999999994,12524,81
5,B2,hindi,ng,sample,30.600000000000005,12524,81
5,B2,hindi,ng,person,19.566666666666666,12524,81
5,B3,v4_en,ng,sample,30.133333333333333,20258,168
5,B3,v4_en,ng,cluster,27.200000000000003,20258,168
5,B3,v4_en,g,sample,37.93333333333333,20258,168
5,B3,v4_en,g,cluster,32.1,20258,168
5,B3,urdu,ng,sample,36.6,20258,168
5,B3,urdu,ng,person,30.366666666666664,20258,168
5,B3,urdu,g,sample,44.39999999999999,20258,168
5,B3,urdu,g,person,42.9,20258,168
5,B3,hindi,ng,sample,31.333333333333336,20258,168
5,B3,hindi,ng,person,25.2,20258,168
5,AP,v4_en,ng,sample,33.0,3790,37
5,AP,v4_en,ng,cluster,28.03333333333333,3790,37
5,AP,v4_en,g,sample,38.4,3790,37
5,AP,v4_en,g,cluster,36.06666666666667,3790,37
5,AP,urdu,ng,sample,42.36666666666667,3790,37
5,AP,urdu,ng,person,38.46666666666667,3790,37
5,AP,urdu,g,sample,49.166666666666664,3790,37
5,AP,urdu,g,person,46.36666666666667,3790,37
5,AP,hindi,ng,sample,39.43333333333333,3790,37
5,AP,hindi,ng,person,39.4,3790,37
5,B3P,v4_en,ng,sample,29.733333333333334,20258,85
5,B3P,v4_en,ng,cluster,24.63333333333333,20258,85
5,B3P,v4_en,g,sample,37.36666666666667,20258,85
5,B3P,v4_en,g,cluster,34.699999999999996,20258,85
5,B3P,urdu,ng,sample,35.733333333333334,20258,85
5,B3P,urdu,ng,person,29.533333333333335,20258,85
5,B3P,urdu,g,sample,45.9,20258,85
5,B3P,urdu,g,person,45.599999999999994,20258,85
5,B3P,hindi,ng,sample,30.2,20258,85
5,B3P,hindi,ng,person,25.5,20258,85
